player,pos,team,games,rush_att,rush_yds,rush_avg,rush_tds,rec_tgt,rec,rec_yds,rec_yds_g,rec_avg,rec_tds,fumbles_lost,site_pts,site_fppg,src_id,data_src,id,bye,opp,draft_rank,misc_tds,misc_yds,pct_owned,return_tds,fumble_TD
Christian McCaffrey,RB,SF,1,16.9,89.5,5.3,0.6,7.5,5.7,56.4,56.4,9.9,0.3,0.1,18.2,18.2,2136743,CBS,13130,NA,NA,NA,NA,NA,NA,NA,NA
Jonathan Taylor,RB,IND,1,17.1,94.1,5.5,0.8,2.9,2.5,21.3,21.3,8.5,0.2,0.1,16.8,16.8,2866395,CBS,14802,NA,NA,NA,NA,NA,NA,NA,NA
De'Von Achane,RB,MIA,1,13.3,65.6,4.9,0.5,5.9,4.5,30,30,6.7,0.5,0.1,14.8,14.8,3171161,CBS,16167,NA,NA,NA,NA,NA,NA,NA,NA
Josh Jacobs,RB,GB,1,16,66.2,4.1,1,3,2.4,24.8,24.8,10.3,0,0.1,13.8,13.8,2257876,CBS,14073,NA,NA,NA,NA,NA,NA,NA,NA
Jahmyr Gibbs,RB,DET,1,14.1,70.6,5,0.7,4.2,3.5,28.1,28.1,8,0.1,0.1,13.6,13.6,3162723,CBS,16162,NA,NA,NA,NA,NA,NA,NA,NA
Kyren Williams,RB,LAR,1,16,71.4,4.5,0.7,3,2.3,17.8,17.8,7.7,0.3,0.2,13.6,13.6,3121836,CBS,15710,NA,NA,NA,NA,NA,NA,NA,NA
Bijan Robinson,RB,ATL,1,15.1,68.4,4.5,0.3,5.4,4.1,44.4,44.4,10.8,0.3,0.1,13.4,13.4,3168163,CBS,16161,NA,NA,NA,NA,NA,NA,NA,NA
Derrick Henry,RB,BAL,1,14.6,82,5.6,0.9,1.4,1,9,9,9,0,0.1,13.2,13.2,2061188,CBS,12626,NA,NA,NA,NA,NA,NA,NA,NA
James Cook,RB,BUF,1,16.6,87.1,5.3,0.6,2.4,2.1,15.6,15.6,7.4,0.1,0.1,13,13,2975698,CBS,15715,NA,NA,NA,NA,NA,NA,NA,NA
Zonovan Knight,RB,ARI,1,14.6,75.9,5.2,0.7,2,1.5,14.1,14.1,9.4,0.1,0.1,12.6,12.6,3121860,CBS,15727,NA,NA,NA,NA,NA,NA,NA,NA
D'Andre Swift,RB,CHI,1,14.1,72.9,5.2,0.5,3.5,2.7,25.9,25.9,9.6,0.1,0.1,12.4,12.4,2871710,CBS,14797,NA,NA,NA,NA,NA,NA,NA,NA
Kimani Vidal,RB,LAC,1,14.1,74,5.3,0.5,2.9,2.1,11.2,11.2,5.3,0.2,0.1,12,12,3163421,CBS,16757,NA,NA,NA,NA,NA,NA,NA,NA
Javonte Williams,RB,DAL,1,13.4,60.6,4.5,0.7,3,2.2,10.1,10.1,4.6,0.1,0.1,11.6,11.6,2961719,CBS,15256,NA,NA,NA,NA,NA,NA,NA,NA
Jaylen Warren,RB,PIT,1,14.6,69.2,4.7,0.3,4.7,3.9,33.2,33.2,8.5,0.1,0.1,11.2,11.2,3126535,CBS,15742,NA,NA,NA,NA,NA,NA,NA,NA
Ashton Jeanty,RB,LV,1,15,54.1,3.6,0.6,3,2.3,15.6,15.6,6.8,0.3,0.2,11,11,28874008,CBS,17042,NA,NA,NA,NA,NA,NA,NA,NA
Kenneth Walker III,RB,SEA,1,13,63.9,4.9,0.5,2.1,1.8,14.8,14.8,8.2,0,0.1,9.8,9.8,3121372,CBS,15711,NA,NA,NA,NA,NA,NA,NA,NA
Travis Etienne,RB,JAC,1,14.5,63.6,4.4,0.4,3.7,2.6,17.4,17.4,6.7,0.1,0.1,9.8,9.8,2809206,CBS,15253,NA,NA,NA,NA,NA,NA,NA,NA
Rico Dowdle,RB,CAR,1,13.1,60.1,4.6,0.3,2.1,1.6,11.5,11.5,7.2,0.1,0.1,9.2,9.2,2252798,CBS,14823,NA,NA,NA,NA,NA,NA,NA,NA
Jacory Croskey-Merritt,RB,WAS,1,12.4,52.9,4.3,0.5,1.8,1.2,10.3,10.3,8.6,0,0.3,8.4,8.4,3126952,CBS,17256,NA,NA,NA,NA,NA,NA,NA,NA
Chase Brown,RB,CIN,1,12,54.2,4.5,0.3,3.8,3.1,19.2,19.2,6.2,0.1,0.1,8.2,8.2,2965160,CBS,16181,NA,NA,NA,NA,NA,NA,NA,NA
Rhamondre Stevenson,RB,NE,1,12.4,48.4,3.9,0.6,2.5,2,16.5,16.5,8.3,0,0.3,8,8,3125832,CBS,15259,NA,NA,NA,NA,NA,NA,NA,NA
David Montgomery,RB,DET,1,10.4,44.8,4.3,0.5,1.5,1.3,11.5,11.5,8.9,0,0,8,8,2261252,CBS,14071,NA,NA,NA,NA,NA,NA,NA,NA
Alvin Kamara,RB,NO,1,13.2,48.9,3.7,0.3,4.3,3.6,23.1,23.1,6.4,0,0.1,7.6,7.6,2082721,CBS,13132,NA,NA,NA,NA,NA,NA,NA,NA
Zach Charbonnet,RB,SEA,1,10.3,38.3,3.7,0.6,2,1.6,12.7,12.7,7.9,0,0,7.6,7.6,3123810,CBS,16169,NA,NA,NA,NA,NA,NA,NA,NA
J.K. Dobbins,RB,DEN,1,13.4,61.8,4.6,0.3,1.2,0.9,3.8,3.8,4.2,0,0.1,7.6,7.6,2804420,CBS,14800,NA,NA,NA,NA,NA,NA,NA,NA
Woody Marks,RB,HOU,1,10.2,34.4,3.4,0.2,2.3,1.7,20.3,20.3,11.9,0.2,0.1,7.2,7.2,3171045,CBS,17053,NA,NA,NA,NA,NA,NA,NA,NA
Aaron Jones,RB,MIN,1,9.6,43.4,4.5,0.2,3,2.1,19.3,19.3,9.2,0.1,0.1,6.6,6.6,2071937,CBS,13319,NA,NA,NA,NA,NA,NA,NA,NA
Kareem Hunt,RB,KC,1,8.6,37,4.3,0.5,1.4,1.1,7.3,7.3,6.6,0.1,0,6.6,6.6,2079567,CBS,13138,NA,NA,NA,NA,NA,NA,NA,NA
Chuba Hubbard,RB,CAR,1,9.5,36,3.8,0.2,2.6,2,11.6,11.6,5.8,0.2,0,6.4,6.4,2865693,CBS,15261,NA,NA,NA,NA,NA,NA,NA,NA
Tony Pollard,RB,TEN,1,11.2,48.4,4.3,0.2,2.4,1.9,12,12,6.3,0,0.1,6,6,2184011,CBS,14085,NA,NA,NA,NA,NA,NA,NA,NA
Tyrone Tracy Jr.,RB,NYG,1,11.8,43.3,3.7,0.2,3.3,2.2,13.8,13.8,6.3,0,0.1,6,6,2963637,CBS,16747,NA,NA,NA,NA,NA,NA,NA,NA
Isiah Pacheco,RB,KC,1,10.6,49.8,4.7,0.2,2.4,1.8,8.7,8.7,4.8,0.1,0,5.8,5.8,2966551,CBS,15749,NA,NA,NA,NA,NA,NA,NA,NA
Tyjae Spears,RB,TEN,1,7.7,38.4,5,0.2,3.1,2.6,17.1,17.1,6.6,0.1,0,5.8,5.8,3122588,CBS,16165,NA,NA,NA,NA,NA,NA,NA,NA
Jordan Mason,RB,MIN,1,11,47.5,4.3,0.3,1.5,1.2,5.8,5.8,4.8,0,0.1,5.6,5.6,2967536,CBS,15972,NA,NA,NA,NA,NA,NA,NA,NA
RJ Harvey,RB,DEN,1,6.7,27.6,4.1,0.2,1.9,1.5,11.3,11.3,7.5,0.2,0,5.4,5.4,3121207,CBS,17068,NA,NA,NA,NA,NA,NA,NA,NA
Bhayshul Tuten,RB,JAC,1,5.8,22.6,3.9,0.2,1.5,1.2,10.8,10.8,9,0.1,0,4.8,4.8,26732838,CBS,17052,NA,NA,NA,NA,NA,NA,NA,NA
Nick Chubb,RB,HOU,1,9.9,33,3.3,0.3,1.6,1,5.9,5.9,5.9,0,0,4.8,4.8,2131579,CBS,13610,NA,NA,NA,NA,NA,NA,NA,NA
Kenneth Gainwell,RB,PIT,1,7,28.1,4,0.3,2.9,2.5,11.3,11.3,4.5,0,0.1,4.6,4.6,2968948,CBS,15255,NA,NA,NA,NA,NA,NA,NA,NA
Emanuel Wilson,RB,GB,1,7.8,38.7,5,0.2,1.3,1.1,7.8,7.8,7.1,0,0,4.2,4.2,29104952,CBS,16432,NA,NA,NA,NA,NA,NA,NA,NA
Kyle Monangai,RB,CHI,1,5.6,27.9,5,0.2,1.5,1.1,11.2,11.2,10.2,0,0,4.2,4.2,3177368,CBS,17066,NA,NA,NA,NA,NA,NA,NA,NA
TreVeyon Henderson,RB,NE,1,6.3,29,4.6,0.2,1.9,1.6,10.8,10.8,6.8,0,0.1,4,4,26699547,CBS,17043,NA,NA,NA,NA,NA,NA,NA,NA
Tyler Allgeier,RB,ATL,1,8.6,29.7,3.5,0.3,0.9,0.8,5.5,5.5,6.9,0,0,3.8,3.8,2975590,CBS,15712,NA,NA,NA,NA,NA,NA,NA,NA
Emari Demercado,RB,ARI,1,4,30.5,7.6,0.1,1.2,0.8,5.9,5.9,7.4,0.1,0.3,3.6,3.6,2964372,CBS,16385,NA,NA,NA,NA,NA,NA,NA,NA
Jaydon Blue,RB,DAL,1,4.9,20.2,4.1,0.2,1.2,1,8,8,8,0.1,0.1,3.6,3.6,28875227,CBS,17069,NA,NA,NA,NA,NA,NA,NA,NA
Keaton Mitchell,RB,BAL,1,4,31.4,7.9,0.1,0.5,0.5,4.4,4.4,8.8,0,0,3.6,3.6,3164710,CBS,16178,NA,NA,NA,NA,NA,NA,NA,NA
Blake Corum,RB,LAR,1,6,27.7,4.6,0.2,0.4,0.2,1.3,1.3,6.5,0,0,3.2,3.2,3169252,CBS,16593,NA,NA,NA,NA,NA,NA,NA,NA
Justice Hill,RB,BAL,1,3.3,18.5,5.6,0.1,2.3,1.8,15.4,15.4,8.6,0.1,0,3.2,3.2,2250388,CBS,14086,NA,NA,NA,NA,NA,NA,NA,NA
Jeremy McNichols,RB,WAS,1,3.3,20.1,6.1,0.2,1.4,1,8.4,8.4,8.4,0,0.1,3,3,2139987,CBS,13143,NA,NA,NA,NA,NA,NA,NA,NA
Samaje Perine,RB,CIN,1,4.6,29.4,6.4,0.2,1.4,1.2,9.9,9.9,8.3,0,0.2,2.8,2.8,2131148,CBS,13133,NA,NA,NA,NA,NA,NA,NA,NA
Ollie Gordon II,RB,MIA,1,5.6,19.9,3.6,0.2,0.7,0.5,3.5,3.5,7,0.1,0,2.8,2.8,28873887,CBS,17059,NA,NA,NA,NA,NA,NA,NA,NA
Raheem Mostert,RB,LV,1,5,17.7,3.5,0.2,1.2,1,7.2,7.2,7.2,0.1,0,2.8,2.8,2174957,CBS,12447,NA,NA,NA,NA,NA,NA,NA,NA
Brashard Smith,RB,KC,1,4.4,19.7,4.5,0.1,2.1,1.7,14.4,14.4,8.5,0,0,2.6,2.6,26694196,CBS,17049,NA,NA,NA,NA,NA,NA,NA,NA
Devin Singletary,RB,NYG,1,6.2,22.4,3.6,0.1,0.6,0.5,3,3,6,0,0,2.6,2.6,2241251,CBS,14080,NA,NA,NA,NA,NA,NA,NA,NA
Brian Robinson Jr.,RB,SF,1,5,25.9,5.2,0.1,0.4,0.4,2.8,2.8,7,0,0,2.6,2.6,2741207,CBS,15716,NA,NA,NA,NA,NA,NA,NA,NA
Hassan Haskins,RB,LAC,1,4.4,14.5,3.3,0.2,0.5,0.5,2.4,2.4,4.8,0,0.1,2,2,2968506,CBS,15720,NA,NA,NA,NA,NA,NA,NA,NA
Kyle Juszczyk,FB,SF,1,0.3,0.4,1.3,0,1.9,1.5,14.2,14.2,9.5,0.1,0,1.6,1.6,1683145,CBS,11367,NA,NA,NA,NA,NA,NA,NA,NA
Devin Neal,RB,NO,1,4,15,3.8,0.1,1.3,1.1,8.4,8.4,7.6,0,0,1.6,1.6,26703005,CBS,17046,NA,NA,NA,NA,NA,NA,NA,NA
Ameer Abdullah,RB,IND,1,1.9,10.6,5.6,0.1,0.6,0.5,3.9,3.9,7.8,0,0,1.6,1.6,1824308,CBS,12155,NA,NA,NA,NA,NA,NA,NA,NA
Ty Johnson,RB,BUF,1,2.9,13.2,4.6,0,1,0.6,6.3,6.3,10.5,0.1,0,1.6,1.6,2179323,CBS,14095,NA,NA,NA,NA,NA,NA,NA,NA
Chris Rodriguez Jr.,RB,WAS,1,2.6,10.6,4.1,0.1,0,0,0.1,0.1,0,0,0,1.6,1.6,2964667,CBS,16174,NA,NA,NA,NA,NA,NA,NA,NA
Isaac Guerendo,RB,SF,1,1.9,11.6,6.1,0.1,0.2,0.2,2.3,2.3,11.5,0,0,1.6,1.6,2964154,CBS,16688,NA,NA,NA,NA,NA,NA,NA,NA
Rasheen Ali,RB,BAL,1,1.4,7.2,5.1,0.1,0.1,0.1,0.7,0.7,7,0,0,0.6,0.6,3168797,CBS,16746,NA,NA,NA,NA,NA,NA,NA,NA
Craig Reynolds,RB,DET,1,2,8,4,0.1,0.1,0.1,1,1,10,0,0,0.6,0.6,3117134,CBS,14727,NA,NA,NA,NA,NA,NA,NA,NA
MarShawn Lloyd,RB,GB,1,2.1,8.9,4.2,0.1,0.1,0.1,0.8,0.8,8,0,0,0.6,0.6,3162514,CBS,16604,NA,NA,NA,NA,NA,NA,NA,NA
Ray Davis,RB,BUF,1,2.9,9.2,3.2,0,0.3,0.2,1.6,1.6,8,0.1,0,0.6,0.6,3123108,CBS,16603,NA,NA,NA,NA,NA,NA,NA,NA
Roschon Johnson,RB,CHI,1,2,9.3,4.7,0.1,0.3,0.2,1.6,1.6,8,0,0,0.6,0.6,3121395,CBS,16175,NA,NA,NA,NA,NA,NA,NA,NA
Phil Mafah,RB,DAL,1,1.7,7.3,4.3,0.1,0.2,0.2,1.5,1.5,7.5,0,0,0.6,0.6,26695049,CBS,17063,NA,NA,NA,NA,NA,NA,NA,NA
DJ Giddens,RB,IND,1,1.9,8.7,4.6,0.1,0.1,0.1,0.9,0.9,9,0,0,0.6,0.6,26695679,CBS,17060,NA,NA,NA,NA,NA,NA,NA,NA
Patrick Ricard,FB,BAL,1,0,0,0,0,0.5,0.3,2.9,2.9,9.7,0.1,0,0.6,0.6,2818911,CBS,13455,NA,NA,NA,NA,NA,NA,NA,NA
Elijah Mitchell,RB,KC,1,1.9,7.5,4,0.1,0.1,0.1,0.2,0.2,2,0,0,0.6,0.6,2819876,CBS,15263,NA,NA,NA,NA,NA,NA,NA,NA
Jarquez Hunter,RB,LAR,1,1.8,7.4,4.1,0.1,0.1,0.1,0.8,0.8,8,0,0,0.6,0.6,26700820,CBS,17064,NA,NA,NA,NA,NA,NA,NA,NA
Ty Chandler,RB,MIN,1,1.8,8.1,4.5,0.1,0.1,0.1,1,1,10,0,0,0.6,0.6,2867472,CBS,15723,NA,NA,NA,NA,NA,NA,NA,NA
Jordan James,RB,SF,1,1.9,9.5,5,0.1,0.2,0.2,1.7,1.7,8.5,0,0,0.6,0.6,28916212,CBS,17055,NA,NA,NA,NA,NA,NA,NA,NA
Tyler Badie,RB,DEN,1,2.5,11.5,4.6,0,1.1,0.7,6.4,6.4,9.1,0,0.3,0.4,0.4,2964494,CBS,15718,NA,NA,NA,NA,NA,NA,NA,NA
Bijan Robinson,RB,ATL,NA,14,59,NA,0,7,6,54,NA,NA,0,NA,NA,NA,4430807,ESPN,16161,NA,NA,NA,NA,NA,NA,NA,NA
Saquon Barkley,RB,PHI,NA,NA,NA,NA,NA,NA,NA,NA,NA,NA,NA,NA,NA,NA,3929630,ESPN,13604,NA,NA,NA,NA,NA,NA,NA,NA
Jahmyr Gibbs,RB,DET,NA,17,82,NA,1,3,3,26,NA,NA,0,NA,NA,NA,4429795,ESPN,16162,NA,NA,NA,NA,NA,NA,NA,NA
Christian McCaffrey,RB,SF,NA,18,88,NA,1,8,6,56,NA,NA,0,NA,NA,NA,3117251,ESPN,13130,NA,NA,NA,NA,NA,NA,NA,NA
Ashton Jeanty,RB,LV,NA,20,79,NA,0,3,3,19,NA,NA,0,NA,NA,NA,4890973,ESPN,17042,NA,NA,NA,NA,NA,NA,NA,NA
De'Von Achane,RB,MIA,NA,15,76,NA,0,7,6,44,NA,NA,0,NA,NA,NA,4429160,ESPN,16167,NA,NA,NA,NA,NA,NA,NA,NA
Jonathan Taylor,RB,IND,NA,19,94,NA,1,4,3,26,NA,NA,0,NA,NA,NA,4242335,ESPN,14802,NA,NA,NA,NA,NA,NA,NA,NA
Josh Jacobs,RB,GB,NA,18,72,NA,1,3,3,22,NA,NA,0,NA,NA,NA,4047365,ESPN,14073,NA,NA,NA,NA,NA,NA,NA,NA
Derrick Henry,RB,BAL,NA,17,85,NA,1,2,1,13,NA,NA,0,NA,NA,NA,3043078,ESPN,12626,NA,NA,NA,NA,NA,NA,NA,NA
Bucky Irving,RB,TB,NA,NA,NA,NA,NA,NA,NA,NA,NA,NA,NA,NA,NA,NA,4596448,ESPN,16598,NA,NA,NA,NA,NA,NA,NA,NA
Chase Brown,RB,CIN,NA,12,55,NA,0,3,3,17,NA,NA,0,NA,NA,NA,4362238,ESPN,16181,NA,NA,NA,NA,NA,NA,NA,NA
Kyren Williams,RB,LAR,NA,18,78,NA,1,3,3,18,NA,NA,0,NA,NA,NA,4430737,ESPN,15710,NA,NA,NA,NA,NA,NA,NA,NA
James Cook III,RB,BUF,NA,18,84,NA,1,2,2,13,NA,NA,0,NA,NA,NA,4379399,ESPN,15715,NA,NA,NA,NA,NA,NA,NA,NA
Omarion Hampton,RB,LAC,NA,NA,NA,NA,NA,NA,NA,NA,NA,NA,NA,NA,NA,NA,4685382,ESPN,17044,NA,NA,NA,NA,NA,NA,NA,NA
Alvin Kamara,RB,NO,NA,13,50,NA,0,5,3,22,NA,NA,0,NA,NA,NA,3054850,ESPN,13132,NA,NA,NA,NA,NA,NA,NA,NA
Chuba Hubbard,RB,CAR,NA,11,41,NA,0,2,2,11,NA,NA,0,NA,NA,NA,4241416,ESPN,15261,NA,NA,NA,NA,NA,NA,NA,NA
James Conner,RB,ARI,NA,NA,NA,NA,NA,NA,NA,NA,NA,NA,NA,NA,NA,NA,3045147,ESPN,13146,NA,NA,NA,NA,NA,NA,NA,NA
TreVeyon Henderson,RB,NE,NA,10,42,NA,0,2,1,9,NA,NA,0,NA,NA,NA,4432710,ESPN,17043,NA,NA,NA,NA,NA,NA,NA,NA
Kenneth Walker III,RB,SEA,NA,14,61,NA,1,2,1,11,NA,NA,0,NA,NA,NA,4567048,ESPN,15711,NA,NA,NA,NA,NA,NA,NA,NA
Breece Hall,RB,NYJ,NA,NA,NA,NA,NA,NA,NA,NA,NA,NA,NA,NA,NA,NA,4427366,ESPN,15708,NA,NA,NA,NA,NA,NA,NA,NA
D'Andre Swift,RB,CHI,NA,14,71,NA,1,3,2,20,NA,NA,0,NA,NA,NA,4259545,ESPN,14797,NA,NA,NA,NA,NA,NA,NA,NA
Tony Pollard,RB,TEN,NA,11,49,NA,0,3,2,13,NA,NA,0,NA,NA,NA,3916148,ESPN,14085,NA,NA,NA,NA,NA,NA,NA,NA
David Montgomery,RB,DET,NA,13,53,NA,1,2,2,17,NA,NA,0,NA,NA,NA,4035538,ESPN,14071,NA,NA,NA,NA,NA,NA,NA,NA
Aaron Jones Sr.,RB,MIN,NA,8,34,NA,0,4,3,24,NA,NA,0,NA,NA,NA,3042519,ESPN,13319,NA,NA,NA,NA,NA,NA,NA,NA
RJ Harvey,RB,DEN,NA,5,20,NA,0,3,2,13,NA,NA,0,NA,NA,NA,4568490,ESPN,17068,NA,NA,NA,NA,NA,NA,NA,NA
Isiah Pacheco,RB,KCC,NA,NA,NA,NA,NA,NA,NA,NA,NA,NA,NA,NA,NA,NA,4361529,ESPN,15749,NA,NA,NA,NA,NA,NA,NA,NA
Tyrone Tracy Jr.,RB,NYG,NA,16,65,NA,0,4,3,21,NA,NA,0,NA,NA,NA,4360516,ESPN,16747,NA,NA,NA,NA,NA,NA,NA,NA
Jaylen Warren,RB,PIT,NA,15,66,NA,0,4,3,25,NA,NA,0,NA,NA,NA,4569987,ESPN,15742,NA,NA,NA,NA,NA,NA,NA,NA
Jacory Croskey-Merritt,RB,WAS,NA,14,50,NA,1,1,1,8,NA,NA,0,NA,NA,NA,4575131,ESPN,17256,NA,NA,NA,NA,NA,NA,NA,NA
Austin Ekeler,RB,WAS,NA,NA,NA,NA,NA,NA,NA,NA,NA,NA,NA,NA,NA,NA,3068267,ESPN,13404,NA,NA,NA,NA,NA,NA,NA,NA
J.K. Dobbins,RB,DEN,NA,14,65,NA,0,2,1,8,NA,NA,0,NA,NA,NA,4241985,ESPN,14800,NA,NA,NA,NA,NA,NA,NA,NA
Rhamondre Stevenson,RB,NE,NA,15,61,NA,1,2,2,14,NA,NA,0,NA,NA,NA,4569173,ESPN,15259,NA,NA,NA,NA,NA,NA,NA,NA
Javonte Williams,RB,DAL,NA,16,69,NA,1,4,3,16,NA,NA,0,NA,NA,NA,4361579,ESPN,15256,NA,NA,NA,NA,NA,NA,NA,NA
Kaleb Johnson,RB,PIT,NA,NA,NA,NA,NA,NA,NA,NA,NA,NA,NA,NA,NA,NA,4819231,ESPN,17048,NA,NA,NA,NA,NA,NA,NA,NA
Cam Skattebo,RB,NYG,NA,NA,NA,NA,NA,NA,NA,NA,NA,NA,NA,NA,NA,NA,4696981,ESPN,17045,NA,NA,NA,NA,NA,NA,NA,NA
Jordan Mason,RB,MIN,NA,9,37,NA,0,1,1,5,NA,NA,0,NA,NA,NA,4360569,ESPN,15972,NA,NA,NA,NA,NA,NA,NA,NA
Travis Etienne Jr.,RB,JAC,NA,14,60,NA,0,3,3,19,NA,NA,0,NA,NA,NA,4239996,ESPN,15253,NA,NA,NA,NA,NA,NA,NA,NA
Tank Bigsby,RB,PHI,NA,NA,NA,NA,NA,NA,NA,NA,NA,NA,NA,NA,NA,NA,4429013,ESPN,16164,NA,NA,NA,NA,NA,NA,NA,NA
Bhayshul Tuten,RB,JAC,NA,6,23,NA,0,1,1,5,NA,NA,0,NA,NA,NA,4882093,ESPN,17052,NA,NA,NA,NA,NA,NA,NA,NA
Zach Charbonnet,RB,SEA,NA,11,46,NA,1,2,2,12,NA,NA,0,NA,NA,NA,4426385,ESPN,16169,NA,NA,NA,NA,NA,NA,NA,NA
Nick Chubb,RB,HOU,NA,11,41,NA,0,2,1,11,NA,NA,0,NA,NA,NA,3128720,ESPN,13610,NA,NA,NA,NA,NA,NA,NA,NA
Jerome Ford,RB,CLE,NA,NA,NA,NA,NA,NA,NA,NA,NA,NA,NA,NA,NA,NA,4372019,ESPN,15713,NA,NA,NA,NA,NA,NA,NA,NA
Trey Benson,RB,ARI,NA,NA,NA,NA,NA,NA,NA,NA,NA,NA,NA,NA,NA,NA,4429275,ESPN,16594,NA,NA,NA,NA,NA,NA,NA,NA
Rachaad White,RB,TB,NA,NA,NA,NA,NA,NA,NA,NA,NA,NA,NA,NA,NA,NA,4697815,ESPN,15721,NA,NA,NA,NA,NA,NA,NA,NA
Jaydon Blue,RB,DAL,NA,7,29,NA,0,1,1,4,NA,NA,0,NA,NA,NA,4685279,ESPN,17069,NA,NA,NA,NA,NA,NA,NA,NA
Tyler Allgeier,RB,ATL,NA,7,24,NA,0,1,1,6,NA,NA,0,NA,NA,NA,4373626,ESPN,15712,NA,NA,NA,NA,NA,NA,NA,NA
Braelon Allen,RB,NYJ,NA,NA,NA,NA,NA,NA,NA,NA,NA,NA,NA,NA,NA,NA,4685247,ESPN,16596,NA,NA,NA,NA,NA,NA,NA,NA
Najee Harris,RB,LAC,NA,NA,NA,NA,NA,NA,NA,NA,NA,NA,NA,NA,NA,NA,4241457,ESPN,15254,NA,NA,NA,NA,NA,NA,NA,NA
Dylan Sampson,RB,CLE,NA,NA,NA,NA,NA,NA,NA,NA,NA,NA,NA,NA,NA,NA,5081397,ESPN,17047,NA,NA,NA,NA,NA,NA,NA,NA
Quinshon Judkins,RB,CLE,NA,NA,NA,NA,NA,NA,NA,NA,NA,NA,NA,NA,NA,NA,4685702,ESPN,17051,NA,NA,NA,NA,NA,NA,NA,NA
Joe Mixon,RB,HOU,NA,NA,NA,NA,NA,NA,NA,NA,NA,NA,NA,NA,NA,NA,3116385,ESPN,13131,NA,NA,NA,NA,NA,NA,NA,NA
Ray Davis,RB,BUF,NA,2,7,NA,0,1,1,5,NA,NA,0,NA,NA,NA,4429501,ESPN,16603,NA,NA,NA,NA,NA,NA,NA,NA
Will Shipley,RB,PHI,NA,NA,NA,NA,NA,NA,NA,NA,NA,NA,NA,NA,NA,NA,4431545,ESPN,16601,NA,NA,NA,NA,NA,NA,NA,NA
Ollie Gordon II,RB,MIA,NA,5,19,NA,0,1,1,4,NA,NA,0,NA,NA,NA,4711533,ESPN,17059,NA,NA,NA,NA,NA,NA,NA,NA
Woody Marks,RB,HOU,NA,10,36,NA,0,3,2,18,NA,NA,0,NA,NA,NA,4429059,ESPN,17053,NA,NA,NA,NA,NA,NA,NA,NA
Dameon Pierce,RB,HOU,NA,NA,NA,NA,NA,NA,NA,NA,NA,NA,NA,NA,NA,NA,4360238,ESPN,15717,NA,NA,NA,NA,NA,NA,NA,NA
Kendre Miller,RB,NO,NA,NA,NA,NA,NA,NA,NA,NA,NA,NA,NA,NA,NA,NA,4599739,ESPN,16171,NA,NA,NA,NA,NA,NA,NA,NA
Brian Robinson Jr.,RB,SF,NA,6,28,NA,0,1,1,4,NA,NA,0,NA,NA,NA,4241474,ESPN,15716,NA,NA,NA,NA,NA,NA,NA,NA
Justice Hill,RB,BAL,NA,2,9,NA,0,4,3,23,NA,NA,0,NA,NA,NA,4038441,ESPN,14086,NA,NA,NA,NA,NA,NA,NA,NA
Tyjae Spears,RB,TEN,NA,8,38,NA,0,3,2,17,NA,NA,0,NA,NA,NA,4428557,ESPN,16165,NA,NA,NA,NA,NA,NA,NA,NA
Rico Dowdle,RB,CAR,NA,13,59,NA,0,2,2,12,NA,NA,0,NA,NA,NA,4038815,ESPN,14823,NA,NA,NA,NA,NA,NA,NA,NA
Miles Sanders,RB,DAL,NA,NA,NA,NA,NA,NA,NA,NA,NA,NA,NA,NA,NA,NA,4045163,ESPN,14079,NA,NA,NA,NA,NA,NA,NA,NA
Roschon Johnson,RB,CHI,NA,1,4,NA,0,NA,NA,NA,NA,NA,NA,NA,NA,NA,4426386,ESPN,16175,NA,NA,NA,NA,NA,NA,NA,NA
Kareem Hunt,RB,KCC,NA,9,41,NA,0,2,2,10,NA,NA,0,NA,NA,NA,3059915,ESPN,13138,NA,NA,NA,NA,NA,NA,NA,NA
Blake Corum,RB,LAR,NA,7,28,NA,0,1,1,5,NA,NA,0,NA,NA,NA,4429096,ESPN,16593,NA,NA,NA,NA,NA,NA,NA,NA
MarShawn Lloyd,RB,GB,NA,NA,NA,NA,NA,NA,NA,NA,NA,NA,NA,NA,NA,NA,4429023,ESPN,16604,NA,NA,NA,NA,NA,NA,NA,NA
DJ Giddens,RB,IND,NA,NA,NA,NA,NA,NA,NA,NA,NA,NA,NA,NA,NA,NA,4874509,ESPN,17060,NA,NA,NA,NA,NA,NA,NA,NA
Samaje Perine,RB,CIN,NA,8,40,NA,0,2,1,11,NA,NA,0,NA,NA,NA,3116389,ESPN,13133,NA,NA,NA,NA,NA,NA,NA,NA
Kenneth Gainwell,RB,PIT,NA,7,27,NA,0,4,3,19,NA,NA,0,NA,NA,NA,4371733,ESPN,15255,NA,NA,NA,NA,NA,NA,NA,NA
Jaylen Wright,RB,MIA,NA,3,14,NA,0,1,1,4,NA,NA,0,NA,NA,NA,4682745,ESPN,16610,NA,NA,NA,NA,NA,NA,NA,NA
Ty Johnson,RB,BUF,NA,2,6,NA,0,1,1,7,NA,NA,0,NA,NA,NA,3915411,ESPN,14095,NA,NA,NA,NA,NA,NA,NA,NA
Kyle Monangai,RB,CHI,NA,8,39,NA,0,2,1,11,NA,NA,0,NA,NA,NA,4608686,ESPN,17066,NA,NA,NA,NA,NA,NA,NA,NA
Devin Neal,RB,NO,NA,1,6,NA,0,1,1,5,NA,NA,0,NA,NA,NA,4682652,ESPN,17046,NA,NA,NA,NA,NA,NA,NA,NA
Elijah Mitchell,RB,KCC,NA,4,20,NA,0,0,0,2,NA,NA,0,NA,NA,NA,4241555,ESPN,15263,NA,NA,NA,NA,NA,NA,NA,NA
Raheem Mostert,RB,LV,NA,3,13,NA,0,1,1,6,NA,NA,0,NA,NA,NA,2576414,ESPN,12447,NA,NA,NA,NA,NA,NA,NA,NA
Isaac Guerendo,RB,SF,NA,NA,NA,NA,NA,NA,NA,NA,NA,NA,NA,NA,NA,NA,4372561,ESPN,16688,NA,NA,NA,NA,NA,NA,NA,NA
Jarquez Hunter,RB,LAR,NA,NA,NA,NA,NA,NA,NA,NA,NA,NA,NA,NA,NA,NA,4710341,ESPN,17064,NA,NA,NA,NA,NA,NA,NA,NA
Chris Rodriguez Jr.,RB,WAS,NA,3,10,NA,0,NA,NA,NA,NA,NA,NA,NA,NA,NA,4362619,ESPN,16174,NA,NA,NA,NA,NA,NA,NA,NA
Emanuel Wilson,RB,GB,NA,7,31,NA,0,2,1,10,NA,NA,0,NA,NA,NA,4887558,ESPN,16432,NA,NA,NA,NA,NA,NA,NA,NA
Sean Tucker,RB,TB,NA,NA,NA,NA,NA,NA,NA,NA,NA,NA,NA,NA,NA,NA,4430871,ESPN,16166,NA,NA,NA,NA,NA,NA,NA,NA
Emari Demercado,RB,ARI,NA,1,8,NA,0,1,1,8,NA,NA,0,NA,NA,NA,4362478,ESPN,16385,NA,NA,NA,NA,NA,NA,NA,NA
Isaiah Davis,RB,NYJ,NA,NA,NA,NA,NA,NA,NA,NA,NA,NA,NA,NA,NA,NA,4695404,ESPN,16752,NA,NA,NA,NA,NA,NA,NA,NA
Kalel Mullings,RB,TEN,NA,NA,NA,NA,NA,NA,NA,NA,NA,NA,NA,NA,NA,NA,4429121,ESPN,17050,NA,NA,NA,NA,NA,NA,NA,NA
Keaton Mitchell,RB,BAL,NA,1,7,NA,0,0,0,1,NA,NA,0,NA,NA,NA,4596334,ESPN,16178,NA,NA,NA,NA,NA,NA,NA,NA
Kyle Juszczyk,RB,SF,NA,0,1,NA,0,1,1,8,NA,NA,0,NA,NA,NA,16002,ESPN,11367,NA,NA,NA,NA,NA,NA,NA,NA
Chris Brooks,RB,GB,NA,NA,NA,NA,NA,1,0,3,NA,NA,0,NA,NA,NA,3149687,ESPN,16387,NA,NA,NA,NA,NA,NA,NA,NA
Trevor Etienne,RB,CAR,NA,NA,NA,NA,NA,NA,NA,NA,NA,NA,NA,NA,NA,NA,4685350,ESPN,17056,NA,NA,NA,NA,NA,NA,NA,NA
Alec Ingold,RB,MIA,NA,0,1,NA,0,1,1,5,NA,NA,0,NA,NA,NA,3917668,ESPN,14420,NA,NA,NA,NA,NA,NA,NA,NA
Brashard Smith,RB,KCC,NA,5,25,NA,0,3,2,18,NA,NA,0,NA,NA,NA,4596602,ESPN,17049,NA,NA,NA,NA,NA,NA,NA,NA
Jaleel McLaughlin,RB,DEN,NA,NA,NA,NA,NA,NA,NA,NA,NA,NA,NA,NA,NA,NA,4722893,ESPN,16390,NA,NA,NA,NA,NA,NA,NA,NA
Zamir White,RB,LV,NA,NA,NA,NA,NA,NA,NA,NA,NA,NA,NA,NA,NA,NA,4361777,ESPN,15714,NA,NA,NA,NA,NA,NA,NA,NA
Tahj Brooks,RB,CIN,NA,NA,NA,NA,NA,NA,NA,NA,NA,NA,NA,NA,NA,NA,4429299,ESPN,17058,NA,NA,NA,NA,NA,NA,NA,NA
Devin Singletary,RB,NYG,NA,6,24,NA,0,2,1,8,NA,NA,0,NA,NA,NA,4040761,ESPN,14080,NA,NA,NA,NA,NA,NA,NA,NA
Dare Ogunbowale,RB,HOU,NA,NA,NA,NA,NA,1,0,4,NA,NA,0,NA,NA,NA,2983509,ESPN,13148,NA,NA,NA,NA,NA,NA,NA,NA
Hunter Luepke,RB,DAL,NA,0,1,NA,0,1,1,4,NA,NA,0,NA,NA,NA,4383396,ESPN,16391,NA,NA,NA,NA,NA,NA,NA,NA
AJ Dillon,RB,PHI,NA,NA,NA,NA,NA,NA,NA,NA,NA,NA,NA,NA,NA,NA,4239934,ESPN,14805,NA,NA,NA,NA,NA,NA,NA,NA
Julius Chestnut,RB,TEN,NA,NA,NA,NA,NA,NA,NA,NA,NA,NA,NA,NA,NA,NA,4367567,ESPN,15965,NA,NA,NA,NA,NA,NA,NA,NA
Tyler Goodson,RB,IND,NA,NA,NA,NA,NA,NA,NA,NA,NA,NA,NA,NA,NA,NA,4429676,ESPN,15730,NA,NA,NA,NA,NA,NA,NA,NA
LeQuint Allen Jr.,RB,JAC,NA,0,2,NA,0,1,1,3,NA,NA,0,NA,NA,NA,4911851,ESPN,17061,NA,NA,NA,NA,NA,NA,NA,NA
Jeremy McNichols,RB,WAS,NA,2,6,NA,0,4,3,20,NA,NA,0,NA,NA,NA,3127586,ESPN,13143,NA,NA,NA,NA,NA,NA,NA,NA
Christian McCaffrey,RB,SF,NA,16.9,83.4,NA,0.6,NA,5.6,51.6,NA,NA,0.4,0.1,19.1,NA,16393,FantasyPros,13130,NA,NA,NA,NA,NA,NA,NA,NA
Jonathan Taylor,RB,IND,NA,18.5,92.1,NA,1.1,NA,2.9,21.8,NA,NA,0.2,0.1,18.7,NA,19217,FantasyPros,14802,NA,NA,NA,NA,NA,NA,NA,NA
Jahmyr Gibbs,RB,DET,NA,15.6,76.5,NA,0.8,NA,3.4,27.6,NA,NA,0.2,0.1,16,NA,22968,FantasyPros,16162,NA,NA,NA,NA,NA,NA,NA,NA
Josh Jacobs,RB,GB,NA,17.3,72,NA,1,NA,2.3,21,NA,NA,0.1,0.1,15.7,NA,18269,FantasyPros,14073,NA,NA,NA,NA,NA,NA,NA,NA
De'Von Achane,RB,MIA,NA,14.1,67.1,NA,0.4,NA,5.1,35.4,NA,NA,0.4,0.1,14.9,NA,23136,FantasyPros,16167,NA,NA,NA,NA,NA,NA,NA,NA
Bijan Robinson,RB,ATL,NA,15,69.5,NA,0.4,NA,4.6,44,NA,NA,0.2,0.1,14.9,NA,23133,FantasyPros,16161,NA,NA,NA,NA,NA,NA,NA,NA
James Cook III,RB,BUF,NA,17.5,84.6,NA,0.6,NA,2.2,17.7,NA,NA,0.1,0.1,14.7,NA,22958,FantasyPros,15715,NA,NA,NA,NA,NA,NA,NA,NA
Derrick Henry,RB,BAL,NA,15.8,83.9,NA,0.8,NA,1.1,10.4,NA,NA,0.1,0.1,14.6,NA,15514,FantasyPros,12626,NA,NA,NA,NA,NA,NA,NA,NA
Kyren Williams,RB,LAR,NA,16.5,75,NA,0.7,NA,2.4,17.1,NA,NA,0.2,0.1,14.1,NA,23059,FantasyPros,15710,NA,NA,NA,NA,NA,NA,NA,NA
Javonte Williams,RB,DAL,NA,16,72.5,NA,0.7,NA,2.8,14,NA,NA,0.1,0.1,13.4,NA,22739,FantasyPros,15256,NA,NA,NA,NA,NA,NA,NA,NA
D'Andre Swift,RB,CHI,NA,14.8,69.4,NA,0.6,NA,2.5,21.8,NA,NA,0.1,0.1,13.3,NA,19210,FantasyPros,14797,NA,NA,NA,NA,NA,NA,NA,NA
Ashton Jeanty,RB,LV,NA,17.4,72.3,NA,0.5,NA,2.3,16.4,NA,NA,0.2,0.1,12.8,NA,25989,FantasyPros,17042,NA,NA,NA,NA,NA,NA,NA,NA
Kimani Vidal,RB,LAC,NA,16,72.5,NA,0.5,NA,1.9,12.8,NA,NA,0.1,0.1,12.2,NA,26355,FantasyPros,16757,NA,NA,NA,NA,NA,NA,NA,NA
Jaylen Warren,RB,PIT,NA,13.7,62.7,NA,0.3,NA,3.2,24.6,NA,NA,0.1,0.1,11.4,NA,24209,FantasyPros,15742,NA,NA,NA,NA,NA,NA,NA,NA
Travis Etienne Jr.,RB,JAC,NA,15.3,66,NA,0.4,NA,2.3,16.3,NA,NA,0.1,0.1,11,NA,19231,FantasyPros,15253,NA,NA,NA,NA,NA,NA,NA,NA
Chase Brown,RB,CIN,NA,13,56.2,NA,0.4,NA,3,19.5,NA,NA,0.1,0.1,10.6,NA,25324,FantasyPros,16181,NA,NA,NA,NA,NA,NA,NA,NA
Kenneth Walker III,RB,SEA,NA,13.3,58.7,NA,0.5,NA,1.7,13.6,NA,NA,0.1,0.1,10.4,NA,23021,FantasyPros,15711,NA,NA,NA,NA,NA,NA,NA,NA
Rhamondre Stevenson,RB,NE,NA,12.7,52.8,NA,0.5,NA,2.1,16,NA,NA,0.1,0.2,10.1,NA,22726,FantasyPros,15259,NA,NA,NA,NA,NA,NA,NA,NA
Tyrone Tracy Jr.,RB,NYG,NA,14.4,58.8,NA,0.3,NA,2.5,18.5,NA,NA,0.1,0.1,10.1,NA,22980,FantasyPros,16747,NA,NA,NA,NA,NA,NA,NA,NA
J.K. Dobbins,RB,DEN,NA,14.2,64.6,NA,0.4,NA,1.4,7.5,NA,NA,0.1,0.1,9.9,NA,19245,FantasyPros,14800,NA,NA,NA,NA,NA,NA,NA,NA
Jacory Croskey-Merritt,RB,WAS,NA,13,55,NA,0.5,NA,1.3,10.8,NA,NA,0.1,0.2,9.5,NA,27316,FantasyPros,17256,NA,NA,NA,NA,NA,NA,NA,NA
David Montgomery,RB,DET,NA,11.4,45.5,NA,0.5,NA,1.6,13.8,NA,NA,0,0,9.4,NA,18239,FantasyPros,14071,NA,NA,NA,NA,NA,NA,NA,NA
Zach Charbonnet,RB,SEA,NA,10.7,43.1,NA,0.6,NA,1.4,11.6,NA,NA,0.1,0,9,NA,23152,FantasyPros,16169,NA,NA,NA,NA,NA,NA,NA,NA
Rico Dowdle,RB,CAR,NA,13.5,59,NA,0.3,NA,1.7,11.7,NA,NA,0.1,0.1,8.9,NA,19647,FantasyPros,14823,NA,NA,NA,NA,NA,NA,NA,NA
Alvin Kamara,RB,NO,NA,14.6,52.9,NA,0.2,NA,3.3,20.1,NA,NA,0.1,0.1,8.7,NA,16421,FantasyPros,13132,NA,NA,NA,NA,NA,NA,NA,NA
Zonovan Knight,RB,ARI,NA,9.5,47.5,NA,0.4,NA,1.3,10.8,NA,NA,0.1,0.1,8.6,NA,24901,FantasyPros,15727,NA,NA,NA,NA,NA,NA,NA,NA
Woody Marks,RB,HOU,NA,10.8,40.1,NA,0.3,NA,2.2,19.3,NA,NA,0.1,0.1,8.3,NA,27520,FantasyPros,17053,NA,NA,NA,NA,NA,NA,NA,NA
Tony Pollard,RB,TEN,NA,12,50.7,NA,0.2,NA,1.9,11.7,NA,NA,0,0.1,7.6,NA,18705,FantasyPros,14085,NA,NA,NA,NA,NA,NA,NA,NA
Isiah Pacheco,RB,KC,NA,9.9,46,NA,0.3,NA,1.6,9.5,NA,NA,0.1,0,7.6,NA,24333,FantasyPros,15749,NA,NA,NA,NA,NA,NA,NA,NA
Aaron Jones Sr.,RB,MIN,NA,9.1,40.8,NA,0.2,NA,2.4,18.5,NA,NA,0.1,0.1,7.6,NA,16673,FantasyPros,13319,NA,NA,NA,NA,NA,NA,NA,NA
Tyjae Spears,RB,TEN,NA,7.5,36.2,NA,0.2,NA,2.2,14.7,NA,NA,0.1,0,6.8,NA,25323,FantasyPros,16165,NA,NA,NA,NA,NA,NA,NA,NA
TreVeyon Henderson,RB,NE,NA,8.6,35.2,NA,0.2,NA,1.7,12.9,NA,NA,0.1,0.1,6.5,NA,23065,FantasyPros,17043,NA,NA,NA,NA,NA,NA,NA,NA
Kenneth Gainwell,RB,PIT,NA,7.4,30.7,NA,0.3,NA,2.4,13.6,NA,NA,0.1,0.1,6.5,NA,23310,FantasyPros,15255,NA,NA,NA,NA,NA,NA,NA,NA
Jordan Mason,RB,MIN,NA,9.1,42.1,NA,0.3,NA,0.9,5.7,NA,NA,0,0.1,6.5,NA,22969,FantasyPros,15972,NA,NA,NA,NA,NA,NA,NA,NA
Nick Chubb,RB,HOU,NA,10,39.7,NA,0.3,NA,1.1,7.8,NA,NA,0,0,6.4,NA,17246,FantasyPros,13610,NA,NA,NA,NA,NA,NA,NA,NA
Chuba Hubbard,RB,CAR,NA,9.8,35.9,NA,0.2,NA,1.5,8.3,NA,NA,0.1,0,6,NA,19792,FantasyPros,15261,NA,NA,NA,NA,NA,NA,NA,NA
Samaje Perine,RB,CIN,NA,6.5,35.2,NA,0.2,NA,1.3,10.1,NA,NA,0,0.1,5.9,NA,16423,FantasyPros,13133,NA,NA,NA,NA,NA,NA,NA,NA
Kareem Hunt,RB,KC,NA,7,26.3,NA,0.3,NA,1,6.4,NA,NA,0.1,0,5.6,NA,16425,FantasyPros,13138,NA,NA,NA,NA,NA,NA,NA,NA
Michael Carter,RB,ARI,NA,5.6,28.1,NA,0.2,NA,1.7,11.7,NA,NA,0.1,0,5.6,NA,22728,FantasyPros,15258,NA,NA,NA,NA,NA,NA,NA,NA
Kyle Monangai,RB,CHI,NA,6.3,29.2,NA,0.2,NA,0.9,8.1,NA,NA,0,0,5.3,NA,27131,FantasyPros,17066,NA,NA,NA,NA,NA,NA,NA,NA
Tyler Allgeier,RB,ATL,NA,7.9,29.3,NA,0.3,NA,0.7,4.8,NA,NA,0,0,5.2,NA,24172,FantasyPros,15712,NA,NA,NA,NA,NA,NA,NA,NA
Blake Corum,RB,LAR,NA,7.5,30.4,NA,0.2,NA,0.7,5.2,NA,NA,0,0,5.1,NA,23013,FantasyPros,16593,NA,NA,NA,NA,NA,NA,NA,NA
Emanuel Wilson,RB,GB,NA,5.9,28.6,NA,0.2,NA,1.2,8.8,NA,NA,0.1,0,5.1,NA,25885,FantasyPros,16432,NA,NA,NA,NA,NA,NA,NA,NA
RJ Harvey,RB,DEN,NA,5.9,22.8,NA,0.2,NA,1.6,11,NA,NA,0.1,0,4.9,NA,27142,FantasyPros,17068,NA,NA,NA,NA,NA,NA,NA,NA
Justice Hill,RB,BAL,NA,2.7,13.6,NA,0.1,NA,2.5,21.1,NA,NA,0.1,0,4.8,NA,18256,FantasyPros,14086,NA,NA,NA,NA,NA,NA,NA,NA
Bhayshul Tuten,RB,JAC,NA,5.7,23.2,NA,0.2,NA,0.9,7.7,NA,NA,0.1,0,4.6,NA,27297,FantasyPros,17052,NA,NA,NA,NA,NA,NA,NA,NA
Devin Singletary,RB,NYG,NA,6.5,28.1,NA,0.2,NA,0.9,5.8,NA,NA,0,0,4.5,NA,18280,FantasyPros,14080,NA,NA,NA,NA,NA,NA,NA,NA
Ollie Gordon II,RB,MIA,NA,5.3,21.3,NA,0.2,NA,0.9,6.6,NA,NA,0.1,0,4.1,NA,25984,FantasyPros,17059,NA,NA,NA,NA,NA,NA,NA,NA
Hassan Haskins,RB,LAC,NA,5.6,22.1,NA,0.2,NA,0.8,5.8,NA,NA,0,0.1,4,NA,23798,FantasyPros,15720,NA,NA,NA,NA,NA,NA,NA,NA
Jaydon Blue,RB,DAL,NA,5.5,20.9,NA,0.2,NA,0.7,5.5,NA,NA,0.1,0.1,3.8,NA,24344,FantasyPros,17069,NA,NA,NA,NA,NA,NA,NA,NA
Jeremy McNichols,RB,WAS,NA,2.8,13.4,NA,0.1,NA,1.7,12.3,NA,NA,0.1,0,3.6,NA,16445,FantasyPros,13143,NA,NA,NA,NA,NA,NA,NA,NA
Brashard Smith,RB,KC,NA,3.7,15.5,NA,0.1,NA,1.5,11.4,NA,NA,0.1,0,3.6,NA,27259,FantasyPros,17049,NA,NA,NA,NA,NA,NA,NA,NA
Brian Robinson Jr.,RB,SF,NA,5.4,22.3,NA,0.1,NA,0.4,3.3,NA,NA,0,0,3.4,NA,20094,FantasyPros,15716,NA,NA,NA,NA,NA,NA,NA,NA
Raheem Mostert,RB,LV,NA,3.9,16.8,NA,0.2,NA,0.7,5,NA,NA,0,0,3.3,NA,14338,FantasyPros,12447,NA,NA,NA,NA,NA,NA,NA,NA
Emari Demercado,RB,ARI,NA,2.7,15.8,NA,0.1,NA,1.3,8.8,NA,NA,0.1,0.1,3.3,NA,25654,FantasyPros,16385,NA,NA,NA,NA,NA,NA,NA,NA
Devin Neal,RB,NO,NA,3.2,15.9,NA,0.1,NA,0.8,5.9,NA,NA,0,0,2.8,NA,23682,FantasyPros,17046,NA,NA,NA,NA,NA,NA,NA,NA
Ty Johnson,RB,BUF,NA,2.1,11.1,NA,0,NA,0.8,7.9,NA,NA,0.1,0,2.6,NA,18406,FantasyPros,14095,NA,NA,NA,NA,NA,NA,NA,NA
Ameer Abdullah,RB,IND,NA,2,9.4,NA,0.1,NA,0.6,3.9,NA,NA,0,0,2,NA,13924,FantasyPros,12155,NA,NA,NA,NA,NA,NA,NA,NA
Ray Davis,RB,BUF,NA,2.2,9,NA,0.1,NA,0.5,4,NA,NA,0.1,0,2,NA,26191,FantasyPros,16603,NA,NA,NA,NA,NA,NA,NA,NA
Keaton Mitchell,RB,BAL,NA,2.4,12.5,NA,0.1,NA,0.3,2.6,NA,NA,0,0,1.9,NA,25360,FantasyPros,16178,NA,NA,NA,NA,NA,NA,NA,NA
Chris Rodriguez Jr.,RB,WAS,NA,2.7,10.1,NA,0.1,NA,0.1,0.4,NA,NA,0,0,1.5,NA,22986,FantasyPros,16174,NA,NA,NA,NA,NA,NA,NA,NA
MarShawn Lloyd,RB,GB,NA,1.7,7.4,NA,0.1,NA,0.4,2.5,NA,NA,0,0,1.5,NA,23118,FantasyPros,16604,NA,NA,NA,NA,NA,NA,NA,NA
Phil Mafah,RB,DAL,NA,1.7,7.3,NA,0.1,NA,0.2,1.5,NA,NA,0,0,1.5,NA,22928,FantasyPros,17063,NA,NA,NA,NA,NA,NA,NA,NA
Kyle Juszczyk,RB,SF,NA,0.4,1.4,NA,0,NA,1,8.9,NA,NA,0.1,0,1.4,NA,11798,FantasyPros,11367,NA,NA,NA,NA,NA,NA,NA,NA
LeQuint Allen Jr.,RB,JAC,NA,1,5.7,NA,0,NA,0.7,5.3,NA,NA,0,0,1.4,NA,27285,FantasyPros,17061,NA,NA,NA,NA,NA,NA,NA,NA
Jaylen Wright,RB,MIA,NA,2.5,8.6,NA,0,NA,0.3,1.8,NA,NA,0,0,1.4,NA,25987,FantasyPros,16610,NA,NA,NA,NA,NA,NA,NA,NA
Tyler Badie,RB,DEN,NA,1.4,6.2,NA,0,NA,0.8,6.1,NA,NA,0,0.1,1.3,NA,23812,FantasyPros,15718,NA,NA,NA,NA,NA,NA,NA,NA
Chris Brooks,RB,GB,NA,1.3,5.9,NA,0,NA,0.5,3.7,NA,NA,0,0,1.2,NA,25823,FantasyPros,16387,NA,NA,NA,NA,NA,NA,NA,NA
Roschon Johnson,RB,CHI,NA,1.4,5.1,NA,0.1,NA,0.1,0.8,NA,NA,0,0,1,NA,25322,FantasyPros,16175,NA,NA,NA,NA,NA,NA,NA,NA
Kaleb Johnson,RB,PIT,NA,1.8,6.1,NA,0,NA,0.1,0.8,NA,NA,0,0,0.9,NA,27165,FantasyPros,17048,NA,NA,NA,NA,NA,NA,NA,NA
Isaac Guerendo,RB,SF,NA,1.2,5.2,NA,0,NA,0.1,1.1,NA,NA,0,0,0.9,NA,26392,FantasyPros,16688,NA,NA,NA,NA,NA,NA,NA,NA
Zavier Scott,RB,MIN,NA,1.5,5.8,NA,0,NA,0.2,1.6,NA,NA,0,0,0.9,NA,25748,FantasyPros,17337,NA,NA,NA,NA,NA,NA,NA,NA
George Holani,RB,SEA,NA,1.2,4.5,NA,0,NA,0.3,2.1,NA,NA,0,0,0.8,NA,22915,FantasyPros,16608,NA,NA,NA,NA,NA,NA,NA,NA
Ty Chandler,RB,MIN,NA,0.9,4.1,NA,0.1,NA,0.1,0.5,NA,NA,0,0,0.8,NA,19471,FantasyPros,15723,NA,NA,NA,NA,NA,NA,NA,NA
DJ Giddens,RB,IND,NA,1,4,NA,0,NA,0,0.4,NA,NA,0,0,0.7,NA,27097,FantasyPros,17060,NA,NA,NA,NA,NA,NA,NA,NA
Rasheen Ali,RB,BAL,NA,0.7,3.6,NA,0.1,NA,0.1,0.4,NA,NA,0,0,0.7,NA,25983,FantasyPros,16746,NA,NA,NA,NA,NA,NA,NA,NA
Julius Chestnut,RB,TEN,NA,0.8,4.5,NA,0,NA,0.1,1,NA,NA,0,0,0.7,NA,24689,FantasyPros,15965,NA,NA,NA,NA,NA,NA,NA,NA
Elijah Mitchell,RB,KC,NA,1,3.8,NA,0.1,NA,0.1,0.1,NA,NA,0,0,0.7,NA,22813,FantasyPros,15263,NA,NA,NA,NA,NA,NA,NA,NA
Trevor Etienne,RB,CAR,NA,1,4,NA,0,NA,0.3,1.7,NA,NA,0,0,0.7,NA,25393,FantasyPros,17056,NA,NA,NA,NA,NA,NA,NA,NA
Craig Reynolds,RB,DET,NA,1,3.7,NA,0,NA,0.1,0.7,NA,NA,0,0,0.6,NA,19074,FantasyPros,14727,NA,NA,NA,NA,NA,NA,NA,NA
Jarquez Hunter,RB,LAR,NA,0.9,3.5,NA,0,NA,0,0.4,NA,NA,0,0,0.6,NA,24335,FantasyPros,17064,NA,NA,NA,NA,NA,NA,NA,NA
Jaret Patterson,RB,LAC,NA,0.7,2.8,NA,0,NA,0.3,1.7,NA,NA,0,0,0.6,NA,20155,FantasyPros,15260,NA,NA,NA,NA,NA,NA,NA,NA
Jordan James,RB,SF,NA,1,3.4,NA,0,NA,0.1,0.7,NA,NA,0,0,0.6,NA,27310,FantasyPros,17055,NA,NA,NA,NA,NA,NA,NA,NA
Alec Ingold,RB,MIA,NA,0.3,0.9,NA,0,NA,0.5,4,NA,NA,0,0,0.6,NA,18571,FantasyPros,14420,NA,NA,NA,NA,NA,NA,NA,NA
Tahj Brooks,RB,CIN,NA,0.6,4.2,NA,0,NA,0.1,0.6,NA,NA,0,0,0.6,NA,26212,FantasyPros,17058,NA,NA,NA,NA,NA,NA,NA,NA
Dare Ogunbowale,RB,HOU,NA,0.5,2,NA,0,NA,0.3,2.4,NA,NA,0,0,0.5,NA,16879,FantasyPros,13148,NA,NA,NA,NA,NA,NA,NA,NA
Patrick Ricard,RB,BAL,NA,0,0,NA,0,NA,0.2,1.9,NA,NA,0.1,0,0.5,NA,17145,FantasyPros,13455,NA,NA,NA,NA,NA,NA,NA,NA
Hunter Luepke,RB,DAL,NA,0.4,1.4,NA,0,NA,0.4,2.8,NA,NA,0,0,0.5,NA,25941,FantasyPros,16391,NA,NA,NA,NA,NA,NA,NA,NA
Dylan Laube,RB,LV,NA,1.2,3,NA,0,NA,0.1,0.9,NA,NA,0,0,0.5,NA,26194,FantasyPros,16613,NA,NA,NA,NA,NA,NA,NA,NA
Jaleel McLaughlin,RB,DEN,NA,1,3.9,NA,0,NA,0.1,0.5,NA,NA,0,0,0.4,NA,25876,FantasyPros,16390,NA,NA,NA,NA,NA,NA,NA,NA
Zamir White,RB,LV,NA,0.8,3.2,NA,0,NA,0.1,0.6,NA,NA,0,0,0.4,NA,20095,FantasyPros,15714,NA,NA,NA,NA,NA,NA,NA,NA
British Brooks,RB,HOU,NA,0.9,3.5,NA,0,NA,0.1,0.6,NA,NA,0,0,0.4,NA,26748,FantasyPros,16816,NA,NA,NA,NA,NA,NA,NA,NA
Kalel Mullings,RB,TEN,NA,0.8,3.4,NA,0,NA,0.1,0.6,NA,NA,0,0,0.4,NA,27045,FantasyPros,17050,NA,NA,NA,NA,NA,NA,NA,NA
Tyler Goodson,RB,IND,NA,1,3.3,NA,0,NA,0.1,0.3,NA,NA,0,0,0.4,NA,22976,FantasyPros,15730,NA,NA,NA,NA,NA,NA,NA,NA
Eric Gray,RB,NYG,NA,0.9,1.5,NA,0,NA,0.1,0.9,NA,NA,0,0,0.2,NA,23075,FantasyPros,16173,NA,NA,NA,NA,NA,NA,NA,NA
C.J. Ham,RB,MIN,NA,0.1,0.5,NA,0,NA,0.3,1.5,NA,NA,0,0,0.2,NA,16209,FantasyPros,12923,NA,NA,NA,NA,NA,NA,NA,NA
Dameon Pierce,RB,HOU,NA,0.9,1.9,NA,0,NA,0,0.2,NA,NA,0,0,0.2,NA,22947,FantasyPros,15717,NA,NA,NA,NA,NA,NA,NA,NA
Adam Prentice,RB,DEN,NA,0.3,1.5,NA,0,NA,0.1,0.2,NA,NA,0,0,0.2,NA,23451,FantasyPros,15650,NA,NA,NA,NA,NA,NA,NA,NA
DeeJay Dallas,RB,CAR,NA,0.4,0.9,NA,0,NA,0.1,0.4,NA,NA,0,0,0.1,NA,19521,FantasyPros,14815,NA,NA,NA,NA,NA,NA,NA,NA
Sione Vaki,RB,DET,NA,0,0.2,NA,0,NA,0.1,1,NA,NA,0,0,0.1,NA,26309,FantasyPros,16678,NA,NA,NA,NA,NA,NA,NA,NA
Jakob Johnson,RB,HOU,NA,0.1,0.4,NA,0,NA,0.1,0.5,NA,NA,0,0,0.1,NA,18673,FantasyPros,14359,NA,NA,NA,NA,NA,NA,NA,NA
Christian McCaffrey,RB,SF,NA,16.9,83.4,NA,0.6,5.6,5.6,51.6,NA,NA,0.3,0.1,19.12,NA,12892,FleaFlicker,13130,4,@NYGSun 1:00 PM,RB3,1,135,99%,NA,NA
Jonathan Taylor,RB,IND,NA,18.5,92.2,NA,1.1,2.9,2.9,21.8,NA,NA,0.1,0.1,18.72,NA,15604,FleaFlicker,14802,1,@PITSun 1:00 PM,RB2,1.2,114,99%,NA,NA
Jahmyr Gibbs,RB,DET,NA,15.6,76.5,NA,0.8,3.4,3.4,27.6,NA,NA,0.2,0.1,16.01,NA,17612,FleaFlicker,16162,8,MINSun 1:00 PM,RB4,1,104,98%,NA,NA
Josh Jacobs,RB,GB,NA,17.3,72,NA,1,2.3,2.3,21,NA,NA,0.1,0.1,15.72,NA,14673,FleaFlicker,14073,5,CARSun 1:00 PM,RB5,1.1,93,98%,NA,NA
De'Von Achane,RB,MIA,NA,14.2,67.1,NA,0.4,5.1,5.1,35.4,NA,NA,0.4,0.1,14.93,NA,17617,FleaFlicker,16167,2,BALThu 8:15 PM,RB9,0.8,102.5,98%,NA,NA
Bijan Robinson,RB,ATL,NA,15,69.5,NA,0.4,4.6,4.6,44,NA,NA,0.2,0.1,14.89,NA,17603,FleaFlicker,16161,5,@NESun 1:00 PM,RB1,0.6,113.5,98%,NA,NA
James Cook,RB,BUF,NA,17.5,84.6,NA,0.7,2.2,2.2,17.8,NA,NA,0.1,0.1,14.67,NA,16839,FleaFlicker,15715,7,KCSun 4:25 PM,RB8,0.8,102.3,98%,NA,NA
Derrick Henry,RB,BAL,NA,15.8,83.9,NA,0.8,1.1,1.1,10.4,NA,NA,0.1,0.1,14.63,NA,12042,FleaFlicker,12626,7,@MIAThu 8:15 PM,RB6,0.9,94.3,98%,NA,NA
Kyren Williams,RB,LAR,NA,16.4,75,NA,0.7,2.4,2.4,17.1,NA,NA,0.2,0.1,14.16,NA,17004,FleaFlicker,15710,8,NOSun 4:05 PM,RB12,0.9,92.1,98%,NA,NA
Javonte Williams,RB,DAL,NA,16,72.5,NA,0.7,2.8,2.8,14,NA,NA,0.1,0.1,13.45,NA,16282,FleaFlicker,15256,0,ARIMon 8:15 PM,RB13,0.8,86.5,97%,NA,NA
D'Andre Swift,RB,CHI,NA,14.8,69.4,NA,0.6,2.5,2.5,21.8,NA,NA,0.1,0.1,13.34,NA,15601,FleaFlicker,14797,5,@CINSun 1:00 PM,RB20,0.7,91.2,96%,NA,NA
Ashton Jeanty,RB,LV,NA,17.4,72.3,NA,0.5,2.3,2.3,16.4,NA,NA,0.2,0.1,12.77,NA,19247,FleaFlicker,17042,8,JACSun 4:05 PM,RB10,0.7,88.7,95%,NA,NA
Kimani Vidal,RB,LAC,NA,16,72.5,NA,0.5,1.9,1.9,12.8,NA,NA,0.1,0.1,12.2,NA,18523,FleaFlicker,16757,2,@TENSun 1:00 PM,RB40,0.6,85.3,72%,NA,NA
Jaylen Warren,RB,PIT,NA,13.7,62.7,NA,0.3,3.2,3.2,24.6,NA,NA,0.1,0.1,11.45,NA,17137,FleaFlicker,15742,5,INDSun 1:00 PM,RB19,0.5,87.2,93%,NA,NA
Travis Etienne,RB,JAC,NA,15.3,66,NA,0.4,2.3,2.3,16.3,NA,NA,0.1,0.1,11.01,NA,16241,FleaFlicker,15253,8,@LVSun 4:05 PM,RB18,0.5,82.2,95%,NA,NA
Chase Brown,RB,CIN,NA,13,56.2,NA,0.4,3,3,19.5,NA,NA,0.1,0.1,10.59,NA,17756,FleaFlicker,16181,0,CHISun 1:00 PM,RB15,0.5,75.7,95%,NA,NA
Kenneth Walker,RB,SEA,NA,13.3,58.7,NA,0.5,1.7,1.7,13.6,NA,NA,0.1,0.1,10.39,NA,16890,FleaFlicker,15711,8,@WASSun 8:20 PM,RB21,0.6,72.3,95%,NA,NA
Rhamondre Stevenson,RB,NE,NA,12.7,52.8,NA,0.5,2.1,2.1,16,NA,NA,0.1,0.2,10.14,NA,16339,FleaFlicker,15259,4,ATLSun 1:00 PM,RB30,0.6,68.7,90%,NA,NA
Tyrone Tracy,RB,NYG,NA,14.4,58.8,NA,0.3,2.5,2.5,18.5,NA,NA,0.1,0.1,10.07,NA,18534,FleaFlicker,16747,4,SFSun 1:00 PM,RB32,0.4,77.3,70%,NA,NA
J.K. Dobbins,RB,DEN,NA,14.2,64.6,NA,0.4,1.4,1.4,7.5,NA,NA,0.1,0.1,9.87,NA,15555,FleaFlicker,14800,2,@HOUSun 1:00 PM,RB17,0.5,72.1,95%,NA,NA
David Montgomery,RB,DET,NA,11.4,45.5,NA,0.6,1.6,1.6,13.8,NA,NA,0.1,0,9.47,NA,14716,FleaFlicker,14071,8,MINSun 1:00 PM,RB22,0.6,59.3,96%,NA,NA
Jacory Croskey-Merritt,RB,WAS,NA,13,55,NA,0.5,1.4,1.4,10.8,NA,NA,0.1,0.1,9.46,NA,19509,FleaFlicker,17256,2,SEASun 8:20 PM,RB25,0.5,65.8,88%,NA,NA
Zach Charbonnet,RB,SEA,NA,10.7,43.1,NA,0.6,1.4,1.4,11.6,NA,NA,0.1,0,9.01,NA,17667,FleaFlicker,16169,8,@WASSun 8:20 PM,RB33,0.6,54.7,85%,NA,NA
Rico Dowdle,RB,CAR,NA,13.5,59,NA,0.2,1.8,1.8,11.7,NA,NA,0.1,0.1,8.95,NA,15904,FleaFlicker,14823,4,@GBSun 1:00 PM,RB27,0.3,70.7,91%,NA,NA
Alvin Kamara,RB,NO,NA,14.6,52.9,NA,0.2,3.3,3.3,20.1,NA,NA,0.1,0.1,8.72,NA,12965,FleaFlicker,13132,1,@LARSun 4:05 PM,RB24,0.3,73,96%,NA,NA
Bam Knight,RB,ARI,NA,9.5,47.5,NA,0.4,1.3,1.3,10.8,NA,NA,0.1,0.1,8.61,NA,17486,FleaFlicker,15727,8,@DALMon 8:15 PM,RB61,0.5,58.2,40%,NA,NA
Woody Marks,RB,HOU,NA,10.8,40.1,NA,0.3,2.2,2.2,19.4,NA,NA,0.1,0.1,8.33,NA,19351,FleaFlicker,17053,6,DENSun 1:00 PM,RB38,0.4,59.5,72%,NA,NA
Tony Pollard,RB,TEN,NA,12,50.7,NA,0.2,1.9,1.9,11.7,NA,NA,0,0.1,7.65,NA,14759,FleaFlicker,14085,0,LACSun 1:00 PM,RB29,0.3,62.4,93%,NA,NA
Aaron Jones,RB,MIN,NA,9.2,40.8,NA,0.2,2.4,2.4,18.5,NA,NA,0.1,0.1,7.59,NA,13111,FleaFlicker,13319,6,@DETSun 1:00 PM,RB36,0.3,59.3,88%,NA,NA
Isiah Pacheco,RB,KC,NA,9.9,46,NA,0.3,1.6,1.6,9.5,NA,NA,0.1,0,7.59,NA,17029,FleaFlicker,15749,0,@BUFSun 4:25 PM,RB31,0.3,55.5,90%,NA,NA
Tyjae Spears,RB,TEN,NA,7.5,36.2,NA,0.2,2.2,2.2,14.7,NA,NA,0.1,0,6.87,NA,17624,FleaFlicker,16165,0,LACSun 1:00 PM,RB46,0.3,50.9,66%,NA,NA
Kenneth Gainwell,RB,PIT,NA,7.4,30.7,NA,0.3,2.4,2.4,13.6,NA,NA,0.1,0.1,6.55,NA,16480,FleaFlicker,15255,5,INDSun 1:00 PM,RB47,0.4,44.2,62%,NA,NA
TreVeyon Henderson,RB,NE,NA,8.6,35.2,NA,0.2,1.8,1.8,12.9,NA,NA,0.1,0.1,6.55,NA,19272,FleaFlicker,17043,4,ATLSun 1:00 PM,RB34,0.3,48.1,85%,NA,NA
Jordan Mason,RB,MIN,NA,9.1,42.1,NA,0.3,0.9,0.9,5.7,NA,NA,0,0.1,6.5,NA,17167,FleaFlicker,15972,6,@DETSun 1:00 PM,RB26,0.3,47.9,93%,NA,NA
Nick Chubb,RB,HOU,NA,10,39.7,NA,0.2,1.1,1.1,7.8,NA,NA,0,0,6.43,NA,13802,FleaFlicker,13610,6,DENSun 1:00 PM,RB37,0.3,47.5,82%,NA,NA
Chuba Hubbard,RB,CAR,NA,9.8,35.9,NA,0.2,1.5,1.5,8.3,NA,NA,0.1,0,5.98,NA,16361,FleaFlicker,15261,4,@GBSun 1:00 PM,RB28,0.3,44.1,94%,NA,NA
Samaje Perine,RB,CIN,NA,6.5,35.2,NA,0.2,1.2,1.2,10.1,NA,NA,0.1,0.1,5.95,NA,13011,FleaFlicker,13133,0,CHISun 1:00 PM,RB77,0.3,45.4,19%,NA,NA
Kareem Hunt,RB,KC,NA,7,26.3,NA,0.3,1,1,6.4,NA,NA,0.1,0,5.63,NA,12934,FleaFlicker,13138,0,@BUFSun 4:25 PM,RB51,0.4,32.7,58%,NA,NA
Michael Carter,RB,ARI,NA,5.6,28.1,NA,0.2,1.7,1.7,11.7,NA,NA,0.1,0,5.58,NA,16618,FleaFlicker,15258,8,@DALMon 8:15 PM,RB72,0.3,39.7,39%,NA,NA
Kyle Monangai,RB,CHI,NA,6.3,29.2,NA,0.2,0.9,0.9,8.1,NA,NA,0,0,5.37,NA,19543,FleaFlicker,17066,5,@CINSun 1:00 PM,RB45,0.3,37.2,52%,NA,NA
Tyler Allgeier,RB,ATL,NA,7.8,29.3,NA,0.3,0.7,0.7,4.8,NA,NA,0,0,5.23,NA,16993,FleaFlicker,15712,5,@NESun 1:00 PM,RB41,0.3,34.2,72%,NA,NA
Blake Corum,RB,LAR,NA,7.5,30.4,NA,0.2,0.7,0.7,5.2,NA,NA,0,0,5.14,NA,18441,FleaFlicker,16593,8,NOSun 4:05 PM,RB49,0.3,35.6,42%,NA,NA
Emanuel Wilson,RB,GB,NA,5.9,28.6,NA,0.2,1.2,1.2,8.8,NA,NA,0.1,0,5.06,NA,18234,FleaFlicker,16432,5,CARSun 1:00 PM,RB78,0.2,37.4,22%,NA,NA
RJ Harvey,RB,DEN,NA,5.8,22.8,NA,0.2,1.6,1.6,11,NA,NA,0.1,0,4.96,NA,19290,FleaFlicker,17068,2,@HOUSun 1:00 PM,RB35,0.3,33.9,83%,NA,NA
Justice Hill,RB,BAL,NA,2.7,13.6,NA,0.1,2.5,2.5,21.1,NA,NA,0.1,0,4.79,NA,14767,FleaFlicker,14086,7,@MIAThu 8:15 PM,RB65,0.2,34.6,44%,NA,NA
Bhayshul Tuten,RB,JAC,NA,5.7,23.2,NA,0.2,0.9,0.9,7.7,NA,NA,0.1,0,4.61,NA,19349,FleaFlicker,17052,8,@LVSun 4:05 PM,RB43,0.3,30.9,56%,NA,NA
Devin Singletary,RB,NYG,NA,6.5,28.1,NA,0.2,0.9,0.9,5.8,NA,NA,0,0,4.53,NA,14736,FleaFlicker,14080,4,SFSun 1:00 PM,RB81,0.2,33.9,19%,NA,NA
Ollie Gordon,RB,MIA,NA,5.3,21.2,NA,0.2,0.9,0.9,6.6,NA,NA,0.1,0,4.19,NA,19380,FleaFlicker,17059,2,BALThu 8:15 PM,RB50,0.2,27.8,41%,NA,NA
OUTHassan Haskins,RB,LAC,NA,5.6,22.1,NA,0.2,0.8,0.8,5.8,NA,NA,0,0.1,3.98,NA,16913,FleaFlicker,15720,2,@TENSun 1:00 PM,RB66,0.2,27.9,25%,NA,NA
Jaydon Blue,RB,DAL,NA,5.5,20.9,NA,0.2,0.7,0.7,5.5,NA,NA,0.1,0.1,3.79,NA,19421,FleaFlicker,17069,0,ARIMon 8:15 PM,RB54,0.2,26.4,49%,NA,NA
Jeremy McNichols,RB,WAS,NA,2.8,13.4,NA,0.1,1.7,1.7,12.3,NA,NA,0.1,0.1,3.61,NA,12999,FleaFlicker,13143,2,SEASun 8:20 PM,RB59,0.2,25.7,26%,NA,NA
Brashard Smith,RB,KC,NA,3.7,15.4,NA,0.1,1.5,1.5,11.4,NA,NA,0.1,0,3.6,NA,19486,FleaFlicker,17049,0,@BUFSun 4:25 PM,RB48,0.2,26.9,41%,NA,NA
Brian Robinson,RB,SF,NA,5.4,22.4,NA,0.1,0.4,0.4,3.3,NA,NA,0,0,3.37,NA,16875,FleaFlicker,15716,4,@NYGSun 1:00 PM,RB42,0.1,25.6,63%,NA,NA
Raheem Mostert,RB,LV,NA,3.9,16.8,NA,0.1,0.7,0.7,5,NA,NA,0.1,0,3.36,NA,11455,FleaFlicker,12447,8,JACSun 4:05 PM,RB87,0.2,21.8,19%,NA,NA
Emari Demercado,RB,ARI,NA,2.7,15.8,NA,0.1,1.3,1.3,8.8,NA,NA,0.1,0.1,3.26,NA,17978,FleaFlicker,16385,8,@DALMon 8:15 PM,RB93,0.2,24.6,20%,NA,NA
Devin Neal,RB,NO,NA,3.2,15.9,NA,0.1,0.8,0.8,5.9,NA,NA,0,0,2.82,NA,19434,FleaFlicker,17046,1,@LARSun 4:05 PM,RB70,0.1,21.8,29%,NA,NA
Ty Johnson,RB,BUF,NA,2.1,11.1,NA,0.1,0.8,0.8,7.8,NA,NA,0.1,0,2.59,NA,14842,FleaFlicker,14095,7,KCSun 4:25 PM,RB76,0.1,18.9,12%,NA,NA
Ray Davis,RB,BUF,NA,2.2,9,NA,0.1,0.5,0.5,4,NA,NA,0.1,0,2,NA,18460,FleaFlicker,16603,7,KCSun 4:25 PM,RB52,0.1,13,50%,NA,NA
Ameer Abdullah,RB,IND,NA,2,9.4,NA,0.1,0.6,0.6,3.9,NA,NA,0,0,1.99,NA,11207,FleaFlicker,12155,1,@PITSun 1:00 PM,NA,0.1,13.4,4%,NA,NA
Keaton Mitchell,RB,BAL,NA,2.4,12.5,NA,0.1,0.3,0.3,2.6,NA,NA,0,0,1.87,NA,18174,FleaFlicker,16178,7,@MIAThu 8:15 PM,RB64,0.1,15.1,18%,NA,NA
Chris Rodriguez,RB,WAS,NA,2.7,10.1,NA,0.1,0.1,0.1,0.4,NA,NA,0,0,1.53,NA,17762,FleaFlicker,16174,2,SEASun 8:20 PM,RB56,0.1,10.5,21%,NA,NA
IRPhil Mafah,RB,DAL,NA,1.7,7.3,NA,0.1,0.2,0.2,1.5,NA,NA,0,0,1.48,NA,19507,FleaFlicker,17063,0,ARIMon 8:15 PM,RB91,0.1,8.8,11%,NA,NA
IRDMarShawn Lloyd,RB,GB,NA,1.7,7.3,NA,0.1,0.4,0.4,2.5,NA,NA,0,0,1.47,NA,18449,FleaFlicker,16604,5,CARSun 1:00 PM,RB79,0.1,9.8,27%,NA,NA
Kyle Juszczyk,RB,SF,NA,0.4,1.4,NA,0,1,1,8.9,NA,NA,0.1,0,1.43,NA,9410,FleaFlicker,11367,4,@NYGSun 1:00 PM,NA,0.1,10.4,5%,NA,NA
LeQuint Allen,RB,JAC,NA,1,5.7,NA,0,0.7,0.7,5.2,NA,NA,0,0,1.37,NA,19471,FleaFlicker,17061,8,@LVSun 4:05 PM,RB74,0.1,11,13%,NA,NA
Tyler Badie,RB,DEN,NA,1.4,6.2,NA,0,0.8,0.8,6.1,NA,NA,0,0.1,1.33,NA,16972,FleaFlicker,15718,2,@HOUSun 1:00 PM,RB84,0.1,12.3,6%,NA,NA
Jaylen Wright,RB,MIA,NA,2.5,8.6,NA,0,0.3,0.3,1.8,NA,NA,0,0,1.32,NA,18459,FleaFlicker,16610,2,BALThu 8:15 PM,RB82,0.1,10.4,30%,NA,NA
Chris Brooks,RB,GB,NA,1.3,5.9,NA,0,0.5,0.5,3.7,NA,NA,0,0,1.2,NA,18169,FleaFlicker,16387,5,CARSun 1:00 PM,RB86,0,9.6,6%,NA,NA
Kaleb Johnson,RB,PIT,NA,1.8,6.1,NA,0,0.1,0.1,0.8,NA,NA,0,0,0.99,NA,19300,FleaFlicker,17048,5,INDSun 1:00 PM,RB58,0.1,6.9,57%,NA,NA
OUTRoschon Johnson,RB,CHI,NA,1.4,5.1,NA,0.1,0.1,0.1,0.8,NA,NA,0,0,0.95,NA,17716,FleaFlicker,16175,5,@CINSun 1:00 PM,RB83,0.1,5.9,20%,NA,NA
Isaac Guerendo,RB,SF,NA,1.2,5.2,NA,0.1,0.1,0.1,1.1,NA,NA,0,0,0.93,NA,18482,FleaFlicker,16688,4,@NYGSun 1:00 PM,RB80,0.1,6.3,33%,NA,NA
Zavier Scott,RB,MIN,NA,1.5,5.8,NA,0,0.2,0.2,1.6,NA,NA,0,0,0.86,NA,18092,FleaFlicker,17337,6,@DETSun 1:00 PM,NA,0,7.4,15%,NA,NA
George Holani,RB,SEA,NA,1.2,4.5,NA,0,0.3,0.3,2.1,NA,NA,0,0,0.78,NA,18889,FleaFlicker,16608,8,@WASSun 8:20 PM,RB92,0,6.6,4%,NA,NA
IRTy Chandler,RB,MIN,NA,0.9,4,NA,0.1,0.1,0.1,0.5,NA,NA,0,0,0.76,NA,17020,FleaFlicker,15723,6,@DETSun 1:00 PM,NA,0.1,4.5,7%,NA,NA
Rasheen Ali,RB,BAL,NA,0.7,3.6,NA,0.1,0.1,0.1,0.3,NA,NA,0,0,0.7,NA,18527,FleaFlicker,16746,7,@MIAThu 8:15 PM,NA,0.1,4,6%,NA,NA
OUTElijah Mitchell,RB,KC,NA,0.9,3.8,NA,0.1,0.1,0.1,0.1,NA,NA,0,0,0.69,NA,13728,FleaFlicker,15263,0,@BUFSun 4:25 PM,RB96,0.1,3.9,9%,NA,NA
Trevor Etienne,RB,CAR,NA,1,4,NA,0,0.3,0.3,1.7,NA,NA,0,0,0.69,NA,19365,FleaFlicker,17056,4,@GBSun 1:00 PM,RB85,0,5.7,24%,NA,NA
Julius Chestnut,RB,TEN,NA,0.8,4.5,NA,0,0.1,0.1,1,NA,NA,0,0,0.68,NA,17227,FleaFlicker,15965,0,LACSun 1:00 PM,RB89,0,5.6,3%,NA,NA
OUTDJ Giddens,RB,IND,NA,0.9,4,NA,0,0.1,0.1,0.4,NA,NA,0,0,0.68,NA,19390,FleaFlicker,17060,1,@PITSun 1:00 PM,RB69,0,4.5,29%,NA,NA
Alec Ingold,RB,MIA,NA,0.3,0.9,NA,0,0.5,0.5,4,NA,NA,0,0,0.66,NA,15279,FleaFlicker,14420,2,BALThu 8:15 PM,NA,0,4.9,1%,NA,NA
Christian McCaffrey,RB,SF,NA,NA,80.69,NA,0.71,NA,5.38,48.82,NA,NA,0.39,0.11,24.71,NA,2557997,NFL,13130,NA,NA,NA,NA,NA,NA,NA,NA
Jonathan Taylor,RB,IND,NA,NA,87.5,NA,1.1,NA,3.38,24.83,NA,NA,0.19,0.09,22.17,NA,2564148,NFL,14802,NA,NA,NA,NA,NA,NA,NA,NA
Jahmyr Gibbs,RB,DET,NA,NA,72.97,NA,0.86,NA,3.61,27.77,NA,NA,0.26,0.09,20.22,NA,2569747,NFL,16162,NA,NA,NA,NA,NA,NA,NA,NA
Josh Jacobs,RB,GB,NA,NA,78.85,NA,1.18,NA,2.23,19.49,NA,NA,0.12,0.09,19.68,NA,2562377,NFL,14073,NA,NA,NA,NA,NA,NA,NA,NA
Bijan Robinson,RB,ATL,NA,NA,74.67,NA,0.37,NA,4.51,38.27,NA,NA,0.27,0.08,19.48,NA,2569558,NFL,16161,NA,NA,NA,NA,NA,NA,NA,NA
De'Von Achane,RB,MIA,NA,NA,57.14,NA,0.27,NA,5.54,34.88,NA,NA,0.5,0.08,19.2,NA,2570062,NFL,16167,NA,NA,NA,NA,NA,NA,NA,NA
Javonte Williams,RB,DAL,NA,NA,81.15,NA,0.79,NA,3.08,15.12,NA,NA,0.16,0.11,18.19,NA,2566049,NFL,15256,NA,NA,NA,NA,NA,NA,NA,NA
Kyren Williams,RB,LAR,NA,NA,83.66,NA,0.75,NA,2.27,15.01,NA,NA,0.18,0.1,17.52,NA,2567862,NFL,15710,NA,NA,NA,NA,NA,NA,NA,NA
Derrick Henry,RB,BAL,NA,NA,89.53,NA,0.96,NA,1.03,9.28,NA,NA,0.09,0.09,17.03,NA,2556075,NFL,12626,NA,NA,NA,NA,NA,NA,NA,NA
Ashton Jeanty,RB,LV,NA,NA,81.25,NA,0.53,NA,2.63,19.25,NA,NA,0.21,0.08,16.96,NA,2574298,NFL,17042,NA,NA,NA,NA,NA,NA,NA,NA
James Cook,RB,BUF,NA,NA,76.09,NA,0.64,NA,2.55,19.29,NA,NA,0.19,0.09,16.89,NA,2567328,NFL,15715,NA,NA,NA,NA,NA,NA,NA,NA
Kimani Vidal,RB,LAC,NA,NA,71.88,NA,0.66,NA,2.16,17.17,NA,NA,0.18,0.09,15.93,NA,2572486,NFL,16757,NA,NA,NA,NA,NA,NA,NA,NA
Jaylen Warren,RB,PIT,NA,NA,63.35,NA,0.44,NA,2.71,20.39,NA,NA,0.17,0.07,14.6,NA,2568493,NFL,15742,NA,NA,NA,NA,NA,NA,NA,NA
Rhamondre Stevenson,RB,NE,NA,NA,54.11,NA,0.55,NA,2.57,19.12,NA,NA,0.16,0.1,13.95,NA,2566343,NFL,15259,NA,NA,NA,NA,NA,NA,NA,NA
Tyrone Tracy Jr.,RB,NYG,NA,NA,59.7,NA,0.21,NA,2.78,20.13,NA,NA,0.19,0.07,13.02,NA,2572351,NFL,16747,NA,NA,NA,NA,NA,NA,NA,NA
Chase Brown,RB,CIN,NA,NA,51.02,NA,0.28,NA,2.85,19.64,NA,NA,0.24,0.07,12.9,NA,2569642,NFL,16181,NA,NA,NA,NA,NA,NA,NA,NA
D'Andre Swift,RB,CHI,NA,NA,51.85,NA,0.48,NA,2.13,16.89,NA,NA,0.12,0.05,12.5,NA,2563965,NFL,14797,NA,NA,NA,NA,NA,NA,NA,NA
Zach Charbonnet,RB,SEA,NA,NA,41.92,NA,0.6,NA,2.1,17.55,NA,NA,0.14,0.06,12.37,NA,2570335,NFL,16169,NA,NA,NA,NA,NA,NA,NA,NA
Kenneth Walker III,RB,SEA,NA,NA,52.63,NA,0.44,NA,2.13,16.94,NA,NA,0.11,0.08,12.23,NA,2568282,NFL,15711,NA,NA,NA,NA,NA,NA,NA,NA
J.K. Dobbins,RB,DEN,NA,NA,57.15,NA,0.57,NA,1.72,9.54,NA,NA,0.1,0.1,12.21,NA,2563548,NFL,14800,NA,NA,NA,NA,NA,NA,NA,NA
Jacory Croskey-Merritt,RB,WAS,NA,NA,61.19,NA,0.48,NA,1.41,11.94,NA,NA,0.12,0.08,12.16,NA,2574608,NFL,17256,NA,NA,NA,NA,NA,NA,NA,NA
Travis Etienne,RB,JAX,NA,NA,62.58,NA,0.31,NA,2.14,14.69,NA,NA,0.06,0.08,11.93,NA,2566157,NFL,15253,NA,NA,NA,NA,NA,NA,NA,NA
Kareem Hunt,RB,KC,NA,NA,42.46,NA,0.52,NA,1.96,13.09,NA,NA,0.13,0.07,11.28,NA,2557917,NFL,13138,NA,NA,NA,NA,NA,NA,NA,NA
Alvin Kamara,RB,NO,NA,NA,43.12,NA,0.17,NA,3.42,19.2,NA,NA,0.12,0.06,11.27,NA,2558019,NFL,13132,NA,NA,NA,NA,NA,NA,NA,NA
Bam Knight,RB,ARI,NA,NA,51.95,NA,0.44,NA,1.42,12.09,NA,NA,0.1,0.07,10.92,NA,2568036,NFL,15727,NA,NA,NA,NA,NA,NA,NA,NA
David Montgomery,RB,DET,NA,NA,37.55,NA,0.6,NA,1.7,13.51,NA,NA,0.06,0.05,10.67,NA,2562502,NFL,14071,NA,NA,NA,NA,NA,NA,NA,NA
Woody Marks,RB,HOU,NA,NA,36.58,NA,0.27,NA,2.21,22.12,NA,NA,0.18,0.06,10.66,NA,2574174,NFL,17053,NA,NA,NA,NA,NA,NA,NA,NA
Rico Dowdle,RB,CAR,NA,NA,51.71,NA,0.21,NA,2.08,13.16,NA,NA,0.14,0.09,10.49,NA,2565295,NFL,14823,NA,NA,NA,NA,NA,NA,NA,NA
Aaron Jones,RB,MIN,NA,NA,40.78,NA,0.22,NA,2.02,13.61,NA,NA,0.14,0.07,9.48,NA,2558116,NFL,13319,NA,NA,NA,NA,NA,NA,NA,NA
Tyjae Spears,RB,TEN,NA,NA,39.17,NA,0.31,NA,1.9,12.02,NA,NA,0.09,0.08,9.26,NA,2569795,NFL,16165,NA,NA,NA,NA,NA,NA,NA,NA
Samaje Perine,RB,CIN,NA,NA,43.09,NA,0.24,NA,1.54,12.6,NA,NA,0.09,0.15,8.85,NA,2558138,NFL,13133,NA,NA,NA,NA,NA,NA,NA,0.01
Tony Pollard,RB,TEN,NA,NA,46.55,NA,0.22,NA,1.63,8.93,NA,NA,0.02,0.04,8.54,NA,2562699,NFL,14085,NA,NA,NA,NA,NA,NA,NA,NA
Jordan Mason,RB,MIN,NA,NA,44.5,NA,0.35,NA,0.92,6.29,NA,NA,0.05,0.05,8.3,NA,2569257,NFL,15972,NA,NA,NA,NA,NA,NA,NA,NA
Kyle Monangai,RB,CHI,NA,NA,37.38,NA,0.28,NA,1.22,11.24,NA,NA,0.09,0.05,8.2,NA,2574015,NFL,17066,NA,NA,NA,NA,NA,NA,NA,NA
Kenneth Gainwell,RB,PIT,NA,NA,29.49,NA,0.33,NA,1.55,9.16,NA,NA,0.09,0.06,7.82,NA,2566397,NFL,15255,NA,NA,NA,NA,NA,NA,NA,NA
Chuba Hubbard,RB,CAR,NA,NA,27.23,NA,0.1,NA,2.07,10.72,NA,NA,0.12,0.04,7.11,NA,2565899,NFL,15261,NA,NA,NA,NA,NA,NA,NA,NA
Nick Chubb,RB,HOU,NA,NA,37.97,NA,0.19,NA,0.93,6.99,NA,NA,0.06,0.05,6.83,NA,2561021,NFL,13610,NA,NA,NA,NA,NA,NA,NA,NA
Tyler Allgeier,RB,ATL,NA,NA,26.86,NA,0.43,NA,0.71,5.64,NA,NA,0.04,0.04,6.7,NA,2567232,NFL,15712,NA,NA,NA,NA,NA,NA,NA,NA
RJ Harvey,RB,DEN,NA,NA,23.77,NA,0.15,NA,1.53,11.11,NA,NA,0.14,0.04,6.68,NA,2574090,NFL,17068,NA,NA,NA,NA,NA,NA,NA,NA
Brashard Smith,RB,KC,NA,NA,20.81,NA,0.14,NA,1.68,13.56,NA,NA,0.12,0.04,6.6,NA,2574256,NFL,17049,NA,NA,NA,NA,NA,NA,NA,NA
Devin Singletary,RB,NYG,NA,NA,33.35,NA,0.21,NA,1.15,5.82,NA,NA,0.06,0.05,6.59,NA,2562734,NFL,14080,NA,NA,NA,NA,NA,NA,NA,NA
TreVeyon Henderson,RB,NE,NA,NA,26.03,NA,0.12,NA,1.48,11.37,NA,NA,0.1,0.03,6.48,NA,2574374,NFL,17043,NA,NA,NA,NA,NA,NA,NA,NA
Emanuel Wilson,RB,GB,NA,NA,31.47,NA,0.17,NA,1.05,8.38,NA,NA,0.08,0.04,6.46,NA,2570912,NFL,16432,NA,NA,NA,NA,NA,NA,NA,NA
Devin Neal,RB,NO,NA,NA,26.71,NA,0.17,NA,1.25,9.01,NA,NA,0.07,0.03,6.2,NA,2574402,NFL,17046,NA,NA,NA,NA,NA,NA,NA,NA
Bhayshul Tuten,RB,JAX,NA,NA,22.91,NA,0.19,NA,1.05,9.64,NA,NA,0.08,0.04,5.85,NA,2574235,NFL,17052,NA,NA,NA,NA,NA,NA,NA,NA
Justice Hill,RB,BAL,NA,NA,10.24,NA,0.06,NA,1.99,15.41,NA,NA,0.17,0.06,5.82,NA,2562407,NFL,14086,NA,NA,NA,NA,NA,NA,NA,NA
Jeremy McNichols,RB,WAS,NA,NA,12.81,NA,0.14,NA,1.52,10.18,NA,NA,0.1,0.02,5.22,NA,2557977,NFL,13143,NA,NA,NA,NA,NA,NA,NA,NA
Blake Corum,RB,LAR,NA,NA,24.43,NA,0.21,NA,0.57,5.01,NA,NA,0.05,0.04,4.99,NA,2572189,NFL,16593,NA,NA,NA,NA,NA,NA,NA,NA
Hassan Haskins,RB,LAC,NA,NA,22.58,NA,0.14,NA,0.79,6.22,NA,NA,0.06,0.04,4.79,NA,2567649,NFL,15720,NA,NA,NA,NA,NA,NA,NA,NA
Ty Johnson,RB,BUF,NA,NA,15.79,NA,0.08,NA,1.07,10.86,NA,NA,0.1,0.03,4.76,NA,2562293,NFL,14095,NA,NA,NA,NA,NA,NA,NA,NA
Ollie Gordon II,RB,MIA,NA,NA,20.88,NA,0.17,NA,0.7,5.51,NA,NA,0.06,0.03,4.66,NA,2574322,NFL,17059,NA,NA,NA,NA,NA,NA,NA,NA
Jaydon Blue,RB,DAL,NA,NA,15.81,NA,0.12,NA,0.86,6.87,NA,NA,0.06,0.02,4.17,NA,2574068,NFL,17069,NA,NA,NA,NA,NA,NA,NA,NA
Raheem Mostert,RB,LV,NA,NA,18.75,NA,0.17,NA,0.66,4.72,NA,NA,0.03,0.02,4.17,NA,2553728,NFL,12447,NA,NA,NA,NA,NA,NA,NA,NA
Emari Demercado,RB,ARI,NA,NA,13.11,NA,0.08,NA,1.05,8.03,NA,NA,0.08,0.02,4.08,NA,2571065,NFL,16385,NA,NA,NA,NA,NA,NA,NA,NA
Ray Davis,RB,BUF,NA,NA,11.49,NA,0.1,NA,0.86,7.43,NA,NA,0.09,0.03,3.83,NA,2571862,NFL,16603,NA,NA,NA,NA,NA,NA,NA,NA
LeQuint Allen Jr.,RB,JAX,NA,NA,8.66,NA,0.06,NA,1.14,9.92,NA,NA,0.06,0.02,3.68,NA,2574207,NFL,17061,NA,NA,NA,NA,NA,NA,NA,NA
Keaton Mitchell,RB,BAL,NA,NA,11.91,NA,0.07,NA,0.55,5.46,NA,NA,0.06,0.02,3.03,NA,2570428,NFL,16178,NA,NA,NA,NA,NA,NA,NA,NA
Brian Robinson,RB,SF,NA,NA,12.01,NA,0.14,NA,0.29,2.29,NA,NA,0.01,0.03,2.56,NA,2568348,NFL,15716,NA,NA,NA,NA,NA,NA,NA,NA
Chris Brooks,RB,GB,NA,NA,7.41,NA,0.04,NA,0.73,5.78,NA,NA,0.04,0.01,2.51,NA,2571114,NFL,16387,NA,NA,NA,NA,NA,NA,NA,NA
Tyler Badie,RB,DEN,NA,NA,6.12,NA,0.05,NA,0.63,5.25,NA,NA,0.04,0.01,2.29,NA,2567265,NFL,15718,NA,NA,NA,NA,NA,NA,NA,NA
Elijah Mitchell,RB,KC,NA,NA,9.43,NA,0.06,NA,0.4,2.77,NA,NA,0.03,0.01,2.14,NA,2566538,NFL,15263,NA,NA,NA,NA,NA,NA,NA,NA
Ameer Abdullah,RB,IND,NA,NA,7.89,NA,0.08,NA,0.32,2.03,NA,NA,0.01,NA,1.85,NA,2552374,NFL,12155,NA,NA,NA,NA,NA,NA,NA,NA
Chris Rodriguez Jr.,RB,WAS,NA,NA,8.9,NA,0.06,NA,0.11,0.92,NA,NA,0.01,0.01,1.49,NA,2570386,NFL,16174,NA,NA,NA,NA,NA,NA,NA,NA
Jaylen Wright,RB,MIA,NA,NA,5.44,NA,0.06,NA,0.22,1.64,NA,NA,0.02,0.02,1.37,NA,2572261,NFL,16610,NA,NA,NA,NA,NA,NA,NA,NA
Tahj Brooks,RB,CIN,NA,NA,7.75,NA,0.05,NA,0.1,0.86,NA,NA,0.01,0.02,1.28,NA,2574024,NFL,17058,NA,NA,NA,NA,NA,NA,NA,NA
Julius Chestnut,RB,TEN,NA,NA,6.56,NA,0.05,NA,0.12,1.02,NA,NA,0.01,0.01,1.22,NA,2568804,NFL,15965,NA,NA,NA,NA,NA,NA,NA,NA
Trevor Etienne,RB,CAR,NA,NA,4.53,NA,0.04,NA,0.13,0.95,NA,NA,0.01,0.01,0.96,NA,2573977,NFL,17056,NA,NA,NA,NA,NA,NA,NA,NA
Kaleb Johnson,RB,PIT,NA,NA,1.78,NA,0.02,NA,0.21,1.94,NA,NA,0.02,NA,0.82,NA,2574496,NFL,17048,NA,NA,NA,NA,NA,NA,NA,NA
Eric Gray,RB,NYG,NA,NA,NA,NA,NA,NA,NA,NA,NA,NA,NA,NA,0.78,NA,2570158,NFL,16173,NA,NA,NA,NA,NA,NA,0.13,NA
Roschon Johnson,RB,CHI,NA,NA,1.9,NA,0.04,NA,0.14,0.89,NA,NA,0.01,NA,0.72,NA,2569615,NFL,16175,NA,NA,NA,NA,NA,NA,NA,NA
Trayveon Williams,RB,LAC,NA,NA,3.22,NA,0.02,NA,0.08,0.65,NA,NA,0.01,NA,0.65,NA,2562600,NFL,14076,NA,NA,NA,NA,NA,NA,NA,NA
Zamir White,RB,LV,NA,NA,3.76,NA,0.02,NA,0.08,0.65,NA,NA,NA,0.01,0.62,NA,2567883,NFL,15714,NA,NA,NA,NA,NA,NA,NA,NA
DJ Giddens,RB,IND,NA,NA,3.43,NA,0.03,NA,0.04,0.36,NA,NA,NA,NA,0.6,NA,2574188,NFL,17060,NA,NA,NA,NA,NA,NA,NA,NA
Dare Ogunbowale,RB,HOU,NA,NA,2.17,NA,0.02,NA,0.11,0.91,NA,NA,0.01,NA,0.6,NA,2559362,NFL,13148,NA,NA,NA,NA,NA,NA,NA,NA
Craig Reynolds,RB,DET,NA,NA,3.03,NA,NA,NA,0.15,1.15,NA,NA,NA,NA,0.57,NA,2562834,NFL,14727,NA,NA,NA,NA,NA,NA,NA,NA
George Holani,RB,SEA,NA,NA,4.35,NA,NA,NA,0.05,0.4,NA,NA,NA,NA,0.53,NA,2572768,NFL,16608,NA,NA,NA,NA,NA,NA,NA,NA
Jarquez Hunter,RB,LAR,NA,NA,3.14,NA,0.02,NA,0.04,0.45,NA,NA,NA,NA,0.52,NA,2574269,NFL,17064,NA,NA,NA,NA,NA,NA,NA,NA
Isaac Guerendo,RB,SF,NA,NA,1.95,NA,0.02,NA,0.03,0.24,NA,NA,NA,NA,0.37,NA,2572498,NFL,16688,NA,NA,NA,NA,NA,NA,NA,NA
Jaleel McLaughlin,RB,DEN,NA,NA,2.2,NA,0.01,NA,0.05,0.27,NA,NA,NA,0.01,0.34,NA,2570942,NFL,16390,NA,NA,NA,NA,NA,NA,NA,NA
Tyler Goodson,RB,IND,NA,NA,1.92,NA,0.01,NA,0.02,0.16,NA,NA,NA,NA,0.29,NA,2567595,NFL,15730,NA,NA,NA,NA,NA,NA,NA,NA
Jordan James,RB,SF,NA,NA,0.66,NA,NA,NA,0.05,0.4,NA,NA,NA,NA,0.16,NA,2574540,NFL,17055,NA,NA,NA,NA,NA,NA,NA,NA
Sione Vaki,RB,DET,NA,NA,0.62,NA,NA,NA,0.02,0.21,NA,NA,NA,NA,0.1,NA,2572021,NFL,16678,NA,NA,NA,NA,NA,NA,NA,NA
Dameon Pierce,RB,HOU,NA,NA,0.48,NA,NA,NA,0.02,0.17,NA,NA,NA,NA,0.09,NA,2567685,NFL,15717,NA,NA,NA,NA,NA,NA,NA,NA
Dylan Laube,RB,LV,NA,NA,0.35,NA,NA,NA,0.02,0.19,NA,NA,NA,NA,0.07,NA,2572231,NFL,16613,NA,NA,NA,NA,NA,NA,NA,NA
