player,pos,team,games,rec_tgt,rec,rec_yds,rec_yds_g,rec_avg,rec_tds,rush_att,rush_yds,rush_avg,rush_tds,fumbles_lost,site_pts,site_fppg,src_id,data_src,id,dst_int,dst_fum_rec,dst_sacks,dst_fumbles,dst_tackles,bye,opp,draft_rank,misc_tds,misc_yds,pct_owned,return_tds
Puka Nacua,WR,LAR,1,11.2,8.5,104,104,12.2,0.5,0.7,7.3,10.4,0.1,0,13.6,13.6,3121687,CBS,16211,NA,NA,NA,NA,NA,NA,NA,NA,NA,NA,NA,NA
George Pickens,WR,DAL,1,7.7,4.6,75.8,75.8,16.5,0.8,0.1,0.5,5,0,0,11.8,11.8,3123212,CBS,15762,NA,NA,NA,NA,NA,NA,NA,NA,NA,NA,NA,NA
Amon-Ra St. Brown,WR,DET,1,8.1,6.4,72.3,72.3,11.3,0.7,0.3,1.1,3.7,0,0,11.2,11.2,2967690,CBS,15287,NA,NA,NA,NA,NA,NA,NA,NA,NA,NA,NA,NA
Davante Adams,WR,LAR,1,10,5.5,76.5,76.5,13.9,0.6,0,0,0,0,0,10.6,10.6,1893167,CBS,11675,NA,NA,NA,NA,NA,NA,NA,NA,NA,NA,NA,NA
Jaxon Smith-Njigba,WR,SEA,1,8.7,6.5,86.8,86.8,13.4,0.4,0.3,1.4,4.7,0,0.1,10.2,10.2,3162959,CBS,16185,NA,NA,NA,NA,NA,NA,NA,NA,NA,NA,NA,NA
Deebo Samuel,WR,WAS,1,6.5,4.7,51.7,51.7,11,0.5,2.4,13.5,5.6,0.2,0,10.2,10.2,2139735,CBS,14136,NA,NA,NA,NA,NA,NA,NA,NA,NA,NA,NA,NA
DK Metcalf,WR,PIT,1,6,3.7,63.2,63.2,17.1,0.7,0,0,0,0,0,10.2,10.2,2260185,CBS,14102,NA,NA,NA,NA,NA,NA,NA,NA,NA,NA,NA,NA
Emeka Egbuka,WR,TB,1,7.2,4.6,66.6,66.6,14.5,0.7,0.2,1.1,5.5,0,0.1,10,10,26696165,CBS,17081,NA,NA,NA,NA,NA,NA,NA,NA,NA,NA,NA,NA
Tetairoa McMillan,WR,CAR,1,8.9,5.3,82.5,82.5,15.6,0.3,0.1,0.4,4,0,0.1,9.6,9.6,28877124,CBS,17071,NA,NA,NA,NA,NA,NA,NA,NA,NA,NA,NA,NA
Rome Odunze,WR,CHI,1,7.4,4.1,64.5,64.5,15.7,0.6,0.1,0.5,5,0,0,9.6,9.6,3162979,CBS,16616,NA,NA,NA,NA,NA,NA,NA,NA,NA,NA,NA,NA
Keenan Allen,WR,LAC,1,8.8,5.8,67.7,67.7,11.7,0.6,0,0.1,0,0,0,9.6,9.6,1737096,CBS,11222,NA,NA,NA,NA,NA,NA,NA,NA,NA,NA,NA,NA
Jakobi Meyers,WR,LV,1,10.1,6.7,72,72,10.8,0.3,0.1,0.9,9,0.1,0,9.4,9.4,2183835,CBS,14127,NA,NA,NA,NA,NA,NA,NA,NA,NA,NA,NA,NA
Jaylen Waddle,WR,MIA,1,7.8,5.4,70.7,70.7,13.1,0.4,0.2,0.7,3.5,0,0,9.4,9.4,2962110,CBS,15284,NA,NA,NA,NA,NA,NA,NA,NA,NA,NA,NA,NA
Michael Pittman,WR,IND,1,7.3,5.1,58,58,11.4,0.7,0,0,0,0,0,9.2,9.2,2240188,CBS,14842,NA,NA,NA,NA,NA,NA,NA,NA,NA,NA,NA,NA
Marvin Harrison Jr.,WR,ARI,1,7,4.1,63.5,63.5,15.5,0.5,0,0,0,0,0,9,9,26701883,CBS,16614,NA,NA,NA,NA,NA,NA,NA,NA,NA,NA,NA,NA
Ja'Marr Chase,WR,CIN,1,8.7,6.2,67.6,67.6,10.9,0.5,0.2,1,5,0,0.1,8.8,8.8,2966320,CBS,15281,NA,NA,NA,NA,NA,NA,NA,NA,NA,NA,NA,NA
Courtland Sutton,WR,DEN,1,6.5,4.3,59.5,59.5,13.8,0.6,0,0,0,0,0.1,8.4,8.4,2218461,CBS,13630,NA,NA,NA,NA,NA,NA,NA,NA,NA,NA,NA,NA
Quentin Johnston,WR,LAC,1,6.5,3.9,57.3,57.3,14.7,0.6,0.3,0.9,3,0,0.1,8.4,8.4,3162609,CBS,16188,NA,NA,NA,NA,NA,NA,NA,NA,NA,NA,NA,NA
Romeo Doubs,WR,GB,1,5,3.3,47.5,47.5,14.4,0.7,0,0,0,0,0,8.2,8.2,2961886,CBS,15779,NA,NA,NA,NA,NA,NA,NA,NA,NA,NA,NA,NA
Tre Tucker,WR,LV,1,6.1,3.8,51.5,51.5,13.6,0.5,0.8,4.9,6.1,0,0,8,8,3121848,CBS,16287,NA,NA,NA,NA,NA,NA,NA,NA,NA,NA,NA,NA
Drake London,WR,ATL,1,8.1,5.2,61.8,61.8,11.9,0.3,0,-0.1,0,0,0.1,7.6,7.6,3127902,CBS,15751,NA,NA,NA,NA,NA,NA,NA,NA,NA,NA,NA,NA
Xavier Worthy,WR,KC,1,6.1,3.9,47.7,47.7,12.2,0.3,2,13.6,6.8,0.1,0,7.4,7.4,26730787,CBS,16620,NA,NA,NA,NA,NA,NA,NA,NA,NA,NA,NA,NA
A.J. Brown,WR,PHI,1,7.1,4.3,56.8,56.8,13.2,0.4,0,0,0,0,0,7.4,7.4,2258303,CBS,14104,NA,NA,NA,NA,NA,NA,NA,NA,NA,NA,NA,NA
DeVonta Smith,WR,PHI,1,5.7,4.5,54.6,54.6,12.1,0.4,0,0,0,0,0,7.4,7.4,2866975,CBS,15282,NA,NA,NA,NA,NA,NA,NA,NA,NA,NA,NA,NA
Garrett Wilson,WR,NYJ,1,7.9,5.1,59,59,11.6,0.4,0.1,0.1,1,0,0.1,7.2,7.2,3123864,CBS,15753,NA,NA,NA,NA,NA,NA,NA,NA,NA,NA,NA,NA
Ricky Pearsall,WR,SF,1,5.7,3.9,62.7,62.7,16.1,0.2,0.3,0.9,3,0,0,7.2,7.2,3122949,CBS,16622,NA,NA,NA,NA,NA,NA,NA,NA,NA,NA,NA,NA
Brian Thomas Jr.,WR,JAC,1,7,3.6,52.8,52.8,14.7,0.2,0.4,2.5,6.3,0.1,0,6.8,6.8,3132164,CBS,16618,NA,NA,NA,NA,NA,NA,NA,NA,NA,NA,NA,NA
Rashid Shaheed,WR,NO,1,5.4,3.5,54.3,54.3,15.5,0.3,0.5,1.8,3.6,0,0,6.8,6.8,2250863,CBS,16080,NA,NA,NA,NA,NA,NA,NA,NA,NA,NA,NA,NA
Zay Flowers,WR,BAL,1,6,4.3,55.5,55.5,12.9,0.3,0.6,2.5,4.2,0,0,6.8,6.8,3127049,CBS,16190,NA,NA,NA,NA,NA,NA,NA,NA,NA,NA,NA,NA
Ladd McConkey,WR,LAC,1,6.9,4.6,58.8,58.8,12.8,0.3,0,0,0,0,0,6.8,6.8,3163962,CBS,16627,NA,NA,NA,NA,NA,NA,NA,NA,NA,NA,NA,NA
DJ Moore,WR,CHI,1,6.2,4.4,56.5,56.5,12.8,0.3,0.8,3.4,4.3,0,0.1,6.6,6.6,2179328,CBS,13635,NA,NA,NA,NA,NA,NA,NA,NA,NA,NA,NA,NA
Tyquan Thornton,WR,KC,1,4.4,2.3,45,45,19.6,0.4,0.1,1.2,12,0,0,6.4,6.4,2965066,CBS,15787,NA,NA,NA,NA,NA,NA,NA,NA,NA,NA,NA,NA
Kendrick Bourne,WR,SF,1,5.9,4.3,58.8,58.8,13.7,0.2,0.1,0.3,3,0,0,6.2,6.2,2088428,CBS,13418,NA,NA,NA,NA,NA,NA,NA,NA,NA,NA,NA,NA
Stefon Diggs,WR,NE,1,5.9,4.5,52.6,52.6,11.7,0.2,0.1,0.3,3,0,0,6.2,6.2,2000038,CBS,12186,NA,NA,NA,NA,NA,NA,NA,NA,NA,NA,NA,NA
Keon Coleman,WR,BUF,1,5.5,3.6,42.8,42.8,11.9,0.4,0,0.2,0,0,0.1,6.2,6.2,26717289,CBS,16617,NA,NA,NA,NA,NA,NA,NA,NA,NA,NA,NA,NA
Chris Olave,WR,NO,1,8.7,5.5,55.7,55.7,10.1,0.2,0,0.1,0,0,0,6.2,6.2,2963666,CBS,15754,NA,NA,NA,NA,NA,NA,NA,NA,NA,NA,NA,NA
Calvin Austin III,WR,PIT,1,4.3,2.5,36.1,36.1,14.4,0.5,0.2,0.8,4,0,0,6,6,2866214,CBS,15777,NA,NA,NA,NA,NA,NA,NA,NA,NA,NA,NA,NA
Khalil Shakir,WR,BUF,1,4.9,3.9,42.4,42.4,10.9,0.3,0.1,0.7,7,0,0,5.8,5.8,2969119,CBS,15761,NA,NA,NA,NA,NA,NA,NA,NA,NA,NA,NA,NA
Chris Godwin,WR,TB,1,7.2,4.5,44.6,44.6,9.9,0.3,0.1,1.3,13,0,0,5.8,5.8,2818150,CBS,13163,NA,NA,NA,NA,NA,NA,NA,NA,NA,NA,NA,NA
Alec Pierce,WR,IND,1,3.9,2.2,45.2,45.2,20.6,0.3,0,0,0,0,0,5.8,5.8,2965664,CBS,15768,NA,NA,NA,NA,NA,NA,NA,NA,NA,NA,NA,NA
Christian Watson,WR,GB,1,4.4,2.4,44.2,44.2,18.4,0.3,0.3,1.4,4.7,0,0,5.8,5.8,2869806,CBS,15789,NA,NA,NA,NA,NA,NA,NA,NA,NA,NA,NA,NA
Jerry Jeudy,WR,CLE,1,7,3.8,54.8,54.8,14.4,0.1,0,0,0,0,0,5.6,5.6,2741201,CBS,14833,NA,NA,NA,NA,NA,NA,NA,NA,NA,NA,NA,NA
Matthew Golden,WR,GB,1,4.9,3.3,47.3,47.3,14.3,0.3,0.6,3.3,5.5,0,0.1,5.6,5.6,28874927,CBS,17075,NA,NA,NA,NA,NA,NA,NA,NA,NA,NA,NA,NA
Tee Higgins,WR,CIN,1,6.1,3.4,39.8,39.8,11.7,0.4,0,0,0,0,0,5.4,5.4,2809208,CBS,14835,NA,NA,NA,NA,NA,NA,NA,NA,NA,NA,NA,NA
Marquise Brown,WR,KC,1,6.4,3.8,40.7,40.7,10.7,0.2,0.1,0.5,5,0,0,5.2,5.2,2804128,CBS,14105,NA,NA,NA,NA,NA,NA,NA,NA,NA,NA,NA,NA
Jameson Williams,WR,DET,1,4.4,2.5,42.7,42.7,17.1,0.2,0.5,3.6,7.2,0,0,5.2,5.2,3125968,CBS,15756,NA,NA,NA,NA,NA,NA,NA,NA,NA,NA,NA,NA
Calvin Ridley,WR,TEN,1,5.8,2.9,45.8,45.8,15.8,0.2,0.2,1.1,5.5,0,0,5.2,5.2,2186328,CBS,13629,NA,NA,NA,NA,NA,NA,NA,NA,NA,NA,NA,NA
Cooper Kupp,WR,SEA,1,6.6,4.4,46.7,46.7,10.6,0.2,0.1,0.1,1,0,0,5.2,5.2,2006951,CBS,13164,NA,NA,NA,NA,NA,NA,NA,NA,NA,NA,NA,NA
Travis Hunter,WR,JAC,1,5.1,3.3,43.7,43.7,13.2,0.2,0.1,0.4,4,0,0.1,5,5,28909849,CBS,17074,NA,NA,NA,NA,NA,NA,NA,NA,NA,NA,NA,NA
Elic Ayomanor,WR,TEN,1,4.3,2.4,30,30,12.5,0.3,0.1,0.3,3,0,0,4.8,4.8,28900714,CBS,17073,NA,NA,NA,NA,NA,NA,NA,NA,NA,NA,NA,NA
Tory Horton,WR,SEA,1,4.5,2.8,37.3,37.3,13.3,0.3,0.1,0.4,4,0,0.1,4.6,4.6,3165177,CBS,17098,NA,NA,NA,NA,NA,NA,NA,NA,NA,NA,NA,NA
Malik Washington,WR,MIA,1,6.1,3.9,29,29,7.4,0.2,1.4,10.5,7.5,0,0,4.2,4.2,3124729,CBS,16684,NA,NA,NA,NA,NA,NA,NA,NA,NA,NA,NA,NA
Dontayvion Wicks,WR,GB,1,4,2.4,31.2,31.2,13,0.2,0,0,0,0,0,4.2,4.2,3122375,CBS,16195,NA,NA,NA,NA,NA,NA,NA,NA,NA,NA,NA,NA
Kayshon Boutte,WR,NE,1,3.3,2.2,35.3,35.3,16.1,0.2,0,0,0,0,0,4.2,4.2,3163170,CBS,16193,NA,NA,NA,NA,NA,NA,NA,NA,NA,NA,NA,NA
Josh Downs,WR,IND,1,4.7,3.4,36.5,36.5,10.7,0.2,0,0.2,0,0,0,4.2,4.2,3162970,CBS,16187,NA,NA,NA,NA,NA,NA,NA,NA,NA,NA,NA,NA
Noah Brown,WR,WAS,1,4.1,2.3,35.3,35.3,15.4,0.2,0,0,0,0,0,4.2,4.2,2139270,CBS,13172,NA,NA,NA,NA,NA,NA,NA,NA,NA,NA,NA,NA
Jauan Jennings,WR,SF,1,4.4,2.6,33.5,33.5,12.9,0.2,0,0,0,0,0,4.2,4.2,2180514,CBS,14860,NA,NA,NA,NA,NA,NA,NA,NA,NA,NA,NA,NA
Josh Palmer,WR,BUF,1,4,2.5,36.8,36.8,14.7,0.2,0,0.1,0,0,0,4.2,4.2,2867325,CBS,15319,NA,NA,NA,NA,NA,NA,NA,NA,NA,NA,NA,NA
Troy Franklin,WR,DEN,1,5.2,3.2,36.4,36.4,11.4,0.2,0.1,1.3,13,0,0,4.2,4.2,26693436,CBS,16619,NA,NA,NA,NA,NA,NA,NA,NA,NA,NA,NA,NA
Wan'Dale Robinson,WR,NYG,1,6,4.1,37.7,37.7,9.2,0.2,0.3,2.1,7,0,0,4.2,4.2,3124107,CBS,15757,NA,NA,NA,NA,NA,NA,NA,NA,NA,NA,NA,NA
Luther Burden III,WR,CHI,1,3.5,2.4,34.1,34.1,14.2,0.2,0.2,1.2,6,0,0.1,4,4,28874444,CBS,17070,NA,NA,NA,NA,NA,NA,NA,NA,NA,NA,NA,NA
Luke McCaffrey,WR,WAS,1,2.1,1.6,27.9,27.9,17.4,0.3,0,0,0,0,0,3.8,3.8,3121502,CBS,16635,NA,NA,NA,NA,NA,NA,NA,NA,NA,NA,NA,NA
KaVontae Turpin,WR,DAL,1,2.7,1.9,28.1,28.1,14.8,0.3,1.2,7.5,6.3,0,0,3.8,3.8,2180870,CBS,15981,NA,NA,NA,NA,NA,NA,NA,NA,NA,NA,NA,NA
Xavier Legette,WR,CAR,1,4.4,2.2,20,20,9.1,0.3,0.4,0.7,1.8,0,0,3.8,3.8,3131575,CBS,16639,NA,NA,NA,NA,NA,NA,NA,NA,NA,NA,NA,NA
Michael Wilson,WR,ARI,1,4.1,2.3,26.1,26.1,11.4,0.3,0,0.1,0,0,0,3.8,3.8,2965181,CBS,16206,NA,NA,NA,NA,NA,NA,NA,NA,NA,NA,NA,NA
Darnell Mooney,WR,ATL,1,5.4,2.8,39.5,39.5,14.1,0.1,0,0.1,0,0,0,3.6,3.6,2240651,CBS,14974,NA,NA,NA,NA,NA,NA,NA,NA,NA,NA,NA,NA
Marvin Mims,WR,DEN,1,3,2.1,23.6,23.6,11.2,0.2,0.6,3.1,5.2,0.1,0.1,3.6,3.6,3162586,CBS,16189,NA,NA,NA,NA,NA,NA,NA,NA,NA,NA,NA,NA
Dont'e Thornton Jr.,WR,LV,1,5.3,2.6,34.1,34.1,13.1,0.1,0.1,0.3,3,0,0,3.6,3.6,26694424,CBS,17087,NA,NA,NA,NA,NA,NA,NA,NA,NA,NA,NA,NA
Darius Slayton,WR,NYG,1,4.1,2.6,35.6,35.6,13.7,0.1,0,0.3,0,0,0.1,3.4,3.4,2183982,CBS,14122,NA,NA,NA,NA,NA,NA,NA,NA,NA,NA,NA,NA
Jack Bech,WR,LV,1,4.2,2.7,31.8,31.8,11.8,0.1,0.1,0.4,4,0,0.1,3.4,3.4,26700682,CBS,17078,NA,NA,NA,NA,NA,NA,NA,NA,NA,NA,NA,NA
Isaiah Bond,WR,CLE,1,4.8,2.5,33.2,33.2,13.3,0.1,0.2,1.2,6,0,0.1,3.4,3.4,28910521,CBS,17076,NA,NA,NA,NA,NA,NA,NA,NA,NA,NA,NA,NA
Rashod Bateman,WR,BAL,1,3.5,2,25.4,25.4,12.7,0.2,0,0.3,0,0,0,3.2,3.2,2960940,CBS,15293,NA,NA,NA,NA,NA,NA,NA,NA,NA,NA,NA,NA
Demario Douglas,WR,NE,1,4.2,2.6,25.3,25.3,9.7,0.2,0.3,1.6,5.3,0,0,3.2,3.2,3126241,CBS,16342,NA,NA,NA,NA,NA,NA,NA,NA,NA,NA,NA,NA
Malik Heath,WR,GB,1,3,2.1,28.7,28.7,13.7,0.2,0,0,0,0,0,3.2,3.2,3171033,CBS,16413,NA,NA,NA,NA,NA,NA,NA,NA,NA,NA,NA,NA
Brandin Cooks,WR,NO,1,3.9,2.5,26.6,26.6,10.6,0.2,0.2,0.7,3.5,0,0,3.2,3.2,1880880,CBS,11674,NA,NA,NA,NA,NA,NA,NA,NA,NA,NA,NA,NA
Terry McLaurin,WR,WAS,1,2.8,1.8,26.5,26.5,14.7,0.2,0,0,0,0,0,3.2,3.2,2139279,CBS,14109,NA,NA,NA,NA,NA,NA,NA,NA,NA,NA,NA,NA
Demarcus Robinson,WR,SF,1,3.1,1.6,26.3,26.3,16.4,0.2,0,0.6,0,0,0,3.2,3.2,2061095,CBS,12785,NA,NA,NA,NA,NA,NA,NA,NA,NA,NA,NA,NA
Cedrick Wilson Jr.,WR,MIA,1,3,1.9,21.4,21.4,11.3,0.2,0,0,0,0,0,3.2,3.2,2240685,CBS,13652,NA,NA,NA,NA,NA,NA,NA,NA,NA,NA,NA,NA
JuJu Smith-Schuster,WR,KC,1,3.2,2.3,26,26,11.3,0.2,0,0,0,0,0,3.2,3.2,2139620,CBS,13156,NA,NA,NA,NA,NA,NA,NA,NA,NA,NA,NA,NA
Elijah Moore,WR,BUF,1,3.3,2,22.5,22.5,11.3,0.1,0.7,3.3,4.7,0.1,0,3.2,3.2,2963569,CBS,15288,NA,NA,NA,NA,NA,NA,NA,NA,NA,NA,NA,NA
Dyami Brown,WR,JAC,1,3.2,2.1,24.1,24.1,11.5,0.1,0.3,1.6,5.3,0,0,2.6,2.6,2965973,CBS,15292,NA,NA,NA,NA,NA,NA,NA,NA,NA,NA,NA,NA
Ray-Ray McCloud,WR,ATL,1,3.6,2.2,22.8,22.8,10.4,0.1,0.3,2.4,8,0,0,2.6,2.6,2179226,CBS,13641,NA,NA,NA,NA,NA,NA,NA,NA,NA,NA,NA,NA
Brycen Tremayne,WR,CAR,1,2.5,1.7,21.5,21.5,12.7,0.1,0.1,0.3,3,0,0,2.6,2.6,2967463,CBS,16949,NA,NA,NA,NA,NA,NA,NA,NA,NA,NA,NA,NA
Jalen Coker,WR,CAR,1,2.2,1.5,23.1,23.1,15.4,0.1,0,0.1,0,0,0,2.6,2.6,3163990,CBS,16809,NA,NA,NA,NA,NA,NA,NA,NA,NA,NA,NA,NA
Jamari Thrash,WR,CLE,1,3.2,2.3,24.2,24.2,10.5,0.1,0,0.1,0,0,0,2.6,2.6,3127827,CBS,16624,NA,NA,NA,NA,NA,NA,NA,NA,NA,NA,NA,NA
Olamide Zaccheaus,WR,CHI,1,3.2,2,21.5,21.5,10.8,0.1,0.2,2.2,11,0,0,2.6,2.6,2186266,CBS,14592,NA,NA,NA,NA,NA,NA,NA,NA,NA,NA,NA,NA
Tutu Atwell,WR,LAR,1,2,1.1,21.2,21.2,19.3,0.1,0.1,0.7,7,0,0,2.6,2.6,2965372,CBS,15301,NA,NA,NA,NA,NA,NA,NA,NA,NA,NA,NA,NA
Jahan Dotson,WR,PHI,1,2.7,1.6,20.5,20.5,12.8,0.1,0,0.3,0,0,0,2.6,2.6,2962944,CBS,15755,NA,NA,NA,NA,NA,NA,NA,NA,NA,NA,NA,NA
Sterling Shepard,WR,TB,1,3.1,2,20.1,20.1,10.1,0.1,0.4,1.5,3.8,0,0,2.6,2.6,1996786,CBS,12658,NA,NA,NA,NA,NA,NA,NA,NA,NA,NA,NA,NA
Tyler Johnson,WR,NYJ,1,2.5,1.6,20.5,20.5,12.8,0.1,0,0,0,0,0,2.6,2.6,1620002,CBS,14864,NA,NA,NA,NA,NA,NA,NA,NA,NA,NA,NA,NA
Jordan Whittington,WR,LAR,1,2.1,1.6,21.2,21.2,13.3,0.1,0.5,2.1,4.2,0,0,2.6,2.6,3122843,CBS,16633,NA,NA,NA,NA,NA,NA,NA,NA,NA,NA,NA,NA
Kyle Williams,WR,NE,1,3.1,2.1,28.8,28.8,13.7,0.1,0.2,0.3,1.5,0,0.1,2.4,2.4,3167684,CBS,17134,NA,NA,NA,NA,NA,NA,NA,NA,NA,NA,NA,NA
Mack Hollins,WR,NE,1,2.4,1.6,16.9,16.9,10.6,0.2,0,0,0,0,0,2.2,2.2,2010349,CBS,13289,NA,NA,NA,NA,NA,NA,NA,NA,NA,NA,NA,NA
DeAndre Hopkins,WR,BAL,1,1.8,1.1,18.2,18.2,16.6,0.2,0,0.2,0,0,0,2.2,2.2,1737078,CBS,11232,NA,NA,NA,NA,NA,NA,NA,NA,NA,NA,NA,NA
Adonai Mitchell,WR,IND,1,3.3,1.6,29.1,29.1,18.2,0.1,0.1,0.1,1,0,0.2,2.2,2.2,26701928,CBS,16626,NA,NA,NA,NA,NA,NA,NA,NA,NA,NA,NA,NA
Nick Westbrook-Ikhine,WR,MIA,1,2.3,1.3,14.2,14.2,10.9,0.2,0,0,0,0,0,2.2,2.2,2185954,CBS,15109,NA,NA,NA,NA,NA,NA,NA,NA,NA,NA,NA,NA
Parker Washington,WR,JAC,1,2.7,1.6,16.9,16.9,10.6,0.2,0.1,-0.1,-1,0,0,2.2,2.2,3168820,CBS,16192,NA,NA,NA,NA,NA,NA,NA,NA,NA,NA,NA,NA
CeeDee Lamb,WR,DAL,1,1.2,0.8,10.6,10.6,13.3,0.1,0.7,5.2,7.4,0.1,0,2.2,2.2,2865251,CBS,14832,NA,NA,NA,NA,NA,NA,NA,NA,NA,NA,NA,NA
Hunter Renfrow,WR,CAR,1,3.2,1.9,14.8,14.8,7.8,0.2,0,0,0,0,0,2.2,2.2,2144726,CBS,14123,NA,NA,NA,NA,NA,NA,NA,NA,NA,NA,NA,NA
Ben Skowronek,WR,PIT,1,1.7,1.1,15.1,15.1,13.7,0.2,0,0.2,0,0,0,2.2,2.2,2247046,CBS,15491,NA,NA,NA,NA,NA,NA,NA,NA,NA,NA,NA,NA
Ja'Marr Chase,WR,CIN,NA,9,7,77,NA,NA,0,0,1,NA,0,NA,NA,NA,4362628,ESPN,15281,NA,NA,NA,NA,NA,NA,NA,NA,NA,NA,NA,NA
Justin Jefferson,WR,MIN,NA,NA,NA,NA,NA,NA,NA,NA,NA,NA,NA,NA,NA,NA,4262921,ESPN,14836,NA,NA,NA,NA,NA,NA,NA,NA,NA,NA,NA,NA
CeeDee Lamb,WR,DAL,NA,NA,NA,NA,NA,NA,NA,NA,NA,NA,NA,NA,NA,NA,4241389,ESPN,14832,NA,NA,NA,NA,NA,NA,NA,NA,NA,NA,NA,NA
Malik Nabers,WR,NYG,NA,NA,NA,NA,NA,NA,NA,NA,NA,NA,NA,NA,NA,NA,4595348,ESPN,16615,NA,NA,NA,NA,NA,NA,NA,NA,NA,NA,NA,NA
Puka Nacua,WR,LAR,NA,12,9,108,NA,NA,1,1,4,NA,0,NA,NA,NA,4426515,ESPN,16211,NA,NA,NA,NA,NA,NA,NA,NA,NA,NA,NA,NA
Amon-Ra St. Brown,WR,DET,NA,9,7,80,NA,NA,1,0,1,NA,0,NA,NA,NA,4374302,ESPN,15287,NA,NA,NA,NA,NA,NA,NA,NA,NA,NA,NA,NA
Nico Collins,WR,HOU,NA,NA,NA,NA,NA,NA,NA,NA,NA,NA,NA,NA,NA,NA,4258173,ESPN,15290,NA,NA,NA,NA,NA,NA,NA,NA,NA,NA,NA,NA
Brian Thomas Jr.,WR,JAC,NA,8,5,66,NA,NA,0,0,1,NA,0,NA,NA,NA,4432773,ESPN,16618,NA,NA,NA,NA,NA,NA,NA,NA,NA,NA,NA,NA
A.J. Brown,WR,PHI,NA,8,5,66,NA,NA,0,NA,NA,NA,NA,NA,NA,NA,4047646,ESPN,14104,NA,NA,NA,NA,NA,NA,NA,NA,NA,NA,NA,NA
Drake London,WR,ATL,NA,9,6,70,NA,NA,0,NA,NA,NA,NA,NA,NA,NA,4426502,ESPN,15751,NA,NA,NA,NA,NA,NA,NA,NA,NA,NA,NA,NA
Tee Higgins,WR,CIN,NA,7,5,58,NA,NA,0,NA,NA,NA,NA,NA,NA,NA,4239993,ESPN,14835,NA,NA,NA,NA,NA,NA,NA,NA,NA,NA,NA,NA
Tyreek Hill,WR,MIA,NA,NA,NA,NA,NA,NA,NA,NA,NA,NA,NA,NA,NA,NA,3116406,ESPN,12801,NA,NA,NA,NA,NA,NA,NA,NA,NA,NA,NA,NA
Ladd McConkey,WR,LAC,NA,7,5,59,NA,NA,0,NA,NA,NA,NA,NA,NA,NA,4612826,ESPN,16627,NA,NA,NA,NA,NA,NA,NA,NA,NA,NA,NA,NA
Davante Adams,WR,LAR,NA,9,5,77,NA,NA,1,NA,NA,NA,NA,NA,NA,NA,16800,ESPN,11675,NA,NA,NA,NA,NA,NA,NA,NA,NA,NA,NA,NA
Jaxon Smith-Njigba,WR,SEA,NA,9,7,86,NA,NA,0,0,2,NA,0,NA,NA,NA,4430878,ESPN,16185,NA,NA,NA,NA,NA,NA,NA,NA,NA,NA,NA,NA
Terry McLaurin,WR,WAS,NA,7,4,59,NA,NA,0,0,1,NA,0,NA,NA,NA,3121422,ESPN,14109,NA,NA,NA,NA,NA,NA,NA,NA,NA,NA,NA,NA
Garrett Wilson,WR,NYJ,NA,9,6,75,NA,NA,0,NA,NA,NA,NA,NA,NA,NA,4569618,ESPN,15753,NA,NA,NA,NA,NA,NA,NA,NA,NA,NA,NA,NA
Marvin Harrison Jr.,WR,ARI,NA,8,5,58,NA,NA,0,NA,NA,NA,NA,NA,NA,NA,4432708,ESPN,16614,NA,NA,NA,NA,NA,NA,NA,NA,NA,NA,NA,NA
DK Metcalf,WR,PIT,NA,7,4,60,NA,NA,1,NA,NA,NA,NA,NA,NA,NA,4047650,ESPN,14102,NA,NA,NA,NA,NA,NA,NA,NA,NA,NA,NA,NA
Tetairoa McMillan,WR,CAR,NA,8,5,61,NA,NA,1,NA,NA,NA,NA,NA,NA,NA,4685472,ESPN,17071,NA,NA,NA,NA,NA,NA,NA,NA,NA,NA,NA,NA
Xavier Worthy,WR,KCC,NA,8,5,68,NA,NA,0,1,6,NA,0,NA,NA,NA,4683062,ESPN,16620,NA,NA,NA,NA,NA,NA,NA,NA,NA,NA,NA,NA
Mike Evans,WR,TB,NA,NA,NA,NA,NA,NA,NA,NA,NA,NA,NA,NA,NA,NA,16737,ESPN,11671,NA,NA,NA,NA,NA,NA,NA,NA,NA,NA,NA,NA
DJ Moore,WR,CHI,NA,6,4,48,NA,NA,0,1,7,NA,0,NA,NA,NA,3915416,ESPN,13635,NA,NA,NA,NA,NA,NA,NA,NA,NA,NA,NA,NA
Zay Flowers,WR,BAL,NA,8,5,75,NA,NA,0,0,3,NA,0,NA,NA,NA,4429615,ESPN,16190,NA,NA,NA,NA,NA,NA,NA,NA,NA,NA,NA,NA
Courtland Sutton,WR,DEN,NA,7,4,55,NA,NA,1,NA,NA,NA,NA,NA,NA,NA,3128429,ESPN,13630,NA,NA,NA,NA,NA,NA,NA,NA,NA,NA,NA,NA
Calvin Ridley,WR,TEN,NA,7,4,57,NA,NA,0,0,1,NA,0,NA,NA,NA,3925357,ESPN,13629,NA,NA,NA,NA,NA,NA,NA,NA,NA,NA,NA,NA
DeVonta Smith,WR,PHI,NA,7,5,50,NA,NA,0,NA,NA,NA,NA,NA,NA,NA,4241478,ESPN,15282,NA,NA,NA,NA,NA,NA,NA,NA,NA,NA,NA,NA
Jaylen Waddle,WR,MIA,NA,9,6,75,NA,NA,0,NA,NA,NA,NA,NA,NA,NA,4372016,ESPN,15284,NA,NA,NA,NA,NA,NA,NA,NA,NA,NA,NA,NA
Jerry Jeudy,WR,CLE,NA,6,4,53,NA,NA,0,NA,NA,NA,NA,NA,NA,NA,4241463,ESPN,14833,NA,NA,NA,NA,NA,NA,NA,NA,NA,NA,NA,NA
Jameson Williams,WR,DET,NA,5,3,53,NA,NA,0,1,4,NA,0,NA,NA,NA,4426388,ESPN,15756,NA,NA,NA,NA,NA,NA,NA,NA,NA,NA,NA,NA
Rashee Rice,WR,KCC,NA,NA,NA,NA,NA,NA,NA,NA,NA,NA,NA,NA,NA,NA,4428331,ESPN,16194,NA,NA,NA,NA,NA,NA,NA,NA,NA,NA,NA,NA
George Pickens,WR,DAL,NA,8,5,73,NA,NA,1,NA,NA,NA,NA,NA,NA,NA,4426354,ESPN,15762,NA,NA,NA,NA,NA,NA,NA,NA,NA,NA,NA,NA
Rome Odunze,WR,CHI,NA,8,5,77,NA,NA,1,NA,NA,NA,NA,NA,NA,NA,4431299,ESPN,16616,NA,NA,NA,NA,NA,NA,NA,NA,NA,NA,NA,NA
Travis Hunter,WR,JAC,NA,5,3,39,NA,NA,0,NA,NA,NA,NA,NA,NA,NA,4685415,ESPN,17074,0,0,0,0,2,NA,NA,NA,NA,NA,NA,NA
Jakobi Meyers,WR,LV,NA,7,5,55,NA,NA,0,NA,NA,NA,NA,NA,NA,NA,3916433,ESPN,14127,NA,NA,NA,NA,NA,NA,NA,NA,NA,NA,NA,NA
Matthew Golden,WR,GB,NA,5,3,42,NA,NA,0,1,8,NA,0,NA,NA,NA,4701936,ESPN,17075,NA,NA,NA,NA,NA,NA,NA,NA,NA,NA,NA,NA
Emeka Egbuka,WR,TB,NA,8,5,68,NA,NA,1,0,2,NA,0,NA,NA,NA,4567750,ESPN,17081,NA,NA,NA,NA,NA,NA,NA,NA,NA,NA,NA,NA
Chris Olave,WR,NO,NA,9,6,65,NA,NA,0,NA,NA,NA,NA,NA,NA,NA,4361370,ESPN,15754,NA,NA,NA,NA,NA,NA,NA,NA,NA,NA,NA,NA
Ricky Pearsall,WR,SF,NA,6,4,63,NA,NA,0,0,1,NA,0,NA,NA,NA,4428209,ESPN,16622,NA,NA,NA,NA,NA,NA,NA,NA,NA,NA,NA,NA
Michael Pittman Jr.,WR,IND,NA,8,6,61,NA,NA,0,NA,NA,NA,NA,NA,NA,NA,4035687,ESPN,14842,NA,NA,NA,NA,NA,NA,NA,NA,NA,NA,NA,NA
Stefon Diggs,WR,NE,NA,7,6,64,NA,NA,0,NA,NA,NA,NA,NA,NA,NA,2976212,ESPN,12186,NA,NA,NA,NA,NA,NA,NA,NA,NA,NA,NA,NA
Cooper Kupp,WR,SEA,NA,7,4,59,NA,NA,0,NA,NA,NA,NA,NA,NA,NA,2977187,ESPN,13164,NA,NA,NA,NA,NA,NA,NA,NA,NA,NA,NA,NA
Jordan Addison,WR,MIN,NA,NA,NA,NA,NA,NA,NA,NA,NA,NA,NA,NA,NA,NA,4429205,ESPN,16186,NA,NA,NA,NA,NA,NA,NA,NA,NA,NA,NA,NA
Jauan Jennings,WR,SF,NA,7,4,65,NA,NA,0,NA,NA,NA,NA,NA,NA,NA,3886598,ESPN,14860,NA,NA,NA,NA,NA,NA,NA,NA,NA,NA,NA,NA
Deebo Samuel,WR,WAS,NA,7,5,65,NA,NA,0,2,11,NA,0,NA,NA,NA,3126486,ESPN,14136,NA,NA,NA,NA,NA,NA,NA,NA,NA,NA,NA,NA
Khalil Shakir,WR,BUF,NA,5,4,45,NA,NA,0,0,1,NA,0,NA,NA,NA,4373678,ESPN,15761,NA,NA,NA,NA,NA,NA,NA,NA,NA,NA,NA,NA
Keon Coleman,WR,BUF,NA,5,3,46,NA,NA,0,NA,NA,NA,NA,NA,NA,NA,4635008,ESPN,16617,NA,NA,NA,NA,NA,NA,NA,NA,NA,NA,NA,NA
Chris Godwin Jr.,WR,TB,NA,7,5,53,NA,NA,0,0,1,NA,0,NA,NA,NA,3116165,ESPN,13163,NA,NA,NA,NA,NA,NA,NA,NA,NA,NA,NA,NA
Josh Downs,WR,IND,NA,5,4,37,NA,NA,0,NA,NA,NA,NA,NA,NA,NA,4688813,ESPN,16187,NA,NA,NA,NA,NA,NA,NA,NA,NA,NA,NA,NA
Jayden Reed,WR,GB,NA,NA,NA,NA,NA,NA,NA,NA,NA,NA,NA,NA,NA,NA,4362249,ESPN,16184,NA,NA,NA,NA,NA,NA,NA,NA,NA,NA,NA,NA
Keenan Allen,WR,LAC,NA,8,6,62,NA,NA,1,NA,NA,NA,NA,NA,NA,NA,15818,ESPN,11222,NA,NA,NA,NA,NA,NA,NA,NA,NA,NA,NA,NA
Darnell Mooney,WR,ATL,NA,6,4,49,NA,NA,0,NA,NA,NA,NA,NA,NA,NA,4040655,ESPN,14974,NA,NA,NA,NA,NA,NA,NA,NA,NA,NA,NA,NA
Rashid Shaheed,WR,NO,NA,5,4,43,NA,NA,0,0,2,NA,0,NA,NA,NA,4032473,ESPN,16080,NA,NA,NA,NA,NA,NA,NA,NA,NA,NA,NA,NA
Xavier Legette,WR,CAR,NA,4,2,28,NA,NA,0,1,3,NA,0,NA,NA,NA,4430034,ESPN,16639,NA,NA,NA,NA,NA,NA,NA,NA,NA,NA,NA,NA
Cedric Tillman,WR,CLE,NA,NA,NA,NA,NA,NA,NA,NA,NA,NA,NA,NA,NA,NA,4369863,ESPN,16191,NA,NA,NA,NA,NA,NA,NA,NA,NA,NA,NA,NA
Hollywood Brown,WR,KCC,NA,6,4,45,NA,NA,0,NA,NA,NA,NA,NA,NA,NA,4241372,ESPN,14105,NA,NA,NA,NA,NA,NA,NA,NA,NA,NA,NA,NA
Jayden Higgins,WR,HOU,NA,NA,NA,NA,NA,NA,NA,NA,NA,NA,NA,NA,NA,NA,4877706,ESPN,17083,NA,NA,NA,NA,NA,NA,NA,NA,NA,NA,NA,NA
Wan'Dale Robinson,WR,NYG,NA,7,5,47,NA,NA,0,0,1,NA,0,NA,NA,NA,4569587,ESPN,15757,NA,NA,NA,NA,NA,NA,NA,NA,NA,NA,NA,NA
Marvin Mims Jr.,WR,DEN,NA,4,3,38,NA,NA,0,1,3,NA,0,NA,NA,NA,4686472,ESPN,16189,NA,NA,NA,NA,NA,NA,NA,NA,NA,NA,NA,NA
Rashod Bateman,WR,BAL,NA,5,3,45,NA,NA,0,NA,NA,NA,NA,NA,NA,NA,4360939,ESPN,15293,NA,NA,NA,NA,NA,NA,NA,NA,NA,NA,NA,NA
DeMario Douglas,WR,NE,NA,2,2,18,NA,NA,0,0,1,NA,0,NA,NA,NA,4427095,ESPN,16342,NA,NA,NA,NA,NA,NA,NA,NA,NA,NA,NA,NA
Christian Kirk,WR,HOU,NA,NA,NA,NA,NA,NA,NA,NA,NA,NA,NA,NA,NA,NA,3895856,ESPN,13633,NA,NA,NA,NA,NA,NA,NA,NA,NA,NA,NA,NA
Jalen Coker,WR,CAR,NA,3,2,24,NA,NA,0,NA,NA,NA,NA,NA,NA,NA,4695883,ESPN,16809,NA,NA,NA,NA,NA,NA,NA,NA,NA,NA,NA,NA
Brandon Aiyuk,WR,SF,NA,NA,NA,NA,NA,NA,NA,NA,NA,NA,NA,NA,NA,NA,4360438,ESPN,14840,NA,NA,NA,NA,NA,NA,NA,NA,NA,NA,NA,NA
Joshua Palmer,WR,BUF,NA,3,2,21,NA,NA,0,NA,NA,NA,NA,NA,NA,NA,4242433,ESPN,15319,NA,NA,NA,NA,NA,NA,NA,NA,NA,NA,NA,NA
Romeo Doubs,WR,GB,NA,5,3,44,NA,NA,1,NA,NA,NA,NA,NA,NA,NA,4361432,ESPN,15779,NA,NA,NA,NA,NA,NA,NA,NA,NA,NA,NA,NA
Tre' Harris,WR,LAC,NA,1,1,8,NA,NA,0,NA,NA,NA,NA,NA,NA,NA,4686612,ESPN,17072,NA,NA,NA,NA,NA,NA,NA,NA,NA,NA,NA,NA
Michael Wilson,WR,ARI,NA,5,3,32,NA,NA,0,NA,NA,NA,NA,NA,NA,NA,4360761,ESPN,16206,NA,NA,NA,NA,NA,NA,NA,NA,NA,NA,NA,NA
Amari Cooper,WR,LV,NA,NA,NA,NA,NA,NA,NA,NA,NA,NA,NA,NA,NA,NA,2976499,ESPN,12175,NA,NA,NA,NA,NA,NA,NA,NA,NA,NA,NA,NA
Luther Burden III,WR,CHI,NA,3,2,20,NA,NA,0,0,1,NA,0,NA,NA,NA,4685278,ESPN,17070,NA,NA,NA,NA,NA,NA,NA,NA,NA,NA,NA,NA
Darius Slayton,WR,NYG,NA,5,3,43,NA,NA,0,0,1,NA,0,NA,NA,NA,3916945,ESPN,14122,NA,NA,NA,NA,NA,NA,NA,NA,NA,NA,NA,NA
Nick Westbrook-Ikhine,WR,MIA,NA,4,2,31,NA,NA,0,NA,NA,NA,NA,NA,NA,NA,3929785,ESPN,15109,NA,NA,NA,NA,NA,NA,NA,NA,NA,NA,NA,NA
Adam Thielen,WR,MIN,NA,NA,NA,NA,NA,NA,NA,NA,NA,NA,NA,NA,NA,NA,16460,ESPN,11938,NA,NA,NA,NA,NA,NA,NA,NA,NA,NA,NA,NA
DeAndre Hopkins,WR,BAL,NA,3,2,21,NA,NA,0,NA,NA,NA,NA,NA,NA,NA,15795,ESPN,11232,NA,NA,NA,NA,NA,NA,NA,NA,NA,NA,NA,NA
Elic Ayomanor,WR,TEN,NA,6,4,40,NA,NA,0,NA,NA,NA,NA,NA,NA,NA,4883647,ESPN,17073,NA,NA,NA,NA,NA,NA,NA,NA,NA,NA,NA,NA
Pat Bryant,WR,DEN,NA,1,1,6,NA,NA,0,NA,NA,NA,NA,NA,NA,NA,4600981,ESPN,17082,NA,NA,NA,NA,NA,NA,NA,NA,NA,NA,NA,NA
Tutu Atwell,WR,LAR,NA,3,2,29,NA,NA,0,NA,NA,NA,NA,NA,NA,NA,4360797,ESPN,15301,NA,NA,NA,NA,NA,NA,NA,NA,NA,NA,NA,NA
Josh Reynolds,WR,NYJ,NA,3,2,19,NA,NA,0,NA,NA,NA,NA,NA,NA,NA,3115306,ESPN,13168,NA,NA,NA,NA,NA,NA,NA,NA,NA,NA,NA,NA
Ray-Ray McCloud III,WR,ATL,NA,3,2,24,NA,NA,0,0,2,NA,0,NA,NA,NA,3728262,ESPN,13641,NA,NA,NA,NA,NA,NA,NA,NA,NA,NA,NA,NA
Dyami Brown,WR,JAC,NA,5,3,38,NA,NA,0,1,3,NA,0,NA,NA,NA,4361577,ESPN,15292,NA,NA,NA,NA,NA,NA,NA,NA,NA,NA,NA,NA
Calvin Austin III,WR,PIT,NA,NA,NA,NA,NA,NA,NA,NA,NA,NA,NA,NA,NA,NA,4243389,ESPN,15777,NA,NA,NA,NA,NA,NA,NA,NA,NA,NA,NA,NA
Noah Brown,WR,WAS,NA,2,2,19,NA,NA,0,NA,NA,NA,NA,NA,NA,NA,3121409,ESPN,13172,NA,NA,NA,NA,NA,NA,NA,NA,NA,NA,NA,NA
Tyler Lockett,WR,TEN,NA,3,2,17,NA,NA,0,NA,NA,NA,NA,NA,NA,NA,2577327,ESPN,12187,NA,NA,NA,NA,NA,NA,NA,NA,NA,NA,NA,NA
Quentin Johnston,WR,LAC,NA,8,5,72,NA,NA,1,0,3,NA,0,NA,NA,NA,4429025,ESPN,16188,NA,NA,NA,NA,NA,NA,NA,NA,NA,NA,NA,NA
Christian Watson,WR,GB,NA,NA,NA,NA,NA,NA,NA,NA,NA,NA,NA,NA,NA,NA,4248528,ESPN,15789,NA,NA,NA,NA,NA,NA,NA,NA,NA,NA,NA,NA
Adonai Mitchell,WR,IND,NA,2,1,15,NA,NA,0,NA,NA,NA,NA,NA,NA,NA,4597500,ESPN,16626,NA,NA,NA,NA,NA,NA,NA,NA,NA,NA,NA,NA
Troy Franklin,WR,DEN,NA,5,3,42,NA,NA,0,0,2,NA,0,NA,NA,NA,4431280,ESPN,16619,NA,NA,NA,NA,NA,NA,NA,NA,NA,NA,NA,NA
KaVontae Turpin,WR,DAL,NA,4,2,29,NA,NA,0,2,9,NA,0,NA,NA,NA,3676833,ESPN,15981,NA,NA,NA,NA,NA,NA,NA,NA,NA,NA,NA,NA
Allen Lazard,WR,NYJ,NA,1,0,6,NA,NA,0,NA,NA,NA,NA,NA,NA,NA,3128390,ESPN,13632,NA,NA,NA,NA,NA,NA,NA,NA,NA,NA,NA,NA
Andrei Iosivas,WR,CIN,NA,4,2,28,NA,NA,0,NA,NA,NA,NA,NA,NA,NA,4368003,ESPN,16207,NA,NA,NA,NA,NA,NA,NA,NA,NA,NA,NA,NA
Alec Pierce,WR,IND,NA,4,2,34,NA,NA,0,NA,NA,NA,NA,NA,NA,NA,4360078,ESPN,15768,NA,NA,NA,NA,NA,NA,NA,NA,NA,NA,NA,NA
Devaughn Vele,WR,NO,NA,1,1,8,NA,NA,0,NA,NA,NA,NA,NA,NA,NA,4569559,ESPN,16788,NA,NA,NA,NA,NA,NA,NA,NA,NA,NA,NA,NA
Jalen Tolbert,WR,DAL,NA,4,2,29,NA,NA,0,NA,NA,NA,NA,NA,NA,NA,4249417,ESPN,15788,NA,NA,NA,NA,NA,NA,NA,NA,NA,NA,NA,NA
Roman Wilson,WR,PIT,NA,3,2,20,NA,NA,0,NA,NA,NA,NA,NA,NA,NA,4431492,ESPN,16629,NA,NA,NA,NA,NA,NA,NA,NA,NA,NA,NA,NA
Kayshon Boutte,WR,NE,NA,4,2,33,NA,NA,0,NA,NA,NA,NA,NA,NA,NA,4429022,ESPN,16193,NA,NA,NA,NA,NA,NA,NA,NA,NA,NA,NA,NA
David Moore,WR,CAR,NA,NA,NA,NA,NA,NA,NA,NA,NA,NA,NA,NA,NA,NA,4212909,ESPN,13348,NA,NA,NA,NA,NA,NA,NA,NA,NA,NA,NA,NA
Tre Tucker,WR,LV,NA,5,3,43,NA,NA,0,1,7,NA,0,NA,NA,NA,4428718,ESPN,16287,NA,NA,NA,NA,NA,NA,NA,NA,NA,NA,NA,NA
Van Jefferson,WR,TEN,NA,1,1,6,NA,NA,0,NA,NA,NA,NA,NA,NA,NA,3930066,ESPN,14858,NA,NA,NA,NA,NA,NA,NA,NA,NA,NA,NA,NA
Brandin Cooks,WR,NO,NA,2,2,16,NA,NA,0,NA,NA,NA,NA,NA,NA,NA,16731,ESPN,11674,NA,NA,NA,NA,NA,NA,NA,NA,NA,NA,NA,NA
Greg Dortch,WR,ARI,NA,2,1,12,NA,NA,0,1,3,NA,0,NA,NA,NA,4037235,ESPN,14108,NA,NA,NA,NA,NA,NA,NA,NA,NA,NA,NA,NA
Jamari Thrash,WR,CLE,NA,2,1,13,NA,NA,0,NA,NA,NA,NA,NA,NA,NA,4428678,ESPN,16624,NA,NA,NA,NA,NA,NA,NA,NA,NA,NA,NA,NA
Jordan Whittington,WR,LAR,NA,2,1,15,NA,NA,0,1,3,NA,0,NA,NA,NA,4569382,ESPN,16633,NA,NA,NA,NA,NA,NA,NA,NA,NA,NA,NA,NA
Jalen McMillan,WR,TB,NA,NA,NA,NA,NA,NA,NA,NA,NA,NA,NA,NA,NA,NA,4430834,ESPN,16628,NA,NA,NA,NA,NA,NA,NA,NA,NA,NA,NA,NA
Isaac TeSlaa,WR,DET,NA,1,1,7,NA,NA,0,NA,NA,NA,NA,NA,NA,NA,5123663,ESPN,17157,NA,NA,NA,NA,NA,NA,NA,NA,NA,NA,NA,NA
Tory Horton,WR,SEA,NA,4,2,32,NA,NA,0,NA,NA,NA,NA,NA,NA,NA,4597703,ESPN,17098,NA,NA,NA,NA,NA,NA,NA,NA,NA,NA,NA,NA
Malik Washington,WR,MIA,NA,5,3,35,NA,NA,0,2,10,NA,0,NA,NA,NA,4569603,ESPN,16684,NA,NA,NA,NA,NA,NA,NA,NA,NA,NA,NA,NA
Kyle Williams,WR,NE,NA,1,0,5,NA,NA,0,0,1,NA,0,NA,NA,NA,4613202,ESPN,17134,NA,NA,NA,NA,NA,NA,NA,NA,NA,NA,NA,NA
Jermaine Burton,WR,CIN,NA,NA,NA,NA,NA,NA,NA,NA,NA,NA,NA,NA,NA,NA,4429033,ESPN,16632,NA,NA,NA,NA,NA,NA,NA,NA,NA,NA,NA,NA
Dont'e Thornton Jr.,WR,LV,NA,3,2,22,NA,NA,0,NA,NA,NA,NA,NA,NA,NA,4432775,ESPN,17087,NA,NA,NA,NA,NA,NA,NA,NA,NA,NA,NA,NA
Curtis Samuel,WR,BUF,NA,2,2,15,NA,NA,0,0,2,NA,0,NA,NA,NA,3121427,ESPN,13157,NA,NA,NA,NA,NA,NA,NA,NA,NA,NA,NA,NA
JuJu Smith-Schuster,WR,KCC,NA,4,3,28,NA,NA,0,NA,NA,NA,NA,NA,NA,NA,3120348,ESPN,13156,NA,NA,NA,NA,NA,NA,NA,NA,NA,NA,NA,NA
Parker Washington,WR,JAC,NA,3,2,18,NA,NA,0,0,1,NA,0,NA,NA,NA,4432620,ESPN,16192,NA,NA,NA,NA,NA,NA,NA,NA,NA,NA,NA,NA
Xavier Hutchinson,WR,HOU,NA,NA,NA,NA,NA,NA,NA,NA,NA,NA,NA,NA,NA,NA,4686422,ESPN,16201,NA,NA,NA,NA,NA,NA,NA,NA,NA,NA,NA,NA
Jack Bech,WR,LV,NA,2,1,16,NA,NA,0,NA,NA,NA,NA,NA,NA,NA,4603186,ESPN,17078,NA,NA,NA,NA,NA,NA,NA,NA,NA,NA,NA,NA
Chimere Dike,WR,TEN,NA,3,2,21,NA,NA,0,2,9,NA,0,NA,NA,NA,4431268,ESPN,17171,NA,NA,NA,NA,NA,NA,NA,NA,NA,NA,NA,NA
Olamide Zaccheaus,WR,CHI,NA,4,3,35,NA,NA,0,0,3,NA,0,NA,NA,NA,3917914,ESPN,14592,NA,NA,NA,NA,NA,NA,NA,NA,NA,NA,NA,NA
Jaylin Noel,WR,HOU,NA,NA,NA,NA,NA,NA,NA,NA,NA,NA,NA,NA,NA,NA,4586312,ESPN,17080,NA,NA,NA,NA,NA,NA,NA,NA,NA,NA,NA,NA
Jake Bobo,WR,SEA,NA,0,0,1,NA,NA,0,NA,NA,NA,NA,NA,NA,NA,4360405,ESPN,16393,NA,NA,NA,NA,NA,NA,NA,NA,NA,NA,NA,NA
Zay Jones,WR,ARI,NA,2,2,15,NA,NA,0,NA,NA,NA,NA,NA,NA,NA,3059722,ESPN,13176,NA,NA,NA,NA,NA,NA,NA,NA,NA,NA,NA,NA
Elijah Moore,WR,BUF,NA,NA,NA,NA,NA,NA,NA,NA,NA,NA,NA,NA,NA,NA,4372414,ESPN,15288,NA,NA,NA,NA,NA,NA,NA,NA,NA,NA,NA,NA
Isaiah Bond,WR,CLE,NA,3,2,25,NA,NA,0,NA,NA,NA,NA,NA,NA,NA,4808839,ESPN,17076,NA,NA,NA,NA,NA,NA,NA,NA,NA,NA,NA,NA
Kalif Raymond,WR,DET,NA,2,2,18,NA,NA,0,0,1,NA,0,NA,NA,NA,2973405,ESPN,13066,NA,NA,NA,NA,NA,NA,NA,NA,NA,NA,NA,NA
Luke McCaffrey,WR,WAS,NA,2,1,14,NA,NA,0,NA,NA,NA,NA,NA,NA,NA,4426948,ESPN,16635,NA,NA,NA,NA,NA,NA,NA,NA,NA,NA,NA,NA
Mack Hollins,WR,NE,NA,2,1,14,NA,NA,0,NA,NA,NA,NA,NA,NA,NA,2991662,ESPN,13289,NA,NA,NA,NA,NA,NA,NA,NA,NA,NA,NA,NA
KhaDarel Hodge,WR,ATL,NA,NA,NA,NA,NA,NA,NA,NA,NA,NA,NA,NA,NA,NA,3047876,ESPN,13963,NA,NA,NA,NA,NA,NA,NA,NA,NA,NA,NA,NA
Jahan Dotson,WR,PHI,NA,2,1,13,NA,NA,0,NA,NA,NA,NA,NA,NA,NA,4361409,ESPN,15755,NA,NA,NA,NA,NA,NA,NA,NA,NA,NA,NA,NA
Demarcus Robinson,WR,SF,NA,1,1,13,NA,NA,0,NA,NA,NA,NA,NA,NA,NA,3043116,ESPN,12785,NA,NA,NA,NA,NA,NA,NA,NA,NA,NA,NA,NA
Jalen Nailor,WR,MIN,NA,NA,NA,NA,NA,NA,NA,NA,NA,NA,NA,NA,NA,NA,4382466,ESPN,15786,NA,NA,NA,NA,NA,NA,NA,NA,NA,NA,NA,NA
Sterling Shepard,WR,TB,NA,4,3,32,NA,NA,0,0,2,NA,0,NA,NA,NA,2976592,ESPN,12658,NA,NA,NA,NA,NA,NA,NA,NA,NA,NA,NA,NA
Jaylin Lane,WR,WAS,NA,2,1,16,NA,NA,0,NA,NA,NA,NA,NA,NA,NA,4602667,ESPN,17184,NA,NA,NA,NA,NA,NA,NA,NA,NA,NA,NA,NA
Arian Smith,WR,NYJ,NA,1,1,6,NA,NA,0,0,1,NA,0,NA,NA,NA,4429105,ESPN,17175,NA,NA,NA,NA,NA,NA,NA,NA,NA,NA,NA,NA
Savion Williams,WR,GB,NA,1,1,12,NA,NA,0,1,8,NA,0,NA,NA,NA,4431487,ESPN,17096,NA,NA,NA,NA,NA,NA,NA,NA,NA,NA,NA,NA
Dontayvion Wicks,WR,GB,NA,4,2,38,NA,NA,0,NA,NA,NA,NA,NA,NA,NA,4428850,ESPN,16195,NA,NA,NA,NA,NA,NA,NA,NA,NA,NA,NA,NA
Tyquan Thornton,WR,KCC,NA,3,2,26,NA,NA,0,NA,NA,NA,NA,NA,NA,NA,4362921,ESPN,15787,NA,NA,NA,NA,NA,NA,NA,NA,NA,NA,NA,NA
Derius Davis,WR,LAC,NA,NA,NA,NA,NA,NA,NA,1,4,NA,0,NA,NA,NA,4362477,ESPN,16299,NA,NA,NA,NA,NA,NA,NA,NA,NA,NA,NA,NA
Ryan Flournoy,WR,DAL,NA,4,2,27,NA,NA,0,0,1,NA,0,NA,NA,NA,5083754,ESPN,16778,NA,NA,NA,NA,NA,NA,NA,NA,NA,NA,NA,NA
Tim Patrick,WR,JAC,NA,1,0,5,NA,NA,0,NA,NA,NA,NA,NA,NA,NA,3134353,ESPN,13377,NA,NA,NA,NA,NA,NA,NA,NA,NA,NA,NA,NA
Xavier Gipson,WR,PHI,NA,NA,NA,NA,NA,NA,NA,NA,NA,NA,NA,NA,NA,NA,4427278,ESPN,16416,NA,NA,NA,NA,NA,NA,NA,NA,NA,NA,NA,NA
Jordan Watkins,WR,SF,NA,NA,NA,NA,NA,NA,NA,NA,NA,NA,NA,NA,NA,NA,4431466,ESPN,17192,NA,NA,NA,NA,NA,NA,NA,NA,NA,NA,NA,NA
Tez Johnson,WR,TB,NA,2,1,14,NA,NA,0,0,2,NA,0,NA,NA,NA,4608810,ESPN,17079,NA,NA,NA,NA,NA,NA,NA,NA,NA,NA,NA,NA
Efton Chism III,WR,NE,NA,NA,NA,NA,NA,NA,NA,NA,NA,NA,NA,NA,NA,NA,4695193,ESPN,17269,NA,NA,NA,NA,NA,NA,NA,NA,NA,NA,NA,NA
Scotty Miller,WR,PIT,NA,2,1,13,NA,NA,0,NA,NA,NA,NA,NA,NA,NA,3914397,ESPN,14280,NA,NA,NA,NA,NA,NA,NA,NA,NA,NA,NA,NA
Trey Palmer,WR,NO,NA,NA,NA,NA,NA,NA,NA,NA,NA,NA,NA,NA,NA,NA,4426407,ESPN,16199,NA,NA,NA,NA,NA,NA,NA,NA,NA,NA,NA,NA
Jamal Agnew,WR,ATL,NA,NA,NA,NA,NA,NA,NA,NA,NA,NA,NA,NA,NA,NA,3061612,ESPN,13308,NA,NA,NA,NA,NA,NA,NA,NA,NA,NA,NA,NA
Tai Felton,WR,MIN,NA,NA,NA,NA,NA,NA,NA,NA,NA,NA,NA,NA,NA,NA,4565185,ESPN,17097,NA,NA,NA,NA,NA,NA,NA,NA,NA,NA,NA,NA
Jalen Royals,WR,KCC,NA,NA,NA,NA,NA,NA,NA,NA,NA,NA,NA,NA,NA,NA,5082630,ESPN,17086,NA,NA,NA,NA,NA,NA,NA,NA,NA,NA,NA,NA
Jimmy Horn Jr.,WR,CAR,NA,1,1,6,NA,NA,0,NA,NA,NA,NA,NA,NA,NA,4708486,ESPN,17234,NA,NA,NA,NA,NA,NA,NA,NA,NA,NA,NA,NA
Trent Sherfield Sr.,WR,DEN,NA,0,0,2,NA,NA,0,NA,NA,NA,NA,NA,NA,NA,3122168,ESPN,13893,NA,NA,NA,NA,NA,NA,NA,NA,NA,NA,NA,NA
Skyy Moore,WR,SF,NA,NA,NA,NA,NA,NA,NA,NA,NA,NA,NA,NA,NA,NA,4430191,ESPN,15766,NA,NA,NA,NA,NA,NA,NA,NA,NA,NA,NA,NA
Bryce Oliver,WR,TEN,NA,NA,NA,NA,NA,NA,NA,NA,NA,NA,NA,NA,NA,NA,4362617,ESPN,16975,NA,NA,NA,NA,NA,NA,NA,NA,NA,NA,NA,NA
Puka Nacua,WR,LAR,NA,NA,8.3,103.1,NA,NA,0.5,0.9,5.6,NA,0.1,0,14.3,NA,23180,FantasyPros,16211,NA,NA,NA,NA,NA,NA,NA,NA,NA,NA,NA,NA
Amon-Ra St. Brown,WR,DET,NA,NA,6.9,78,NA,NA,0.7,0.1,0.7,NA,0,0,11.8,NA,19799,FantasyPros,15287,NA,NA,NA,NA,NA,NA,NA,NA,NA,NA,NA,NA
Jaxon Smith-Njigba,WR,SEA,NA,NA,6.3,87.1,NA,NA,0.5,0.4,2,NA,0,0.1,11.5,NA,23070,FantasyPros,16185,NA,NA,NA,NA,NA,NA,NA,NA,NA,NA,NA,NA
George Pickens,WR,DAL,NA,NA,4.9,77.2,NA,NA,0.6,0,0.3,NA,0,0,11.5,NA,22963,FantasyPros,15762,NA,NA,NA,NA,NA,NA,NA,NA,NA,NA,NA,NA
Emeka Egbuka,WR,TB,NA,NA,5.1,71.9,NA,NA,0.6,0.2,1.2,NA,0,0.1,11.1,NA,23062,FantasyPros,17081,NA,NA,NA,NA,NA,NA,NA,NA,NA,NA,NA,NA
Davante Adams,WR,LAR,NA,NA,4.9,69.5,NA,NA,0.6,0,0,NA,0,0,10.6,NA,12123,FantasyPros,11675,NA,NA,NA,NA,NA,NA,NA,NA,NA,NA,NA,NA
Rome Odunze,WR,CHI,NA,NA,4.5,69.3,NA,NA,0.6,0.1,0.3,NA,0,0,10.3,NA,25411,FantasyPros,16616,NA,NA,NA,NA,NA,NA,NA,NA,NA,NA,NA,NA
Ja'Marr Chase,WR,CIN,NA,NA,6.1,73.6,NA,NA,0.5,0.2,1,NA,0,0.1,10.1,NA,19788,FantasyPros,15281,NA,NA,NA,NA,NA,NA,NA,NA,NA,NA,NA,NA
Quentin Johnston,WR,LAC,NA,NA,4.6,65.4,NA,NA,0.6,0.3,1.5,NA,0,0.1,9.9,NA,23123,FantasyPros,16188,NA,NA,NA,NA,NA,NA,NA,NA,NA,NA,NA,NA
Deebo Samuel Sr.,WR,WAS,NA,NA,4.6,57.2,NA,NA,0.4,1.6,9.9,NA,0.1,0,9.8,NA,18244,FantasyPros,14136,NA,NA,NA,NA,NA,NA,NA,NA,NA,NA,NA,NA
Jaylen Waddle,WR,MIA,NA,NA,5.5,71.5,NA,NA,0.4,0.2,0.6,NA,0,0,9.6,NA,19790,FantasyPros,15284,NA,NA,NA,NA,NA,NA,NA,NA,NA,NA,NA,NA
Tetairoa McMillan,WR,CAR,NA,NA,5,69.3,NA,NA,0.4,0,0.4,NA,0,0.1,9.5,NA,25417,FantasyPros,17071,NA,NA,NA,NA,NA,NA,NA,NA,NA,NA,NA,NA
DK Metcalf,WR,PIT,NA,NA,3.9,61.3,NA,NA,0.6,0,0.1,NA,0,0,9.4,NA,18219,FantasyPros,14102,NA,NA,NA,NA,NA,NA,NA,NA,NA,NA,NA,NA
Courtland Sutton,WR,DEN,NA,NA,4.8,64,NA,NA,0.5,0,0,NA,0,0.1,9.3,NA,17253,FantasyPros,13630,NA,NA,NA,NA,NA,NA,NA,NA,NA,NA,NA,NA
A.J. Brown,WR,PHI,NA,NA,4.8,66.4,NA,NA,0.4,0,0,NA,0,0,9.1,NA,18218,FantasyPros,14104,NA,NA,NA,NA,NA,NA,NA,NA,NA,NA,NA,NA
Keenan Allen,WR,LAC,NA,NA,5.5,61.8,NA,NA,0.5,0,0.1,NA,0,0,9.1,NA,11616,FantasyPros,11222,NA,NA,NA,NA,NA,NA,NA,NA,NA,NA,NA,NA
Zay Flowers,WR,BAL,NA,NA,4.8,62.7,NA,NA,0.3,0.7,3.1,NA,0,0,8.7,NA,22916,FantasyPros,16190,NA,NA,NA,NA,NA,NA,NA,NA,NA,NA,NA,NA
Garrett Wilson,WR,NYJ,NA,NA,5.4,65.2,NA,NA,0.4,0,0.5,NA,0,0.1,8.7,NA,23072,FantasyPros,15753,NA,NA,NA,NA,NA,NA,NA,NA,NA,NA,NA,NA
Brian Thomas Jr.,WR,JAC,NA,NA,4.3,62.8,NA,NA,0.4,0.2,1.2,NA,0,0,8.6,NA,23000,FantasyPros,16618,NA,NA,NA,NA,NA,NA,NA,NA,NA,NA,NA,NA
Xavier Worthy,WR,KC,NA,NA,4.3,54.4,NA,NA,0.4,1.3,7.2,NA,0.1,0,8.6,NA,23019,FantasyPros,16620,NA,NA,NA,NA,NA,NA,NA,NA,NA,NA,NA,NA
Drake London,WR,ATL,NA,NA,5.4,67.9,NA,NA,0.3,0,0.1,NA,0,0.1,8.6,NA,23163,FantasyPros,15751,NA,NA,NA,NA,NA,NA,NA,NA,NA,NA,NA,NA
Jakobi Meyers,WR,LV,NA,NA,5.7,64.1,NA,NA,0.3,0,0.7,NA,0,0,8.5,NA,18598,FantasyPros,14127,NA,NA,NA,NA,NA,NA,NA,NA,NA,NA,NA,NA
Marvin Harrison Jr.,WR,ARI,NA,NA,4.4,60.3,NA,NA,0.4,0,0.1,NA,0,0,8.5,NA,23064,FantasyPros,16614,NA,NA,NA,NA,NA,NA,NA,NA,NA,NA,NA,NA
Ladd McConkey,WR,LAC,NA,NA,4.8,60.9,NA,NA,0.4,0,0.1,NA,0,0,8.3,NA,26122,FantasyPros,16627,NA,NA,NA,NA,NA,NA,NA,NA,NA,NA,NA,NA
Ricky Pearsall,WR,SF,NA,NA,4.2,62.7,NA,NA,0.3,0.3,1.4,NA,0,0,8.1,NA,26214,FantasyPros,16622,NA,NA,NA,NA,NA,NA,NA,NA,NA,NA,NA,NA
Michael Pittman Jr.,WR,IND,NA,NA,5.2,58.3,NA,NA,0.4,0,0.1,NA,0,0,8,NA,19278,FantasyPros,14842,NA,NA,NA,NA,NA,NA,NA,NA,NA,NA,NA,NA
DJ Moore,WR,CHI,NA,NA,4.1,52.8,NA,NA,0.3,1.1,5.4,NA,0,0.1,7.8,NA,17265,FantasyPros,13635,NA,NA,NA,NA,NA,NA,NA,NA,NA,NA,NA,NA
Chris Godwin Jr.,WR,TB,NA,NA,4.8,54.8,NA,NA,0.4,0.1,0.5,NA,0,0,7.7,NA,16406,FantasyPros,13163,NA,NA,NA,NA,NA,NA,NA,NA,NA,NA,NA,NA
Chris Olave,WR,NO,NA,NA,5.4,58.9,NA,NA,0.3,0,0.1,NA,0,0,7.6,NA,20111,FantasyPros,15754,NA,NA,NA,NA,NA,NA,NA,NA,NA,NA,NA,NA
Romeo Doubs,WR,GB,NA,NA,3.1,43.9,NA,NA,0.5,0,0,NA,0,0,7.5,NA,23794,FantasyPros,15779,NA,NA,NA,NA,NA,NA,NA,NA,NA,NA,NA,NA
DeVonta Smith,WR,PHI,NA,NA,4.6,53.8,NA,NA,0.4,0,0.1,NA,0,0,7.5,NA,19222,FantasyPros,15282,NA,NA,NA,NA,NA,NA,NA,NA,NA,NA,NA,NA
Stefon Diggs,WR,NE,NA,NA,4.9,57.3,NA,NA,0.3,0,0.4,NA,0,0,7.5,NA,13981,FantasyPros,12186,NA,NA,NA,NA,NA,NA,NA,NA,NA,NA,NA,NA
Jameson Williams,WR,DET,NA,NA,3.1,52,NA,NA,0.3,0.5,3.1,NA,0,0,7.4,NA,23677,FantasyPros,15756,NA,NA,NA,NA,NA,NA,NA,NA,NA,NA,NA,NA
Terry McLaurin,WR,WAS,NA,NA,3.7,52,NA,NA,0.3,0.1,0.5,NA,0,0,7.3,NA,18466,FantasyPros,14109,NA,NA,NA,NA,NA,NA,NA,NA,NA,NA,NA,NA
Tre Tucker,WR,LV,NA,NA,3.6,47,NA,NA,0.3,0.8,4.6,NA,0,0,7.2,NA,25337,FantasyPros,16287,NA,NA,NA,NA,NA,NA,NA,NA,NA,NA,NA,NA
Keon Coleman,WR,BUF,NA,NA,3.5,48.9,NA,NA,0.4,0,0.1,NA,0,0.1,7.1,NA,26019,FantasyPros,16617,NA,NA,NA,NA,NA,NA,NA,NA,NA,NA,NA,NA
Tee Higgins,WR,CIN,NA,NA,4,49.5,NA,NA,0.4,0,0,NA,0,0,7,NA,19211,FantasyPros,14835,NA,NA,NA,NA,NA,NA,NA,NA,NA,NA,NA,NA
Cooper Kupp,WR,SEA,NA,NA,4.2,51.3,NA,NA,0.3,0,0.2,NA,0,0,7,NA,16433,FantasyPros,13164,NA,NA,NA,NA,NA,NA,NA,NA,NA,NA,NA,NA
Jauan Jennings,WR,SF,NA,NA,3.6,51.1,NA,NA,0.3,0,0.1,NA,0,0,6.9,NA,19590,FantasyPros,14860,NA,NA,NA,NA,NA,NA,NA,NA,NA,NA,NA,NA
Calvin Ridley,WR,TEN,NA,NA,3.4,52.5,NA,NA,0.3,0.2,1,NA,0,0,6.9,NA,17258,FantasyPros,13629,NA,NA,NA,NA,NA,NA,NA,NA,NA,NA,NA,NA
Rashid Shaheed,WR,NO,NA,NA,3.5,47.7,NA,NA,0.3,0.3,1.4,NA,0,0,6.6,NA,24687,FantasyPros,16080,NA,NA,NA,NA,NA,NA,NA,NA,NA,NA,NA,NA
Matthew Golden,WR,GB,NA,NA,3.2,42.1,NA,NA,0.3,0.9,4.1,NA,0,0.1,6.6,NA,26024,FantasyPros,17075,NA,NA,NA,NA,NA,NA,NA,NA,NA,NA,NA,NA
Jerry Jeudy,WR,CLE,NA,NA,4,56.7,NA,NA,0.1,0,0.2,NA,0,0,6.5,NA,19201,FantasyPros,14833,NA,NA,NA,NA,NA,NA,NA,NA,NA,NA,NA,NA
Khalil Shakir,WR,BUF,NA,NA,4,46.3,NA,NA,0.3,0.1,0.6,NA,0,0,6.4,NA,23748,FantasyPros,15761,NA,NA,NA,NA,NA,NA,NA,NA,NA,NA,NA,NA
Malik Washington,WR,MIA,NA,NA,3.3,31.6,NA,NA,0.2,1.9,10.5,NA,0.1,0,5.8,NA,26314,FantasyPros,16684,NA,NA,NA,NA,NA,NA,NA,NA,NA,NA,NA,NA
Darnell Mooney,WR,ATL,NA,NA,3.3,46.8,NA,NA,0.2,0,0.1,NA,0,0,5.8,NA,19810,FantasyPros,14974,NA,NA,NA,NA,NA,NA,NA,NA,NA,NA,NA,NA
Wan'Dale Robinson,WR,NYG,NA,NA,4.7,43,NA,NA,0.2,0.1,1.1,NA,0,0,5.7,NA,22985,FantasyPros,15757,NA,NA,NA,NA,NA,NA,NA,NA,NA,NA,NA,NA
Darius Slayton,WR,NYG,NA,NA,3,44,NA,NA,0.2,0,0.3,NA,0,0.1,5.5,NA,18706,FantasyPros,14122,NA,NA,NA,NA,NA,NA,NA,NA,NA,NA,NA,NA
Troy Franklin,WR,DEN,NA,NA,3.3,37.7,NA,NA,0.3,0.1,0.9,NA,0,0,5.5,NA,23092,FantasyPros,16619,NA,NA,NA,NA,NA,NA,NA,NA,NA,NA,NA,NA
Marquise Brown,WR,KC,NA,NA,3.4,39.8,NA,NA,0.2,0,0.1,NA,0,0,5.4,NA,18226,FantasyPros,14105,NA,NA,NA,NA,NA,NA,NA,NA,NA,NA,NA,NA
Alec Pierce,WR,IND,NA,NA,2.3,40.7,NA,NA,0.2,0,0,NA,0,0,5.4,NA,23791,FantasyPros,15768,NA,NA,NA,NA,NA,NA,NA,NA,NA,NA,NA,NA
KaVontae Turpin,WR,DAL,NA,NA,2.2,29.3,NA,NA,0.3,1.4,7.5,NA,0,0,5.3,NA,18520,FantasyPros,15981,NA,NA,NA,NA,NA,NA,NA,NA,NA,NA,NA,NA
Elic Ayomanor,WR,TEN,NA,NA,3.1,37.3,NA,NA,0.3,0,0.3,NA,0,0,5.3,NA,27059,FantasyPros,17073,NA,NA,NA,NA,NA,NA,NA,NA,NA,NA,NA,NA
Marvin Mims Jr.,WR,DEN,NA,NA,2.6,32.7,NA,NA,0.2,0.4,2,NA,0,0.1,5.1,NA,23080,FantasyPros,16189,NA,NA,NA,NA,NA,NA,NA,NA,NA,NA,NA,NA
Jalen Tolbert,WR,DAL,NA,NA,2.7,32.6,NA,NA,0.3,0,0,NA,0,0,5,NA,23770,FantasyPros,15788,NA,NA,NA,NA,NA,NA,NA,NA,NA,NA,NA,NA
Travis Hunter,WR,JAC,NA,NA,3.2,37.5,NA,NA,0.2,0,0.6,NA,0,0.1,4.9,NA,26034,FantasyPros,17074,NA,NA,NA,NA,NA,NA,NA,NA,NA,NA,NA,NA
Josh Downs,WR,IND,NA,NA,3.5,37.3,NA,NA,0.2,0,0.3,NA,0,0,4.9,NA,24706,FantasyPros,16187,NA,NA,NA,NA,NA,NA,NA,NA,NA,NA,NA,NA
Tory Horton,WR,SEA,NA,NA,2.4,33.7,NA,NA,0.2,0,0.5,NA,0,0,4.8,NA,26022,FantasyPros,17098,NA,NA,NA,NA,NA,NA,NA,NA,NA,NA,NA,NA
Xavier Legette,WR,CAR,NA,NA,2.7,29.3,NA,NA,0.3,0.4,1.6,NA,0,0,4.8,NA,26136,FantasyPros,16639,NA,NA,NA,NA,NA,NA,NA,NA,NA,NA,NA,NA
Dontayvion Wicks,WR,GB,NA,NA,2.3,32.3,NA,NA,0.3,0,0.1,NA,0,0,4.8,NA,24354,FantasyPros,16195,NA,NA,NA,NA,NA,NA,NA,NA,NA,NA,NA,NA
Rashod Bateman,WR,BAL,NA,NA,2.4,33.5,NA,NA,0.2,0,0.1,NA,0,0,4.7,NA,19794,FantasyPros,15293,NA,NA,NA,NA,NA,NA,NA,NA,NA,NA,NA,NA
Kayshon Boutte,WR,NE,NA,NA,2.3,33.7,NA,NA,0.2,0,0.1,NA,0,0,4.5,NA,22989,FantasyPros,16193,NA,NA,NA,NA,NA,NA,NA,NA,NA,NA,NA,NA
Calvin Austin III,WR,PIT,NA,NA,1.8,26.5,NA,NA,0.3,0.1,0.5,NA,0,0,4.4,NA,23739,FantasyPros,15777,NA,NA,NA,NA,NA,NA,NA,NA,NA,NA,NA,NA
Kendrick Bourne,WR,SF,NA,NA,2.8,34.2,NA,NA,0.2,0.1,0.3,NA,0,0,4.4,NA,17066,FantasyPros,13418,NA,NA,NA,NA,NA,NA,NA,NA,NA,NA,NA,NA
Joshua Palmer,WR,BUF,NA,NA,2.3,32.3,NA,NA,0.2,0,0,NA,0,0,4.4,NA,22845,FantasyPros,15319,NA,NA,NA,NA,NA,NA,NA,NA,NA,NA,NA,NA
Tyquan Thornton,WR,KC,NA,NA,1.9,28.6,NA,NA,0.2,0.1,0.6,NA,0,0,4.4,NA,22913,FantasyPros,15787,NA,NA,NA,NA,NA,NA,NA,NA,NA,NA,NA,NA
CeeDee Lamb,WR,DAL,NA,NA,2.1,28.3,NA,NA,0.2,0.4,2.3,NA,0,0,4.2,NA,19202,FantasyPros,14832,NA,NA,NA,NA,NA,NA,NA,NA,NA,NA,NA,NA
Michael Wilson,WR,ARI,NA,NA,2.5,28.8,NA,NA,0.2,0,0.1,NA,0,0,4.1,NA,25333,FantasyPros,16206,NA,NA,NA,NA,NA,NA,NA,NA,NA,NA,NA,NA
Isaiah Bond,WR,CLE,NA,NA,2.5,32.5,NA,NA,0.1,0.1,0.6,NA,0,0,4.1,NA,24371,FantasyPros,17076,NA,NA,NA,NA,NA,NA,NA,NA,NA,NA,NA,NA
Dyami Brown,WR,JAC,NA,NA,2.2,27.3,NA,NA,0.2,0.4,1.7,NA,0,0,3.8,NA,20113,FantasyPros,15292,NA,NA,NA,NA,NA,NA,NA,NA,NA,NA,NA,NA
Luther Burden III,WR,CHI,NA,NA,2.1,26.2,NA,NA,0.2,0.2,1.7,NA,0,0,3.8,NA,27016,FantasyPros,17070,NA,NA,NA,NA,NA,NA,NA,NA,NA,NA,NA,NA
JuJu Smith-Schuster,WR,KC,NA,NA,2.4,26.5,NA,NA,0.2,0,0,NA,0,0,3.7,NA,16427,FantasyPros,13156,NA,NA,NA,NA,NA,NA,NA,NA,NA,NA,NA,NA
Sterling Shepard,WR,TB,NA,NA,2.2,23.7,NA,NA,0.2,0.3,1.4,NA,0,0,3.7,NA,15569,FantasyPros,12658,NA,NA,NA,NA,NA,NA,NA,NA,NA,NA,NA,NA
Dont'e Thornton Jr.,WR,LV,NA,NA,2.1,27.3,NA,NA,0.1,0,0.1,NA,0,0,3.6,NA,27288,FantasyPros,17087,NA,NA,NA,NA,NA,NA,NA,NA,NA,NA,NA,NA
Olamide Zaccheaus,WR,CHI,NA,NA,2.1,24.8,NA,NA,0.1,0.3,2.1,NA,0,0,3.5,NA,18864,FantasyPros,14592,NA,NA,NA,NA,NA,NA,NA,NA,NA,NA,NA,NA
Jalen Coker,WR,CAR,NA,NA,1.8,23.5,NA,NA,0.2,0,0.1,NA,0,0,3.4,NA,26403,FantasyPros,16809,NA,NA,NA,NA,NA,NA,NA,NA,NA,NA,NA,NA
Parker Washington,WR,JAC,NA,NA,2,22,NA,NA,0.2,0.1,0.3,NA,0,0,3.2,NA,23106,FantasyPros,16192,NA,NA,NA,NA,NA,NA,NA,NA,NA,NA,NA,NA
Demarcus Robinson,WR,SF,NA,NA,1.6,22,NA,NA,0.1,0,0.3,NA,0,0,3.1,NA,15665,FantasyPros,12785,NA,NA,NA,NA,NA,NA,NA,NA,NA,NA,NA,NA
Nick Westbrook-Ikhine,WR,MIA,NA,NA,1.5,19.5,NA,NA,0.2,0,0.1,NA,0,0,3.1,NA,19747,FantasyPros,15109,NA,NA,NA,NA,NA,NA,NA,NA,NA,NA,NA,NA
Brandin Cooks,WR,NO,NA,NA,2,21,NA,NA,0.2,0.1,0.3,NA,0,0,3.1,NA,12122,FantasyPros,11674,NA,NA,NA,NA,NA,NA,NA,NA,NA,NA,NA,NA
Ray-Ray McCloud III,WR,ATL,NA,NA,2.1,22.9,NA,NA,0.1,0.3,2.6,NA,0,0,3,NA,17530,FantasyPros,13641,NA,NA,NA,NA,NA,NA,NA,NA,NA,NA,NA,NA
Noah Brown,WR,WAS,NA,NA,1.6,23,NA,NA,0.1,0,0,NA,0,0,3,NA,16443,FantasyPros,13172,NA,NA,NA,NA,NA,NA,NA,NA,NA,NA,NA,NA
Jaylin Lane,WR,WAS,NA,NA,1.9,21.1,NA,NA,0.1,0,0,NA,0,0,3,NA,27454,FantasyPros,17184,NA,NA,NA,NA,NA,NA,NA,NA,NA,NA,NA,NA
Ryan Flournoy,WR,DAL,NA,NA,1.8,20.2,NA,NA,0.1,0.1,0.7,NA,0,0,2.9,NA,26398,FantasyPros,16778,NA,NA,NA,NA,NA,NA,NA,NA,NA,NA,NA,NA
Josh Reynolds,WR,NYJ,NA,NA,1.5,20.5,NA,NA,0.1,0,0,NA,0,0,2.9,NA,16439,FantasyPros,13168,NA,NA,NA,NA,NA,NA,NA,NA,NA,NA,NA,NA
DeMario Douglas,WR,NE,NA,NA,1.9,19.8,NA,NA,0.1,0.1,0.8,NA,0,0,2.8,NA,25304,FantasyPros,16342,NA,NA,NA,NA,NA,NA,NA,NA,NA,NA,NA,NA
Christian Watson,WR,GB,NA,NA,1.1,19.7,NA,NA,0.1,0.2,0.5,NA,0,0,2.8,NA,23886,FantasyPros,15789,NA,NA,NA,NA,NA,NA,NA,NA,NA,NA,NA,NA
Andrei Iosivas,WR,CIN,NA,NA,1.7,19.5,NA,NA,0.1,0,0,NA,0,0,2.7,NA,25335,FantasyPros,16207,NA,NA,NA,NA,NA,NA,NA,NA,NA,NA,NA,NA
Luke McCaffrey,WR,WAS,NA,NA,1.4,18.2,NA,NA,0.1,0,0.1,NA,0,0,2.7,NA,26328,FantasyPros,16635,NA,NA,NA,NA,NA,NA,NA,NA,NA,NA,NA,NA
Jack Bech,WR,LV,NA,NA,1.8,20.7,NA,NA,0.1,0,0.2,NA,0,0,2.7,NA,27224,FantasyPros,17078,NA,NA,NA,NA,NA,NA,NA,NA,NA,NA,NA,NA
Chimere Dike,WR,TEN,NA,NA,1.5,15.6,NA,NA,0.1,1,4.2,NA,0,0,2.7,NA,27315,FantasyPros,17171,NA,NA,NA,NA,NA,NA,NA,NA,NA,NA,NA,NA
DeAndre Hopkins,WR,BAL,NA,NA,1.2,16.7,NA,NA,0.2,0,0.1,NA,0,0,2.6,NA,11606,FantasyPros,11232,NA,NA,NA,NA,NA,NA,NA,NA,NA,NA,NA,NA
Tutu Atwell,WR,LAR,NA,NA,1.2,18.9,NA,NA,0.1,0,0.3,NA,0,0,2.6,NA,20126,FantasyPros,15301,NA,NA,NA,NA,NA,NA,NA,NA,NA,NA,NA,NA
Adonai Mitchell,WR,IND,NA,NA,1.4,20.2,NA,NA,0.1,0,0.2,NA,0,0.1,2.5,NA,24357,FantasyPros,16626,NA,NA,NA,NA,NA,NA,NA,NA,NA,NA,NA,NA
Mack Hollins,WR,NE,NA,NA,1.4,16.4,NA,NA,0.1,0,0,NA,0,0,2.5,NA,16489,FantasyPros,13289,NA,NA,NA,NA,NA,NA,NA,NA,NA,NA,NA,NA
Ben Skowronek,WR,PIT,NA,NA,1.3,15.7,NA,NA,0.1,0,0.1,NA,0,0,2.4,NA,22843,FantasyPros,15491,NA,NA,NA,NA,NA,NA,NA,NA,NA,NA,NA,NA
Greg Dortch,WR,ARI,NA,NA,1.6,14.6,NA,NA,0.1,0.6,2.8,NA,0,0,2.4,NA,18585,FantasyPros,14108,NA,NA,NA,NA,NA,NA,NA,NA,NA,NA,NA,NA
Jordan Whittington,WR,LAR,NA,NA,1.3,16.7,NA,NA,0.1,0.3,1.6,NA,0,0,2.4,NA,23135,FantasyPros,16633,NA,NA,NA,NA,NA,NA,NA,NA,NA,NA,NA,NA
Kalif Raymond,WR,DET,NA,NA,1.4,17.2,NA,NA,0.1,0.1,0.4,NA,0,0,2.3,NA,16081,FantasyPros,13066,NA,NA,NA,NA,NA,NA,NA,NA,NA,NA,NA,NA
Roman Wilson,WR,PIT,NA,NA,1.3,15.4,NA,NA,0.1,0,0,NA,0,0,2.2,NA,26160,FantasyPros,16629,NA,NA,NA,NA,NA,NA,NA,NA,NA,NA,NA,NA
Cedrick Wilson Jr.,WR,MIA,NA,NA,1.3,14.5,NA,NA,0.1,0,0,NA,0,0,2.1,NA,17262,FantasyPros,13652,NA,NA,NA,NA,NA,NA,NA,NA,NA,NA,NA,NA
Hunter Renfrow,WR,CAR,NA,NA,1.5,13.1,NA,NA,0.1,0,0,NA,0,0,2.1,NA,18345,FantasyPros,14123,NA,NA,NA,NA,NA,NA,NA,NA,NA,NA,NA,NA
Isaac TeSlaa,WR,DET,NA,NA,1.2,14.1,NA,NA,0.1,0,0.1,NA,0,0,2.1,NA,27446,FantasyPros,17157,NA,NA,NA,NA,NA,NA,NA,NA,NA,NA,NA,NA
Savion Williams,WR,GB,NA,NA,0.8,9.4,NA,NA,0.1,1.3,4.5,NA,0,0,2.1,NA,27144,FantasyPros,17096,NA,NA,NA,NA,NA,NA,NA,NA,NA,NA,NA,NA
Tyler Lockett,WR,TEN,NA,NA,1.4,15.8,NA,NA,0.1,0,0,NA,0,0,2.1,NA,13971,FantasyPros,12187,NA,NA,NA,NA,NA,NA,NA,NA,NA,NA,NA,NA
Jamari Thrash,WR,CLE,NA,NA,1.5,16.3,NA,NA,0.1,0,0.2,NA,0,0,2.1,NA,26162,FantasyPros,16624,NA,NA,NA,NA,NA,NA,NA,NA,NA,NA,NA,NA
Curtis Samuel,WR,BUF,NA,NA,1.3,12.8,NA,NA,0.1,0.2,1.2,NA,0,0,2,NA,16434,FantasyPros,13157,NA,NA,NA,NA,NA,NA,NA,NA,NA,NA,NA,NA
Malik Heath,WR,GB,NA,NA,1,13.4,NA,NA,0.1,0,0.1,NA,0,0,1.9,NA,25668,FantasyPros,16413,NA,NA,NA,NA,NA,NA,NA,NA,NA,NA,NA,NA
Kyle Williams,WR,NE,NA,NA,1.2,15.2,NA,NA,0.1,0.2,0.6,NA,0,0,1.9,NA,27487,FantasyPros,17134,NA,NA,NA,NA,NA,NA,NA,NA,NA,NA,NA,NA
Jalin Hyatt,WR,NYG,NA,NA,1.1,15.2,NA,NA,0.1,0,0,NA,0,0,1.9,NA,25251,FantasyPros,16183,NA,NA,NA,NA,NA,NA,NA,NA,NA,NA,NA,NA
Jahan Dotson,WR,PHI,NA,NA,1.1,13.9,NA,NA,0.1,0,0.2,NA,0,0,1.9,NA,23101,FantasyPros,15755,NA,NA,NA,NA,NA,NA,NA,NA,NA,NA,NA,NA
Brandon Aiyuk,WR,SF,NA,NA,0.9,14.4,NA,NA,0.1,0,0,NA,0,0,1.9,NA,19252,FantasyPros,14840,NA,NA,NA,NA,NA,NA,NA,NA,NA,NA,NA,NA
Tylan Wallace,WR,BAL,NA,NA,0.9,12.8,NA,NA,0.1,0,0.1,NA,0,0,1.9,NA,19801,FantasyPros,15285,NA,NA,NA,NA,NA,NA,NA,NA,NA,NA,NA,NA
Allen Lazard,WR,NYJ,NA,NA,0.9,12.1,NA,NA,0.1,0,0,NA,0,0,1.9,NA,17301,FantasyPros,13632,NA,NA,NA,NA,NA,NA,NA,NA,NA,NA,NA,NA
Chris Moore,WR,WAS,NA,NA,1,13.1,NA,NA,0.1,0.1,0.3,NA,0,0,1.8,NA,15654,FantasyPros,12773,NA,NA,NA,NA,NA,NA,NA,NA,NA,NA,NA,NA
Beaux Collins,WR,NYG,NA,NA,1.2,13.7,NA,NA,0.1,0,0,NA,0,0,1.8,NA,22925,FantasyPros,17303,NA,NA,NA,NA,NA,NA,NA,NA,NA,NA,NA,NA
Zay Jones,WR,ARI,NA,NA,1.4,13.5,NA,NA,0.1,0,0.2,NA,0,0,1.8,NA,16431,FantasyPros,13176,NA,NA,NA,NA,NA,NA,NA,NA,NA,NA,NA,NA
Brycen Tremayne,WR,CAR,NA,NA,1.1,12.7,NA,NA,0.1,0.1,0.7,NA,0,0,1.8,NA,25631,FantasyPros,16949,NA,NA,NA,NA,NA,NA,NA,NA,NA,NA,NA,NA
Scotty Miller,WR,PIT,NA,NA,1.1,13.1,NA,NA,0.1,0,0,NA,0,0,1.8,NA,18714,FantasyPros,14280,NA,NA,NA,NA,NA,NA,NA,NA,NA,NA,NA,NA
Elijah Moore,WR,BUF,NA,NA,0.9,9.8,NA,NA,0.1,0.4,1.3,NA,0,0,1.6,NA,20114,FantasyPros,15288,NA,NA,NA,NA,NA,NA,NA,NA,NA,NA,NA,NA
Tyler Johnson,WR,NYJ,NA,NA,0.9,11.2,NA,NA,0.1,0,0,NA,0,0,1.5,NA,18633,FantasyPros,14864,NA,NA,NA,NA,NA,NA,NA,NA,NA,NA,NA,NA
Pat Bryant,WR,DEN,NA,NA,0.9,9.9,NA,NA,0.1,0,0,NA,0,0,1.4,NA,27211,FantasyPros,17082,NA,NA,NA,NA,NA,NA,NA,NA,NA,NA,NA,NA
Tez Johnson,WR,TB,NA,NA,0.7,8.4,NA,NA,0.1,0.2,0.8,NA,0,0,1.4,NA,27147,FantasyPros,17079,NA,NA,NA,NA,NA,NA,NA,NA,NA,NA,NA,NA
Tim Patrick,WR,JAC,NA,NA,0.8,10.4,NA,NA,0.1,0,0,NA,0,0,1.4,NA,16556,FantasyPros,13377,NA,NA,NA,NA,NA,NA,NA,NA,NA,NA,NA,NA
Tre Harris,WR,LAC,NA,NA,0.8,9.2,NA,NA,0.1,0.1,0.5,NA,0,0,1.4,NA,26215,FantasyPros,17072,NA,NA,NA,NA,NA,NA,NA,NA,NA,NA,NA,NA
Tay Martin,WR,WAS,NA,NA,0.8,9,NA,NA,0.1,0,0,NA,0,0,1.3,NA,24029,FantasyPros,15771,NA,NA,NA,NA,NA,NA,NA,NA,NA,NA,NA,NA
Devaughn Vele,WR,NO,NA,NA,0.8,8.5,NA,NA,0.1,0,0.1,NA,0,0,1.2,NA,26409,FantasyPros,16788,NA,NA,NA,NA,NA,NA,NA,NA,NA,NA,NA,NA
Jimmy Horn Jr.,WR,CAR,NA,NA,0.7,8.1,NA,NA,0.1,0,0,NA,0,0,1.2,NA,27294,FantasyPros,17234,NA,NA,NA,NA,NA,NA,NA,NA,NA,NA,NA,NA
Arian Smith,WR,NYJ,NA,NA,0.6,6.9,NA,NA,0,0.1,0.6,NA,0,0,1,NA,22965,FantasyPros,17175,NA,NA,NA,NA,NA,NA,NA,NA,NA,NA,NA,NA
Skyy Moore,WR,SF,NA,NA,0.7,7.1,NA,NA,0,0,0,NA,0,0,0.9,NA,23905,FantasyPros,15766,NA,NA,NA,NA,NA,NA,NA,NA,NA,NA,NA,NA
Van Jefferson,WR,TEN,NA,NA,0.5,6.3,NA,NA,0,0,0,NA,0,0,0.8,NA,19483,FantasyPros,14858,NA,NA,NA,NA,NA,NA,NA,NA,NA,NA,NA,NA
Casey Washington,WR,ATL,NA,NA,0.5,5.8,NA,NA,0,0,0,NA,0,0,0.8,NA,26413,FantasyPros,16760,NA,NA,NA,NA,NA,NA,NA,NA,NA,NA,NA,NA
John Metchie III,WR,PHI,NA,NA,0.5,5.2,NA,NA,0,0,0,NA,0,0,0.7,NA,22895,FantasyPros,15759,NA,NA,NA,NA,NA,NA,NA,NA,NA,NA,NA,NA
Jalen Royals,WR,KC,NA,NA,0.4,5,NA,NA,0,0,0.1,NA,0,0,0.7,NA,27076,FantasyPros,17086,NA,NA,NA,NA,NA,NA,NA,NA,NA,NA,NA,NA
Ashton Dulin,WR,IND,NA,NA,0.3,3,NA,NA,0,0.4,1.8,NA,0,0,0.7,NA,18656,FantasyPros,14315,NA,NA,NA,NA,NA,NA,NA,NA,NA,NA,NA,NA
Marquez Valdes-Scantling,WR,SF,NA,NA,0.3,5.2,NA,NA,0,0,0,NA,0,0,0.7,NA,17528,FantasyPros,13793,NA,NA,NA,NA,NA,NA,NA,NA,NA,NA,NA,NA
Jake Bobo,WR,SEA,NA,NA,0.3,4.1,NA,NA,0,0,0,NA,0,0,0.6,NA,25339,FantasyPros,16393,NA,NA,NA,NA,NA,NA,NA,NA,NA,NA,NA,NA
Malachi Corley,WR,CLE,NA,NA,0.4,4.3,NA,NA,0,0,0,NA,0,0,0.5,NA,26023,FantasyPros,16636,NA,NA,NA,NA,NA,NA,NA,NA,NA,NA,NA,NA
Tyrell Shavers,WR,BUF,NA,NA,0.3,4.2,NA,NA,0,0,0,NA,0,0,0.5,NA,25813,FantasyPros,16451,NA,NA,NA,NA,NA,NA,NA,NA,NA,NA,NA,NA
Dee Eskridge,WR,MIA,NA,NA,0.3,3.3,NA,NA,0,0,0.4,NA,0,0,0.5,NA,22785,FantasyPros,15302,NA,NA,NA,NA,NA,NA,NA,NA,NA,NA,NA,NA
Devontez Walker,WR,BAL,NA,NA,0.3,3.1,NA,NA,0,0,0.1,NA,0,0,0.5,NA,26011,FantasyPros,16621,NA,NA,NA,NA,NA,NA,NA,NA,NA,NA,NA,NA
Derius Davis,WR,LAC,NA,NA,0.1,0.5,NA,NA,0,0.7,3.1,NA,0,0,0.4,NA,25334,FantasyPros,16299,NA,NA,NA,NA,NA,NA,NA,NA,NA,NA,NA,NA
KhaDarel Hodge,WR,ATL,NA,NA,0.2,2.7,NA,NA,0,0,0.1,NA,0,0,0.3,NA,18166,FantasyPros,13963,NA,NA,NA,NA,NA,NA,NA,NA,NA,NA,NA,NA
Trent Sherfield Sr.,WR,DEN,NA,NA,0.2,2.3,NA,NA,0,0,0,NA,0,0,0.3,NA,17888,FantasyPros,13893,NA,NA,NA,NA,NA,NA,NA,NA,NA,NA,NA,NA
KeAndre Lambert-Smith,WR,LAC,NA,NA,0.1,1.3,NA,NA,0,0,0.1,NA,0,0,0.2,NA,24372,FantasyPros,17205,NA,NA,NA,NA,NA,NA,NA,NA,NA,NA,NA,NA
Dareke Young,WR,SEA,NA,NA,0.1,1.3,NA,NA,0,0,0,NA,0,0,0.2,NA,24570,FantasyPros,15941,NA,NA,NA,NA,NA,NA,NA,NA,NA,NA,NA,NA
Anthony Gould,WR,IND,NA,NA,0.1,1.3,NA,NA,0,0,0.1,NA,0,0,0.1,NA,26404,FantasyPros,16732,NA,NA,NA,NA,NA,NA,NA,NA,NA,NA,NA,NA
Jermaine Burton,WR,CIN,NA,NA,0.1,1.1,NA,NA,0,0,0.1,NA,0,0,0.1,NA,22956,FantasyPros,16632,NA,NA,NA,NA,NA,NA,NA,NA,NA,NA,NA,NA
Charlie Jones,WR,CIN,NA,NA,0.1,0.7,NA,NA,0,0,0.1,NA,0,0,0.1,NA,25336,FantasyPros,16203,NA,NA,NA,NA,NA,NA,NA,NA,NA,NA,NA,NA
Puka Nacua,WR,LAR,NA,8.3,8.3,103.1,NA,NA,1,0.9,5.6,NA,0.1,0,19.17,NA,17779,FleaFlicker,16211,NA,NA,NA,NA,NA,8,@BALSun 1:00 PM,WR1,1.1,108.7,98%,NA
Amon-Ra St.,WR,WR,NA,6.9,6.9,78,NA,NA,1,0.1,0.7,NA,0,0,15.84,NA,16373,FleaFlicker,15287,NA,NA,NA,NA,NA,8,@KCSun 8:20 PM,WR2,1,78.7,99%,NA
Emeka Egbuka,WR,TB,NA,5,5,71.9,NA,NA,1,0.2,1.1,NA,0,0.1,15.24,NA,19261,FleaFlicker,17081,NA,NA,NA,NA,NA,9,SFSun 4:25 PM,WR18,1,73,94%,NA
George Pickens,WR,DAL,NA,4.9,4.9,77.2,NA,NA,1,0,0.3,NA,0,0,13.69,NA,16859,FleaFlicker,15762,NA,NA,NA,NA,NA,0,@CARSun 1:00 PM,WR17,1,77.5,97%,NA
Davante Adams,WR,LAR,NA,4.9,4.9,69.5,NA,NA,1,0,0,NA,0,0,12.91,NA,10295,FleaFlicker,11675,NA,NA,NA,NA,NA,8,@BALSun 1:00 PM,WR11,1,69.5,98%,NA
Rome Odunze,WR,CHI,NA,4.5,4.5,69.3,NA,NA,1,0.1,0.3,NA,0,0,12.9,NA,18384,FleaFlicker,16616,NA,NA,NA,NA,NA,5,@WASMon 8:15 PM,WR15,1,69.6,96%,NA
Quentin Johnston,WR,LAC,NA,4.6,4.6,65.3,NA,NA,1,0.3,1.5,NA,0,0.1,12.6,NA,17593,FleaFlicker,16188,NA,NA,NA,NA,NA,2,@MIASun 1:00 PM,WR24,1,66.9,92%,NA
Courtland Sutton,WR,DEN,NA,4.8,4.8,64,NA,NA,1,0,0,NA,0,0.1,12.28,NA,13795,FleaFlicker,13630,NA,NA,NA,NA,NA,2,@NYJSun 9:30 AM,WR14,1,64,97%,NA
DK Metcalf,WR,PIT,NA,3.9,3.9,61.2,NA,NA,1,0,0.1,NA,0,0,12.1,NA,14706,FleaFlicker,14102,NA,NA,NA,NA,NA,5,CLESun 1:00 PM,WR25,1,61.3,97%,NA
Jaxon Smith-Njigba,WR,SEA,NA,6.3,6.3,87.1,NA,NA,0.5,0.4,2,NA,0,0.1,11.53,NA,17606,FleaFlicker,16185,NA,NA,NA,NA,NA,8,@JACSun 1:00 PM,WR6,0.5,89.1,98%,NA
Romeo Doubs,WR,GB,NA,3.1,3.1,43.9,NA,NA,1,0,0,NA,0,0,10.35,NA,16941,FleaFlicker,15779,NA,NA,NA,NA,NA,5,CINSun 4:25 PM,WR51,1,43.9,68%,NA
Ja'Marr Chase,WR,CIN,NA,6.1,6.1,73.5,NA,NA,0.5,0.2,1,NA,0,0.1,10.16,NA,16250,FleaFlicker,15281,NA,NA,NA,NA,NA,0,@GBSun 4:25 PM,WR5,0.5,74.5,99%,NA
Deebo Samuel,WR,WAS,NA,4.6,4.6,57.2,NA,NA,0.4,1.6,9.9,NA,0.1,0,9.81,NA,14702,FleaFlicker,14136,NA,NA,NA,NA,NA,2,CHIMon 8:15 PM,WR29,0.5,67,96%,NA
Jaylen Waddle,WR,MIA,NA,5.5,5.5,71.5,NA,NA,0.4,0.2,0.6,NA,0,0,9.61,NA,16236,FleaFlicker,15284,NA,NA,NA,NA,NA,2,LACSun 1:00 PM,WR20,0.4,72.1,94%,NA
Tetairoa McMillan,WR,CAR,NA,5,5,69.3,NA,NA,0.4,0,0.4,NA,0,0.1,9.49,NA,19258,FleaFlicker,17071,NA,NA,NA,NA,NA,4,DALSun 1:00 PM,WR13,0.4,69.7,92%,NA
A.J. Brown,WR,PHI,NA,4.8,4.8,66.4,NA,NA,0.4,0,0,NA,0,0,9.08,NA,14694,FleaFlicker,14104,NA,NA,NA,NA,NA,9,@NYGThu 8:15 PM,WR10,0.4,66.4,98%,NA
Keenan Allen,WR,LAC,NA,5.5,5.5,61.8,NA,NA,0.5,0,0.1,NA,0,0,9.05,NA,9380,FleaFlicker,11222,NA,NA,NA,NA,NA,2,@MIASun 1:00 PM,WR27,0.5,61.9,88%,NA
Zay Flowers,WR,BAL,NA,4.8,4.8,62.7,NA,NA,0.3,0.7,3.1,NA,0,0,8.74,NA,17595,FleaFlicker,16190,NA,NA,NA,NA,NA,7,LARSun 1:00 PM,WR12,0.4,65.7,97%,NA
Garrett Wilson,WR,NYJ,NA,5.4,5.4,65.2,NA,NA,0.4,0,0.5,NA,0,0.1,8.71,NA,16798,FleaFlicker,15753,NA,NA,NA,NA,NA,9,DENSun 9:30 AM,WR9,0.4,65.7,98%,NA
Brian Thomas,WR,JAC,NA,4.3,4.3,62.8,NA,NA,0.3,0.2,1.2,NA,0,0,8.64,NA,18361,FleaFlicker,16618,NA,NA,NA,NA,NA,8,SEASun 1:00 PM,WR16,0.4,64,96%,NA
Xavier Worthy,WR,KC,NA,4.3,4.3,54.4,NA,NA,0.4,1.3,7.2,NA,0.1,0,8.64,NA,18363,FleaFlicker,16620,NA,NA,NA,NA,NA,0,DETSun 8:20 PM,WR28,0.4,61.6,94%,NA
Drake London,WR,ATL,NA,5.4,5.4,67.9,NA,NA,0.3,0,0.1,NA,0,0.1,8.6,NA,16823,FleaFlicker,15751,NA,NA,NA,NA,NA,5,BUFMon 7:15 PM,WR7,0.3,68,97%,NA
Jakobi Meyers,WR,LV,NA,5.7,5.7,64.1,NA,NA,0.3,0,0.7,NA,0,0,8.6,NA,14949,FleaFlicker,14127,NA,NA,NA,NA,NA,8,TENSun 4:05 PM,WR35,0.4,64.8,90%,NA
Marvin Harrison,WR,ARI,NA,4.4,4.4,60.3,NA,NA,0.4,0,0.1,NA,0,0,8.53,NA,18381,FleaFlicker,16614,NA,NA,NA,NA,NA,8,@INDSun 1:00 PM,WR30,0.4,60.5,96%,NA
Ladd McConkey,WR,LAC,NA,4.8,4.8,60.9,NA,NA,0.4,0,0.1,NA,0,0,8.28,NA,18407,FleaFlicker,16627,NA,NA,NA,NA,NA,2,@MIASun 1:00 PM,WR23,0.4,61.1,95%,NA
OUTRicky Pearsall,WR,SF,NA,4.2,4.2,62.7,NA,NA,0.3,0.3,1.4,NA,0,0,8.05,NA,18377,FleaFlicker,16622,NA,NA,NA,NA,NA,4,@TBSun 4:25 PM,WR19,0.3,64.1,90%,NA
Michael Pittman,WR,IND,NA,5.2,5.2,58.3,NA,NA,0.4,0,0.1,NA,0,0,8,NA,15603,FleaFlicker,14842,NA,NA,NA,NA,NA,1,ARISun 1:00 PM,WR32,0.4,58.4,92%,NA
DJ Moore,WR,CHI,NA,4.1,4.1,52.9,NA,NA,0.3,1.1,5.3,NA,0,0.1,7.73,NA,13764,FleaFlicker,13635,NA,NA,NA,NA,NA,5,@WASMon 8:15 PM,WR38,0.3,58.2,91%,NA
Chris Godwin,WR,TB,NA,4.8,4.8,54.8,NA,NA,0.4,0.1,0.5,NA,0,0,7.71,NA,12926,FleaFlicker,13163,NA,NA,NA,NA,NA,9,SFSun 4:25 PM,WR53,0.4,55.3,88%,NA
Chris Olave,WR,NO,NA,5.4,5.4,58.9,NA,NA,0.3,0,0.1,NA,0,0,7.58,NA,16824,FleaFlicker,15754,NA,NA,NA,NA,NA,1,NESun 1:00 PM,WR34,0.3,59,91%,NA
DeVonta Smith,WR,PHI,NA,4.6,4.6,53.8,NA,NA,0.4,0,0.1,NA,0,0,7.51,NA,16253,FleaFlicker,15282,NA,NA,NA,NA,NA,9,@NYGThu 8:15 PM,WR31,0.4,53.9,93%,NA
Stefon Diggs,WR,NE,NA,4.9,4.9,57.3,NA,NA,0.3,0,0.4,NA,0,0,7.45,NA,11329,FleaFlicker,12186,NA,NA,NA,NA,NA,4,@NOSun 1:00 PM,WR36,0.3,57.7,87%,NA
Jameson Williams,WR,DET,NA,3,3,52,NA,NA,0.3,0.5,3.1,NA,0,0,7.39,NA,16830,FleaFlicker,15756,NA,NA,NA,NA,NA,8,@KCSun 8:20 PM,WR22,0.3,55.1,95%,NA
OUTTerry McLaurin,WR,WAS,NA,3.6,3.6,52,NA,NA,0.3,0.1,0.5,NA,0,0,7.3,NA,14746,FleaFlicker,14109,NA,NA,NA,NA,NA,2,CHIMon 8:15 PM,WR37,0.3,52.5,93%,NA
Tre Tucker,WR,LV,NA,3.5,3.5,47,NA,NA,0.3,0.8,4.6,NA,0,0,7.22,NA,17635,FleaFlicker,16287,NA,NA,NA,NA,NA,8,TENSun 4:05 PM,WR69,0.3,51.5,70%,NA
Keon Coleman,WR,BUF,NA,3.5,3.5,48.9,NA,NA,0.4,0,0.1,NA,0,0.1,7.08,NA,18392,FleaFlicker,16617,NA,NA,NA,NA,NA,7,@ATLMon 7:15 PM,WR40,0.4,49,86%,NA
Tee Higgins,WR,CIN,NA,4,4,49.5,NA,NA,0.3,0,0,NA,0,0,7.01,NA,15585,FleaFlicker,14835,NA,NA,NA,NA,NA,0,@GBSun 4:25 PM,WR33,0.3,49.5,95%,NA
Cooper Kupp,WR,SEA,NA,4.2,4.2,51.3,NA,NA,0.3,0,0.2,NA,0,0,6.97,NA,12970,FleaFlicker,13164,NA,NA,NA,NA,NA,8,@JACSun 1:00 PM,WR59,0.3,51.5,80%,NA
OUTJauan Jennings,WR,SF,NA,3.6,3.6,51.1,NA,NA,0.3,0,0.1,NA,0,0,6.94,NA,15751,FleaFlicker,14860,NA,NA,NA,NA,NA,4,@TBSun 4:25 PM,WR41,0.3,51.2,82%,NA
Calvin Ridley,WR,TEN,NA,3.4,3.4,52.5,NA,NA,0.3,0.1,1,NA,0,0,6.87,NA,13776,FleaFlicker,13629,NA,NA,NA,NA,NA,0,@LVSun 4:05 PM,WR42,0.3,53.5,81%,NA
Rashid Shaheed,WR,NO,NA,3.5,3.5,47.7,NA,NA,0.3,0.3,1.4,NA,0,0,6.65,NA,17243,FleaFlicker,16080,NA,NA,NA,NA,NA,1,NESun 1:00 PM,WR55,0.3,49.1,73%,NA
Matthew Golden,WR,GB,NA,3.2,3.2,42.1,NA,NA,0.3,0.9,4.1,NA,0,0.1,6.6,NA,19266,FleaFlicker,17075,NA,NA,NA,NA,NA,5,CINSun 4:25 PM,WR45,0.3,46.2,80%,NA
Travis Hunter,WR,JAC,NA,3.2,3.2,37.5,NA,NA,0.2,0,0.6,NA,0,0.1,6.5,NA,19244,FleaFlicker,17074,NA,NA,NA,NA,NA,8,SEASun 1:00 PM,WR43,0.2,38,82%,NA
Jerry Jeudy,WR,CLE,NA,4,4,56.7,NA,NA,0.1,0,0.2,NA,0,0,6.49,NA,15544,FleaFlicker,14833,NA,NA,NA,NA,NA,9,@PITSun 1:00 PM,WR44,0.1,56.9,85%,NA
Khalil Shakir,WR,BUF,NA,4,4,46.3,NA,NA,0.3,0.1,0.6,NA,0,0,6.45,NA,16947,FleaFlicker,15761,NA,NA,NA,NA,NA,7,@ATLMon 7:15 PM,WR46,0.3,46.8,86%,NA
Malik Washington,WR,MIA,NA,3.3,3.3,31.6,NA,NA,0.2,1.9,10.5,NA,0.1,0,5.83,NA,18498,FleaFlicker,16684,NA,NA,NA,NA,NA,2,LACSun 1:00 PM,WR73,0.3,42.1,42%,NA
Darnell Mooney,WR,ATL,NA,3.3,3.3,46.8,NA,NA,0.2,0,0.1,NA,0,0,5.79,NA,15658,FleaFlicker,14974,NA,NA,NA,NA,NA,5,BUFMon 7:15 PM,WR49,0.2,46.9,63%,NA
Wan'Dale Robinson,WR,NYG,NA,4.7,4.7,43,NA,NA,0.2,0.1,1.1,NA,0,0,5.75,NA,16869,FleaFlicker,15757,NA,NA,NA,NA,NA,4,PHIThu 8:15 PM,WR50,0.2,44.1,69%,NA
Troy Franklin,WR,DEN,NA,3.3,3.3,37.7,NA,NA,0.3,0.1,0.9,NA,0,0,5.5,NA,18466,FleaFlicker,16619,NA,NA,NA,NA,NA,2,@NYJSun 9:30 AM,WR48,0.3,38.6,52%,NA
Darius Slayton,WR,NYG,NA,3,3,44,NA,NA,0.2,0,0.3,NA,0,0.1,5.47,NA,14833,FleaFlicker,14122,NA,NA,NA,NA,NA,4,PHIThu 8:15 PM,WR63,0.2,44.3,45%,NA
Hollywood Brown,WR,KC,NA,3.4,3.4,39.8,NA,NA,0.2,0,0.1,NA,0,0,5.39,NA,14661,FleaFlicker,14105,NA,NA,NA,NA,NA,0,DETSun 8:20 PM,WR60,0.2,39.9,63%,NA
OUTAlec Pierce,WR,IND,NA,2.3,2.3,40.7,NA,NA,0.2,0,0,NA,0,0,5.37,NA,16842,FleaFlicker,15768,NA,NA,NA,NA,NA,1,ARISun 1:00 PM,WR74,0.2,40.7,34%,NA
OUTKaVontae Turpin,WR,DAL,NA,2.2,2.2,29.3,NA,NA,0.2,1.4,7.5,NA,0,0,5.3,NA,17558,FleaFlicker,15981,NA,NA,NA,NA,NA,0,@CARSun 1:00 PM,WR71,0.3,36.8,28%,NA
Elic Ayomanor,WR,TEN,NA,3.1,3.1,37.4,NA,NA,0.3,0,0.3,NA,0,0,5.28,NA,19347,FleaFlicker,17073,NA,NA,NA,NA,NA,0,@LVSun 4:05 PM,WR47,0.3,37.6,52%,NA
Marvin Mims,WR,DEN,NA,2.6,2.6,32.7,NA,NA,0.2,0.4,2,NA,0,0.1,5.09,NA,17631,FleaFlicker,16189,NA,NA,NA,NA,NA,2,@NYJSun 9:30 AM,WR68,0.3,34.8,60%,NA
Jalen Tolbert,WR,DAL,NA,2.7,2.7,32.6,NA,NA,0.3,0,0,NA,0,0,4.98,NA,16872,FleaFlicker,15788,NA,NA,NA,NA,NA,0,@CARSun 1:00 PM,WR99,0.3,32.6,27%,NA
Josh Downs,WR,IND,NA,3.5,3.5,37.3,NA,NA,0.2,0,0.3,NA,0,0,4.86,NA,17622,FleaFlicker,16187,NA,NA,NA,NA,NA,1,ARISun 1:00 PM,WR52,0.2,37.6,64%,NA
Tory Horton,WR,SEA,NA,2.4,2.4,33.7,NA,NA,0.2,0,0.5,NA,0,0,4.84,NA,19439,FleaFlicker,17098,NA,NA,NA,NA,NA,8,@JACSun 1:00 PM,WR66,0.2,34.2,36%,NA
Xavier Legette,WR,CAR,NA,2.7,2.7,29.3,NA,NA,0.3,0.4,1.6,NA,0,0,4.79,NA,18373,FleaFlicker,16639,NA,NA,NA,NA,NA,4,DALSun 1:00 PM,WR78,0.3,30.9,32%,NA
Dontayvion Wicks,WR,GB,NA,2.3,2.3,32.3,NA,NA,0.3,0,0.1,NA,0,0,4.78,NA,17792,FleaFlicker,16195,NA,NA,NA,NA,NA,5,CINSun 4:25 PM,WR70,0.3,32.3,24%,NA
Rashod Bateman,WR,BAL,NA,2.4,2.4,33.5,NA,NA,0.2,0,0.1,NA,0,0,4.72,NA,16248,FleaFlicker,15293,NA,NA,NA,NA,NA,7,LARSun 1:00 PM,WR65,0.2,33.6,58%,NA
Kayshon Boutte,WR,NE,NA,2.3,2.3,33.7,NA,NA,0.2,0,0.1,NA,0,0,4.5,NA,17725,FleaFlicker,16193,NA,NA,NA,NA,NA,4,@NOSun 1:00 PM,WR54,0.2,33.7,35%,NA
Calvin Austin,WR,PIT,NA,1.8,1.8,26.4,NA,NA,0.3,0.1,0.5,NA,0,0,4.41,NA,16921,FleaFlicker,15777,NA,NA,NA,NA,NA,5,CLESun 1:00 PM,WR80,0.3,26.9,36%,NA
Kendrick Bourne,WR,SF,NA,2.8,2.8,34.2,NA,NA,0.2,0.1,0.3,NA,0,0,4.39,NA,13364,FleaFlicker,13418,NA,NA,NA,NA,NA,4,@TBSun 4:25 PM,NA,0.2,34.5,14%,NA
Joshua Palmer,WR,BUF,NA,2.3,2.3,32.3,NA,NA,0.2,0,0,NA,0,0,4.35,NA,16292,FleaFlicker,15319,NA,NA,NA,NA,NA,7,@ATLMon 7:15 PM,WR67,0.2,32.3,32%,NA
Tyquan Thornton,WR,KC,NA,1.9,1.9,28.6,NA,NA,0.2,0.1,0.6,NA,0,0,4.34,NA,16835,FleaFlicker,15787,NA,NA,NA,NA,NA,0,DETSun 8:20 PM,WR81,0.2,29.2,46%,NA
OUTCeeDee Lamb,WR,DAL,NA,2.1,2.1,28.3,NA,NA,0.2,0.3,2.3,NA,0,0,4.24,NA,15523,FleaFlicker,14832,NA,NA,NA,NA,NA,0,@CARSun 1:00 PM,WR8,0.2,30.6,98%,NA
Michael Wilson,WR,ARI,NA,2.5,2.5,28.8,NA,NA,0.2,0,0.1,NA,0,0,4.13,NA,17671,FleaFlicker,16206,NA,NA,NA,NA,NA,8,@INDSun 1:00 PM,WR90,0.2,28.9,23%,NA
Isaiah Bond,WR,CLE,NA,2.5,2.5,32.5,NA,NA,0.1,0.1,0.6,NA,0,0.1,4.11,NA,20023,FleaFlicker,17076,NA,NA,NA,NA,NA,9,@PITSun 1:00 PM,WR89,0.1,33.1,29%,NA
Dyami Brown,WR,JAC,NA,2.2,2.2,27.4,NA,NA,0.1,0.4,1.7,NA,0,0,3.85,NA,16309,FleaFlicker,15292,NA,NA,NA,NA,NA,8,SEASun 1:00 PM,WR84,0.2,29.1,22%,NA
Luther Burden,WR,CHI,NA,2,2,26.2,NA,NA,0.2,0.2,1.7,NA,0,0.1,3.77,NA,19335,FleaFlicker,17070,NA,NA,NA,NA,NA,5,@WASMon 8:15 PM,WR58,0.2,28,55%,NA
JuJu Smith-Schuster,WR,KC,NA,2.5,2.5,26.5,NA,NA,0.2,0,0,NA,0,0,3.71,NA,12950,FleaFlicker,13156,NA,NA,NA,NA,NA,0,DETSun 8:20 PM,WR100,0.2,26.5,26%,NA
Sterling Shepard,WR,TB,NA,2.2,2.2,23.7,NA,NA,0.2,0.3,1.4,NA,0,0,3.69,NA,12058,FleaFlicker,12658,NA,NA,NA,NA,NA,9,SFSun 4:25 PM,WR113,0.2,25.1,18%,NA
Olamide Zaccheaus,WR,CHI,NA,2.1,2.1,24.8,NA,NA,0.1,0.3,2.1,NA,0,0,3.57,NA,15107,FleaFlicker,14592,NA,NA,NA,NA,NA,5,@WASMon 8:15 PM,WR88,0.1,26.9,10%,NA
Dont'e Thornton,WR,LV,NA,2.1,2.1,27.3,NA,NA,0.1,0,0.1,NA,0,0,3.57,NA,19354,FleaFlicker,17087,NA,NA,NA,NA,NA,8,TENSun 4:05 PM,WR77,0.1,27.5,30%,NA
IRJalen Coker,WR,CAR,NA,1.8,1.8,23.5,NA,NA,0.2,0,0.1,NA,0,0,3.47,NA,18787,FleaFlicker,16809,NA,NA,NA,NA,NA,4,DALSun 1:00 PM,WR56,0.2,23.6,33%,NA
Parker Washington,WR,JAC,NA,2,2,22,NA,NA,0.2,0.1,0.3,NA,0,0,3.23,NA,17738,FleaFlicker,16192,NA,NA,NA,NA,NA,8,SEASun 1:00 PM,WR92,0.2,22.3,17%,NA
Nick Westbrook-Ikhine,WR,MIA,NA,1.5,1.5,19.5,NA,NA,0.2,0,0.1,NA,0,0,3.14,NA,16192,FleaFlicker,15109,NA,NA,NA,NA,NA,2,LACSun 1:00 PM,WR119,0.2,19.5,14%,NA
Demarcus Robinson,WR,SF,NA,1.6,1.6,22,NA,NA,0.1,0.1,0.3,NA,0,0,3.13,NA,12106,FleaFlicker,12785,NA,NA,NA,NA,NA,4,@TBSun 4:25 PM,WR122,0.1,22.3,15%,NA
Brandin Cooks,WR,NO,NA,2,2,21,NA,NA,0.2,0.1,0.3,NA,0,0,3.09,NA,10242,FleaFlicker,11674,NA,NA,NA,NA,NA,1,NESun 1:00 PM,WR115,0.2,21.2,17%,NA
Ray-Ray McCloud,WR,ATL,NA,2.1,2.1,22.9,NA,NA,0.1,0.3,2.6,NA,0,0,3.03,NA,13934,FleaFlicker,13641,NA,NA,NA,NA,NA,5,BUFMon 7:15 PM,WR107,0.1,25.4,14%,NA
OUTNoah Brown,WR,WAS,NA,1.6,1.6,23,NA,NA,0.1,0,0,NA,0,0,3.02,NA,13120,FleaFlicker,13172,NA,NA,NA,NA,NA,2,CHIMon 8:15 PM,WR116,0.1,23,9%,NA
Jaylin Lane,WR,WAS,NA,1.9,1.9,21.1,NA,NA,0.1,0,0,NA,0,0,2.99,NA,19363,FleaFlicker,17184,NA,NA,NA,NA,NA,2,CHIMon 8:15 PM,WR97,0.1,21.1,17%,NA
Ryan Flournoy,WR,DAL,NA,1.8,1.8,20.2,NA,NA,0.1,0.1,0.8,NA,0,0,2.95,NA,18536,FleaFlicker,16778,NA,NA,NA,NA,NA,0,@CARSun 1:00 PM,NA,0.1,21,3%,NA
Josh Reynolds,WR,NYJ,NA,1.5,1.5,20.5,NA,NA,0.1,0,0,NA,0,0,2.87,NA,13029,FleaFlicker,13168,NA,NA,NA,NA,NA,9,DENSun 9:30 AM,WR118,0.1,20.5,8%,NA
DeMario Douglas,WR,NE,NA,1.9,1.9,19.8,NA,NA,0.1,0.1,0.8,NA,0,0,2.82,NA,17724,FleaFlicker,16342,NA,NA,NA,NA,NA,4,@NOSun 1:00 PM,WR82,0.1,20.6,27%,NA
PUPChristian Watson,WR,GB,NA,1.1,1.1,19.7,NA,NA,0.1,0.1,0.5,NA,0,0,2.8,NA,16896,FleaFlicker,15789,NA,NA,NA,NA,NA,5,CINSun 4:25 PM,WR106,0.1,20.2,33%,NA
Luke McCaffrey,WR,WAS,NA,1.4,1.4,18.2,NA,NA,0.1,0,0.1,NA,0,0,2.73,NA,18424,FleaFlicker,16635,NA,NA,NA,NA,NA,2,CHIMon 8:15 PM,WR126,0.1,18.2,31%,NA
Andrei Iosivas,WR,CIN,NA,1.7,1.7,19.4,NA,NA,0.1,0,0,NA,0,0,2.71,NA,17754,FleaFlicker,16207,NA,NA,NA,NA,NA,0,@GBSun 4:25 PM,WR93,0.1,19.4,14%,NA
Jack Bech,WR,LV,NA,1.8,1.8,20.7,NA,NA,0.1,0,0.2,NA,0,0,2.67,NA,19294,FleaFlicker,17078,NA,NA,NA,NA,NA,8,TENSun 4:05 PM,WR95,0.1,20.9,28%,NA
Chimere Dike,WR,TEN,NA,1.5,1.5,15.6,NA,NA,0.1,1,4.2,NA,0,0,2.66,NA,19346,FleaFlicker,17171,NA,NA,NA,NA,NA,0,@LVSun 4:05 PM,WR110,0.1,19.8,16%,NA
DeAndre Hopkins,WR,BAL,NA,1.2,1.2,16.7,NA,NA,0.2,0,0.1,NA,0,0,2.61,NA,9311,FleaFlicker,11232,NA,NA,NA,NA,NA,7,LARSun 1:00 PM,WR76,0.2,16.8,40%,NA
Adonai Mitchell,WR,IND,NA,1.4,1.4,20.2,NA,NA,0.1,0,0.1,NA,0,0.1,2.56,NA,18395,FleaFlicker,16626,NA,NA,NA,NA,NA,1,ARISun 1:00 PM,WR79,0.1,20.3,25%,NA
Tutu Atwell,WR,LAR,NA,1.2,1.2,18.9,NA,NA,0.1,0,0.3,NA,0,0,2.56,NA,16326,FleaFlicker,15301,NA,NA,NA,NA,NA,8,@BALSun 1:00 PM,WR96,0.1,19.2,12%,NA
Mack Hollins,WR,NE,NA,1.4,1.4,16.4,NA,NA,0.1,0,0,NA,0,0,2.48,NA,13008,FleaFlicker,13289,NA,NA,NA,NA,NA,4,@NOSun 1:00 PM,WR109,0.1,16.4,7%,NA
Ben Skowronek,WR,PIT,NA,1.3,1.3,15.7,NA,NA,0.1,0,0.1,NA,0,0,2.46,NA,16526,FleaFlicker,15491,NA,NA,NA,NA,NA,5,CLESun 1:00 PM,NA,0.1,15.8,2%,NA
Jordan Whittington,WR,LAR,NA,1.3,1.3,16.6,NA,NA,0.1,0.3,1.6,NA,0,0,2.46,NA,18564,FleaFlicker,16633,NA,NA,NA,NA,NA,8,@BALSun 1:00 PM,WR108,0.1,18.2,12%,NA
Greg Dortch,WR,ARI,NA,1.6,1.6,14.6,NA,NA,0.1,0.7,2.8,NA,0,0,2.44,NA,14935,FleaFlicker,14108,NA,NA,NA,NA,NA,8,@INDSun 1:00 PM,NA,0.1,17.3,8%,NA
OUTKalif Raymond,WR,DET,NA,1.4,1.4,17.2,NA,NA,0.1,0.1,0.4,NA,0,0,2.33,NA,12441,FleaFlicker,13066,NA,NA,NA,NA,NA,8,@KCSun 8:20 PM,NA,0.1,17.7,6%,NA
Roman Wilson,WR,PIT,NA,1.3,1.3,15.4,NA,NA,0.1,0,0,NA,0,0,2.18,NA,18409,FleaFlicker,16629,NA,NA,NA,NA,NA,5,CLESun 1:00 PM,WR101,0.1,15.4,17%,NA
OUTCedrick Wilson,WR,MIA,NA,1.3,1.3,14.5,NA,NA,0.1,0,0,NA,0,0,2.17,NA,13915,FleaFlicker,13652,NA,NA,NA,NA,NA,2,LACSun 1:00 PM,NA,0.1,14.5,2%,NA
Hunter Renfrow,WR,CAR,NA,1.5,1.5,13.1,NA,NA,0.1,0,0,NA,0,0,2.13,NA,14836,FleaFlicker,14123,NA,NA,NA,NA,NA,4,DALSun 1:00 PM,WR103,0.1,13.1,19%,NA
Isaac TeSlaa,WR,DET,NA,1.2,1.2,14.1,NA,NA,0.1,0,0.1,NA,0,0,2.12,NA,19337,FleaFlicker,17157,NA,NA,NA,NA,NA,8,@KCSun 8:20 PM,WR75,0.1,14.2,31%,NA
Savion Williams,WR,GB,NA,0.8,0.8,9.4,NA,NA,0.1,1.3,4.5,NA,0,0,2.09,NA,19332,FleaFlicker,17096,NA,NA,NA,NA,NA,5,CINSun 4:25 PM,WR94,0.1,13.9,15%,NA
Jamari Thrash,WR,CLE,NA,1.5,1.5,16.3,NA,NA,0.1,0,0.2,NA,0,0,2.07,NA,18528,FleaFlicker,16624,NA,NA,NA,NA,NA,9,@PITSun 1:00 PM,WR123,0.1,16.5,4%,NA
Tyler Lockett,WR,TEN,NA,1.4,1.4,15.8,NA,NA,0.1,0,0,NA,0,0,2.04,NA,11242,FleaFlicker,12187,NA,NA,NA,NA,NA,0,@LVSun 4:05 PM,WR104,0.1,15.9,23%,NA
Curtis Samuel,WR,BUF,NA,1.3,1.3,12.8,NA,NA,0.1,0.2,1.2,NA,0,0,2.04,NA,12930,FleaFlicker,13157,NA,NA,NA,NA,NA,7,@ATLMon 7:15 PM,WR125,0.1,14,9%,NA
Malik Heath,WR,GB,NA,1,1,13.3,NA,NA,0.1,0,0.1,NA,0,0,1.95,NA,17992,FleaFlicker,16413,NA,NA,NA,NA,NA,5,CINSun 4:25 PM,NA,0.1,13.4,1%,NA
Jahan Dotson,WR,PHI,NA,1.1,1.1,13.8,NA,NA,0.1,0,0.2,NA,0,0,1.94,NA,16821,FleaFlicker,15755,NA,NA,NA,NA,NA,9,@NYGThu 8:15 PM,WR117,0.1,14,11%,NA
Jalin Hyatt,WR,NYG,NA,1.1,1.1,15.2,NA,NA,0.1,0,0,NA,0,0,1.92,NA,17648,FleaFlicker,16183,NA,NA,NA,NA,NA,4,PHIThu 8:15 PM,NA,0.1,15.2,10%,NA
Kyle Williams,WR,NE,NA,1.2,1.2,15.2,NA,NA,0.1,0.2,0.6,NA,0,0,1.92,NA,19273,FleaFlicker,17134,NA,NA,NA,NA,NA,4,@NOSun 1:00 PM,WR91,0.1,15.7,31%,NA
PUPBrandon Aiyuk,WR,SF,NA,0.9,0.9,14.4,NA,NA,0.1,0,0,NA,0,0,1.9,NA,15531,FleaFlicker,14840,NA,NA,NA,NA,NA,4,@TBSun 4:25 PM,WR57,0.1,14.4,74%,NA
Allen Lazard,WR,NYJ,NA,0.9,0.9,12.1,NA,NA,0.1,0,0,NA,0,0,1.87,NA,14059,FleaFlicker,13632,NA,NA,NA,NA,NA,9,DENSun 9:30 AM,NA,0.1,12.1,10%,NA
Tylan Wallace,WR,BAL,NA,0.9,0.9,12.8,NA,NA,0.1,0,0.1,NA,0,0,1.87,NA,16350,FleaFlicker,15285,NA,NA,NA,NA,NA,7,LARSun 1:00 PM,NA,0.1,13,2%,NA
Zay Jones,WR,ARI,NA,1.4,1.4,13.5,NA,NA,0.1,0,0.1,NA,0,0,1.83,NA,12937,FleaFlicker,13176,NA,NA,NA,NA,NA,8,@INDSun 1:00 PM,NA,0.1,13.7,4%,NA
Beaux Collins,WR,NYG,NA,1.2,1.2,13.7,NA,NA,0.1,0,0,NA,0,0,1.83,NA,19634,FleaFlicker,17303,NA,NA,NA,NA,NA,4,PHIThu 8:15 PM,NA,0.1,13.7,3%,NA
Chris Moore,WR,WAS,NA,1,1,13.1,NA,NA,0.1,0.1,0.3,NA,0,0,1.82,NA,12153,FleaFlicker,12773,NA,NA,NA,NA,NA,2,CHIMon 8:15 PM,NA,0.1,13.4,3%,NA
Justin Shorter,WR,LV,NA,1.5,1.5,14,NA,NA,0.1,0,0,NA,0,0,1.82,NA,17727,FleaFlicker,16210,NA,NA,NA,NA,NA,8,TENSun 4:05 PM,NA,0.1,14,1%,NA
Scotty Miller,WR,PIT,NA,1.1,1.1,13.1,NA,NA,0.1,0,0,NA,0,0,1.77,NA,14849,FleaFlicker,14280,NA,NA,NA,NA,NA,5,CLESun 1:00 PM,NA,0.1,13.1,0%,NA
Brycen Tremayne,WR,CAR,NA,1.1,1.1,12.7,NA,NA,0.1,0.1,0.7,NA,0,0,1.76,NA,17943,FleaFlicker,16949,NA,NA,NA,NA,NA,4,DALSun 1:00 PM,NA,0.1,13.3,2%,NA
Puka Nacua,WR,LAR,NA,NA,8.21,107.62,NA,NA,0.47,NA,3.6,NA,0.03,0.04,22.25,NA,2570026,NFL,16211,NA,NA,NA,NA,NA,NA,NA,NA,NA,NA,NA,NA
Jaxon Smith-Njigba,WR,SEA,NA,NA,6.65,98.08,NA,NA,0.56,NA,2.06,NA,0.01,0.03,20.02,NA,2570341,NFL,16185,NA,NA,NA,NA,NA,NA,NA,NA,NA,NA,NA,NA
Amon-Ra St. Brown,WR,DET,NA,NA,6.65,80.23,NA,NA,0.73,NA,0.73,NA,0.01,0.03,19.13,NA,2566073,NFL,15287,NA,NA,NA,NA,NA,NA,NA,NA,NA,NA,NA,NA
Emeka Egbuka,WR,TB,NA,NA,4.95,75.88,NA,NA,0.67,NA,1.21,NA,0.01,0.03,16.68,NA,2574585,NFL,17081,NA,NA,NA,NA,NA,NA,NA,NA,NA,NA,NA,NA
CeeDee Lamb,WR,DAL,NA,NA,5.57,74.26,NA,NA,0.4,NA,1.64,NA,0.01,0.02,15.58,NA,2563848,NFL,14832,NA,NA,NA,NA,NA,NA,NA,NA,NA,NA,NA,NA
Tetairoa McMillan,WR,CAR,NA,NA,5.28,72.73,NA,NA,0.46,NA,1.33,NA,0.01,0.03,15.45,NA,2573992,NFL,17071,NA,NA,NA,NA,NA,NA,NA,NA,NA,NA,NA,NA
George Pickens,WR,DAL,NA,NA,4.53,73.73,NA,NA,0.57,NA,0.75,NA,0.01,0.03,15.4,NA,2568159,NFL,15762,NA,NA,NA,NA,NA,NA,NA,NA,NA,NA,NA,NA
Ja'Marr Chase,WR,CIN,NA,NA,5.33,69.99,NA,NA,0.49,NA,0.67,NA,0.01,0.02,15.36,NA,2565941,NFL,15281,NA,NA,NA,NA,NA,NA,NA,NA,NA,NA,NA,NA
Terry McLaurin,WR,WAS,NA,NA,4.69,70.25,NA,NA,0.48,NA,0.48,NA,NA,0.03,14.58,NA,2562489,NFL,14109,NA,NA,NA,NA,NA,NA,NA,NA,NA,NA,NA,NA
A.J. Brown,WR,PHI,NA,NA,4.92,71.81,NA,NA,0.4,NA,NA,NA,NA,0.06,14.38,NA,2562238,NFL,14104,NA,NA,NA,NA,NA,NA,NA,NA,NA,NA,NA,NA
Drake London,WR,ATL,NA,NA,5.2,71.43,NA,NA,0.33,NA,0.51,NA,NA,0.02,14.33,NA,2567250,NFL,15751,NA,NA,NA,NA,NA,NA,NA,NA,NA,NA,NA,NA
Courtland Sutton,WR,DEN,NA,NA,4.65,69.38,NA,NA,0.46,NA,NA,NA,NA,0.03,14.29,NA,2560888,NFL,13630,NA,NA,NA,NA,NA,NA,NA,NA,NA,NA,NA,NA
Jaylen Waddle,WR,MIA,NA,NA,5.14,70.27,NA,NA,0.36,NA,0.23,NA,NA,0.03,14.29,NA,2566292,NFL,15284,NA,NA,NA,NA,NA,NA,NA,NA,NA,NA,NA,NA
Garrett Wilson,WR,NYJ,NA,NA,5.18,66.13,NA,NA,0.37,NA,1.74,NA,0.02,0.03,14.25,NA,2568048,NFL,15753,NA,NA,NA,NA,NA,NA,NA,NA,NA,NA,NA,NA
Quentin Johnston,WR,LAC,NA,NA,4.72,63.81,NA,NA,0.52,NA,0.92,NA,0.01,0.07,14.23,NA,2570275,NFL,16188,NA,NA,NA,NA,NA,NA,NA,NA,NA,NA,NA,NA
Stefon Diggs,WR,NE,NA,NA,5.18,65.69,NA,NA,0.36,NA,1.28,NA,0.01,0.03,14.04,NA,2552608,NFL,12186,NA,NA,NA,NA,NA,NA,NA,NA,NA,NA,NA,NA
Rome Odunze,WR,CHI,NA,NA,4.39,66.8,NA,NA,0.48,NA,0.36,NA,NA,0.03,13.93,NA,2571907,NFL,16616,NA,NA,NA,NA,NA,NA,NA,NA,NA,NA,NA,NA
Davante Adams,WR,LAR,NA,NA,4.49,64.15,NA,NA,0.51,NA,NA,NA,NA,0.03,13.91,NA,2543495,NFL,11675,NA,NA,NA,NA,NA,NA,NA,NA,NA,NA,NA,NA
Brian Thomas Jr.,WR,JAX,NA,NA,4.49,67.43,NA,NA,0.41,NA,0.84,NA,0.01,0.02,13.8,NA,2572162,NFL,16618,NA,NA,NA,NA,NA,NA,NA,NA,NA,NA,NA,NA
Zay Flowers,WR,BAL,NA,NA,4.44,62.93,NA,NA,0.41,NA,2.73,NA,0.02,0.03,13.53,NA,2569573,NFL,16190,NA,NA,NA,NA,NA,NA,NA,NA,NA,NA,NA,NA
Ladd McConkey,WR,LAC,NA,NA,4.83,63.88,NA,NA,0.36,NA,0.51,NA,NA,0.02,13.39,NA,2572477,NFL,16627,NA,NA,NA,NA,NA,NA,NA,NA,NA,NA,NA,NA
Deebo Samuel Sr.,WR,WAS,NA,NA,3.95,54.57,NA,NA,0.33,NA,11.71,NA,0.13,0.03,13.28,NA,2562721,NFL,14136,NA,NA,NA,NA,NA,NA,NA,NA,NA,NA,NA,NA
DeVonta Smith,WR,PHI,NA,NA,4.65,61.06,NA,NA,0.39,NA,0.33,NA,NA,0.02,13.09,NA,2566409,NFL,15282,NA,NA,NA,NA,NA,NA,NA,NA,NA,NA,NA,NA
Chris Olave,WR,NO,NA,NA,5.16,64.61,NA,NA,0.24,NA,0.25,NA,NA,0.03,13.03,NA,2567973,NFL,15754,NA,NA,NA,NA,NA,NA,NA,NA,NA,NA,NA,NA
Keenan Allen,WR,LAC,NA,NA,4.91,58.53,NA,NA,0.38,NA,0.21,NA,NA,0.05,12.96,NA,2540154,NFL,11222,NA,NA,NA,NA,NA,NA,NA,NA,NA,NA,NA,NA
Ricky Pearsall,WR,SF,NA,NA,4.33,62.31,NA,NA,0.35,NA,1.91,NA,0.01,0.03,12.85,NA,2572507,NFL,16622,NA,NA,NA,NA,NA,NA,NA,NA,NA,NA,NA,NA
Marvin Harrison Jr.,WR,ARI,NA,NA,4.11,60.92,NA,NA,0.42,NA,0.59,NA,NA,0.02,12.74,NA,2572411,NFL,16614,NA,NA,NA,NA,NA,NA,NA,NA,NA,NA,NA,NA
DK Metcalf,WR,PIT,NA,NA,3.69,60.96,NA,NA,0.45,NA,0.2,NA,NA,0.02,12.47,NA,2562685,NFL,14102,NA,NA,NA,NA,NA,NA,NA,NA,NA,NA,NA,NA
Jakobi Meyers,WR,LV,NA,NA,4.73,55.47,NA,NA,0.27,NA,1.73,NA,0.01,0.03,12.07,NA,2562492,NFL,14127,NA,NA,NA,NA,NA,NA,NA,NA,NA,NA,NA,NA
Xavier Worthy,WR,KC,NA,NA,4.15,50.76,NA,NA,0.34,NA,4.97,NA,0.05,0.03,12,NA,2572186,NFL,16620,NA,NA,NA,NA,NA,NA,NA,NA,NA,NA,NA,NA
Michael Pittman,WR,IND,NA,NA,5,55.77,NA,NA,0.24,NA,0.34,NA,NA,0.03,11.99,NA,2564136,NFL,14842,NA,NA,NA,NA,NA,NA,NA,NA,NA,NA,NA,NA
DJ Moore,WR,CHI,NA,NA,3.85,53.8,NA,NA,0.32,NA,5.24,NA,0.04,0.02,11.87,NA,2560813,NFL,13635,NA,NA,NA,NA,NA,NA,NA,NA,NA,NA,NA,NA
Rashid Shaheed,WR,NO,NA,NA,3.77,56.34,NA,NA,0.31,NA,2.13,NA,0.02,0.05,11.86,NA,2569110,NFL,16080,NA,NA,NA,NA,NA,NA,NA,NA,NA,NA,NA,0.06
Jauan Jennings,WR,SF,NA,NA,3.96,54.27,NA,NA,0.34,NA,0.23,NA,NA,0.03,11.39,NA,2565114,NFL,14860,NA,NA,NA,NA,NA,NA,NA,NA,NA,NA,NA,NA
Wan'Dale Robinson,WR,NYG,NA,NA,4.96,41.37,NA,NA,0.3,NA,1.74,NA,0.01,0.03,11.07,NA,2568012,NFL,15757,NA,NA,NA,NA,NA,NA,NA,NA,NA,NA,NA,NA
Chris Godwin Jr.,WR,TB,NA,NA,4.22,52.06,NA,NA,0.27,NA,NA,NA,NA,0.03,10.99,NA,2558105,NFL,13163,NA,NA,NA,NA,NA,NA,NA,NA,NA,NA,NA,NA
Jerry Jeudy,WR,CLE,NA,NA,3.87,58.68,NA,NA,0.19,NA,0.71,NA,0.01,0.02,10.97,NA,2563896,NFL,14833,NA,NA,NA,NA,NA,NA,NA,NA,NA,NA,NA,NA
Keon Coleman,WR,BUF,NA,NA,3.47,51.02,NA,NA,0.39,NA,0.29,NA,NA,0.03,10.88,NA,2571859,NFL,16617,NA,NA,NA,NA,NA,NA,NA,NA,NA,NA,NA,NA
Cooper Kupp,WR,SEA,NA,NA,3.82,49.72,NA,NA,0.33,NA,0.87,NA,0.01,0.02,10.88,NA,2557898,NFL,13164,NA,NA,NA,NA,NA,NA,NA,NA,NA,NA,NA,NA
Khalil Shakir,WR,BUF,NA,NA,3.99,49.67,NA,NA,0.31,NA,0.7,NA,NA,0.03,10.83,NA,2567334,NFL,15761,NA,NA,NA,NA,NA,NA,NA,NA,NA,NA,NA,NA
Tee Higgins,WR,CIN,NA,NA,3.69,48.64,NA,NA,0.38,NA,NA,NA,NA,0.02,10.79,NA,2563731,NFL,14835,NA,NA,NA,NA,NA,NA,NA,NA,NA,NA,NA,NA
Jameson Williams,WR,DET,NA,NA,3.08,48.74,NA,NA,0.31,NA,3.35,NA,0.03,0.02,10.29,NA,2567565,NFL,15756,NA,NA,NA,NA,NA,NA,NA,NA,NA,NA,NA,NA
Calvin Ridley,WR,TEN,NA,NA,3.23,54.21,NA,NA,0.24,NA,1.47,NA,0.01,0.02,10.26,NA,2560854,NFL,13629,NA,NA,NA,NA,NA,NA,NA,NA,NA,NA,NA,NA
Darnell Mooney,WR,ATL,NA,NA,3.57,51.45,NA,NA,0.24,NA,0.28,NA,NA,0.03,10.12,NA,2563707,NFL,14974,NA,NA,NA,NA,NA,NA,NA,NA,NA,NA,NA,NA
Calvin Austin III,WR,PIT,NA,NA,3.01,43.25,NA,NA,0.37,NA,0.6,NA,0.01,0.02,9.64,NA,2568132,NFL,15777,NA,NA,NA,NA,NA,NA,NA,NA,NA,NA,NA,NA
Elic Ayomanor,WR,TEN,NA,NA,3.24,41.85,NA,NA,0.3,NA,0.75,NA,0.01,0.02,9.32,NA,2574142,NFL,17073,NA,NA,NA,NA,NA,NA,NA,NA,NA,NA,NA,NA
Romeo Doubs,WR,GB,NA,NA,2.83,39.84,NA,NA,0.38,NA,NA,NA,NA,0.03,9.03,NA,2567586,NFL,15779,NA,NA,NA,NA,NA,NA,NA,NA,NA,NA,NA,NA
Josh Downs,WR,IND,NA,NA,3.74,40.33,NA,NA,0.19,NA,0.86,NA,0.01,0.02,9.02,NA,2569861,NFL,16187,NA,NA,NA,NA,NA,NA,NA,NA,NA,NA,NA,NA
Malik Washington,WR,MIA,NA,NA,3.15,29.17,NA,NA,0.17,NA,8.1,NA,0.06,0.04,8.54,NA,2572255,NFL,16684,NA,NA,NA,NA,NA,NA,NA,NA,NA,NA,NA,0.06
Matthew Golden,WR,GB,NA,NA,3.09,36.7,NA,NA,0.25,NA,1.24,NA,0.01,0.02,8.4,NA,2574130,NFL,17075,NA,NA,NA,NA,NA,NA,NA,NA,NA,NA,NA,NA
Marquise Brown,WR,KC,NA,NA,3.06,38.45,NA,NA,0.24,NA,NA,NA,NA,0.02,8.31,NA,2562379,NFL,14105,NA,NA,NA,NA,NA,NA,NA,NA,NA,NA,NA,NA
Tre Tucker,WR,LV,NA,NA,2.87,36.35,NA,NA,0.21,NA,3.4,NA,0.02,0.02,8.19,NA,2570059,NFL,16287,NA,NA,NA,NA,NA,NA,NA,NA,NA,NA,NA,NA
Darius Slayton,WR,NYG,NA,NA,2.76,40.57,NA,NA,0.22,NA,0.13,NA,NA,0.02,8.11,NA,2562736,NFL,14122,NA,NA,NA,NA,NA,NA,NA,NA,NA,NA,NA,NA
KaVontae Turpin,WR,DAL,NA,NA,2.46,31.18,NA,NA,0.22,NA,6.29,NA,0.04,0.04,8.11,NA,2569509,NFL,15981,NA,NA,NA,NA,NA,NA,NA,NA,NA,NA,NA,0.07
Isaiah Bond,WR,CLE,NA,NA,2.75,36.39,NA,NA,0.21,NA,1.13,NA,0.01,0.02,7.78,NA,2574663,NFL,17076,NA,NA,NA,NA,NA,NA,NA,NA,NA,NA,NA,NA
Travis Hunter,WR,JAX,NA,NA,3.14,34.5,NA,NA,0.16,NA,1.9,NA,0.01,0.02,7.76,NA,2574217,NFL,17074,NA,NA,NA,NA,NA,NA,NA,NA,NA,NA,NA,NA
Xavier Legette,WR,CAR,NA,NA,2.87,33.93,NA,NA,0.22,NA,1.04,NA,0.01,0.02,7.71,NA,2571889,NFL,16639,NA,NA,NA,NA,NA,NA,NA,NA,NA,NA,NA,NA
Tory Horton,WR,SEA,NA,NA,2.48,32.83,NA,NA,0.28,NA,1.68,NA,0.01,0.01,7.65,NA,2574561,NFL,17098,NA,NA,NA,NA,NA,NA,NA,NA,NA,NA,NA,NA
Alec Pierce,WR,IND,NA,NA,2.42,42.62,NA,NA,0.16,NA,NA,NA,NA,0.01,7.62,NA,2567715,NFL,15768,NA,NA,NA,NA,NA,NA,NA,NA,NA,NA,NA,NA
Troy Franklin,WR,DEN,NA,NA,2.86,32.86,NA,NA,0.24,NA,0.58,NA,NA,0.02,7.6,NA,2571997,NFL,16619,NA,NA,NA,NA,NA,NA,NA,NA,NA,NA,NA,NA
Marvin Mims Jr.,WR,DEN,NA,NA,2.3,31.06,NA,NA,0.24,NA,1.95,NA,0.02,0.04,7.5,NA,2569717,NFL,16189,NA,NA,NA,NA,NA,NA,NA,NA,NA,NA,NA,0.07
Rashod Bateman,WR,BAL,NA,NA,2.28,35.06,NA,NA,0.28,NA,NA,NA,NA,0.01,7.45,NA,2565836,NFL,15293,NA,NA,NA,NA,NA,NA,NA,NA,NA,NA,NA,NA
Kayshon Boutte,WR,NE,NA,NA,2.31,35.69,NA,NA,0.16,NA,0.27,NA,NA,0.01,6.85,NA,2570092,NFL,16193,NA,NA,NA,NA,NA,NA,NA,NA,NA,NA,NA,NA
Josh Palmer,WR,BUF,NA,NA,2.19,30.83,NA,NA,0.22,NA,NA,NA,NA,0.01,6.57,NA,2566502,NFL,15319,NA,NA,NA,NA,NA,NA,NA,NA,NA,NA,NA,NA
Dontayvion Wicks,WR,GB,NA,NA,2.03,27.88,NA,NA,0.21,NA,0.22,NA,NA,0.01,6.08,NA,2569759,NFL,16195,NA,NA,NA,NA,NA,NA,NA,NA,NA,NA,NA,NA
Dyami Brown,WR,JAX,NA,NA,2.31,29.22,NA,NA,0.13,NA,0.52,NA,NA,0.01,6.04,NA,2566586,NFL,15292,NA,NA,NA,NA,NA,NA,NA,NA,NA,NA,NA,NA
Michael Wilson,WR,ARI,NA,NA,2.14,27.78,NA,NA,0.18,NA,0.24,NA,NA,0.01,6,NA,2570224,NFL,16206,NA,NA,NA,NA,NA,NA,NA,NA,NA,NA,NA,NA
Luther Burden III,WR,CHI,NA,NA,2.1,24.46,NA,NA,0.17,NA,2.56,NA,0.02,0.02,5.9,NA,2574004,NFL,17070,NA,NA,NA,NA,NA,NA,NA,NA,NA,NA,NA,NA
Brandon Aiyuk,WR,SF,NA,NA,1.83,28.71,NA,NA,0.16,NA,NA,NA,NA,0.02,5.62,NA,2565093,NFL,14840,NA,NA,NA,NA,NA,NA,NA,NA,NA,NA,NA,NA
JuJu Smith-Schuster,WR,KC,NA,NA,2.04,23.81,NA,NA,0.15,NA,NA,NA,NA,0.01,5.3,NA,2558149,NFL,13156,NA,NA,NA,NA,NA,NA,NA,NA,NA,NA,NA,NA
Jalen Tolbert,WR,DAL,NA,NA,1.87,23.18,NA,NA,0.18,NA,NA,NA,NA,0.01,5.25,NA,2567508,NFL,15788,NA,NA,NA,NA,NA,NA,NA,NA,NA,NA,NA,NA
Parker Washington,WR,JAX,NA,NA,1.94,22.33,NA,NA,0.16,NA,0.59,NA,NA,0.01,5.17,NA,2569888,NFL,16192,NA,NA,NA,NA,NA,NA,NA,NA,NA,NA,NA,NA
Isaac TeSlaa,WR,DET,NA,NA,1.86,22.1,NA,NA,0.18,NA,0.25,NA,NA,0.01,5.16,NA,2574120,NFL,17157,NA,NA,NA,NA,NA,NA,NA,NA,NA,NA,NA,NA
Andrei Iosivas,WR,CIN,NA,NA,1.8,20.69,NA,NA,0.17,NA,NA,NA,NA,0.01,4.87,NA,2569657,NFL,16207,NA,NA,NA,NA,NA,NA,NA,NA,NA,NA,NA,NA
Ray-Ray McCloud,WR,ATL,NA,NA,1.94,21.84,NA,NA,0.07,NA,3.45,NA,0.02,0.07,4.87,NA,2560801,NFL,13641,NA,NA,NA,NA,NA,NA,NA,NA,NA,NA,NA,NA
Dont'e Thornton Jr.,WR,LV,NA,NA,1.77,22.85,NA,NA,0.13,NA,0.28,NA,NA,0.01,4.84,NA,2574312,NFL,17087,NA,NA,NA,NA,NA,NA,NA,NA,NA,NA,NA,NA
Brandin Cooks,WR,NO,NA,NA,1.66,20.58,NA,NA,0.14,NA,0.36,NA,NA,0.01,4.57,NA,2543498,NFL,11674,NA,NA,NA,NA,NA,NA,NA,NA,NA,NA,NA,NA
Nick Westbrook-Ikhine,WR,MIA,NA,NA,1.39,19.1,NA,NA,0.18,NA,0.24,NA,NA,0.01,4.38,NA,2565477,NFL,15109,NA,NA,NA,NA,NA,NA,NA,NA,NA,NA,NA,NA
Mack Hollins,WR,NE,NA,NA,1.38,18.74,NA,NA,0.14,NA,0.15,NA,NA,0.01,4.09,NA,2558262,NFL,13289,NA,NA,NA,NA,NA,NA,NA,NA,NA,NA,NA,NA
Olamide Zaccheaus,WR,CHI,NA,NA,1.31,17.76,NA,NA,0.11,NA,1.28,NA,0.01,0.01,3.91,NA,2562808,NFL,14592,NA,NA,NA,NA,NA,NA,NA,NA,NA,NA,NA,NA
Josh Reynolds,WR,NYJ,NA,NA,1.35,19.54,NA,NA,0.1,NA,NA,NA,NA,NA,3.9,NA,2558194,NFL,13168,NA,NA,NA,NA,NA,NA,NA,NA,NA,NA,NA,NA
DeAndre Hopkins,WR,BAL,NA,NA,1.17,17.56,NA,NA,0.16,NA,NA,NA,NA,0.01,3.87,NA,2540165,NFL,11232,NA,NA,NA,NA,NA,NA,NA,NA,NA,NA,NA,NA
Tutu Atwell,WR,LAR,NA,NA,1.28,18.13,NA,NA,0.07,NA,0.53,NA,0.01,0.01,3.61,NA,2566196,NFL,15301,NA,NA,NA,NA,NA,NA,NA,NA,NA,NA,NA,NA
Chimere Dike,WR,TEN,NA,NA,1.28,13.26,NA,NA,0.09,NA,1.09,NA,0.01,0.01,3.3,NA,2574147,NFL,17171,NA,NA,NA,NA,NA,NA,NA,NA,NA,NA,NA,NA
Greg Dortch,WR,ARI,NA,NA,1.31,13.53,NA,NA,0.08,NA,1.21,NA,0.01,0.01,3.3,NA,2562645,NFL,14108,NA,NA,NA,NA,NA,NA,NA,NA,NA,NA,NA,NA
Tyquan Thornton,WR,KC,NA,NA,1.07,14.7,NA,NA,0.13,NA,NA,NA,NA,0.01,3.3,NA,2567958,NFL,15787,NA,NA,NA,NA,NA,NA,NA,NA,NA,NA,NA,NA
Beaux Collins,WR,NYG,NA,NA,1.31,14.04,NA,NA,0.1,NA,NA,NA,NA,0.01,3.29,NA,2574418,NFL,17303,NA,NA,NA,NA,NA,NA,NA,NA,NA,NA,NA,NA
Jahan Dotson,WR,PHI,NA,NA,1.14,14.93,NA,NA,0.1,NA,0.34,NA,NA,0.01,3.25,NA,2568321,NFL,15755,NA,NA,NA,NA,NA,NA,NA,NA,NA,NA,NA,NA
Sterling Shepard,WR,TB,NA,NA,1.15,13.28,NA,NA,0.09,NA,1.8,NA,0.01,0.01,3.24,NA,2555295,NFL,12658,NA,NA,NA,NA,NA,NA,NA,NA,NA,NA,NA,NA
Tyler Lockett,WR,TEN,NA,NA,1.13,14.94,NA,NA,0.09,NA,0.12,NA,NA,0.01,3.16,NA,2552430,NFL,12187,NA,NA,NA,NA,NA,NA,NA,NA,NA,NA,NA,NA
Zay Jones,WR,ARI,NA,NA,1.25,13.67,NA,NA,0.08,NA,0.46,NA,NA,0.01,3.12,NA,2557863,NFL,13176,NA,NA,NA,NA,NA,NA,NA,NA,NA,NA,NA,NA
Jordan Whittington,WR,LAR,NA,NA,1.13,13.47,NA,NA,0.06,NA,1.08,NA,0.01,0.01,2.99,NA,2572216,NFL,16633,NA,NA,NA,NA,NA,NA,NA,NA,NA,NA,NA,NA
Demarcus Robinson,WR,SF,NA,NA,0.96,13.21,NA,NA,0.1,NA,NA,NA,NA,NA,2.88,NA,2555478,NFL,12785,NA,NA,NA,NA,NA,NA,NA,NA,NA,NA,NA,NA
Christian Watson,WR,GB,NA,NA,0.86,14.98,NA,NA,0.09,NA,NA,NA,NA,0.01,2.88,NA,2567637,NFL,15789,NA,NA,NA,NA,NA,NA,NA,NA,NA,NA,NA,NA
Jack Bech,WR,LV,NA,NA,1.14,11.9,NA,NA,0.08,NA,0.34,NA,NA,0.01,2.82,NA,2574285,NFL,17078,NA,NA,NA,NA,NA,NA,NA,NA,NA,NA,NA,NA
Tyler Johnson,WR,NYJ,NA,NA,1.08,13.07,NA,NA,0.07,NA,NA,NA,NA,NA,2.81,NA,2565225,NFL,14864,NA,NA,NA,NA,NA,NA,NA,NA,NA,NA,NA,NA
Noah Brown,WR,WAS,NA,NA,1.04,14.83,NA,NA,0.05,NA,NA,NA,NA,0.01,2.8,NA,2558091,NFL,13172,NA,NA,NA,NA,NA,NA,NA,NA,NA,NA,NA,NA
Jamari Thrash,WR,CLE,NA,NA,1.04,11.57,NA,NA,0.08,NA,0.54,NA,NA,NA,2.73,NA,2571955,NFL,16624,NA,NA,NA,NA,NA,NA,NA,NA,NA,NA,NA,NA
Kyle Williams,WR,NE,NA,NA,1,12,NA,NA,0.07,NA,0.66,NA,0.01,0.01,2.73,NA,2574387,NFL,17134,NA,NA,NA,NA,NA,NA,NA,NA,NA,NA,NA,NA
Jalin Hyatt,WR,NYG,NA,NA,1.07,13.52,NA,NA,0.05,NA,NA,NA,NA,0.01,2.7,NA,2570152,NFL,16183,NA,NA,NA,NA,NA,NA,NA,NA,NA,NA,NA,NA
Roman Wilson,WR,PIT,NA,NA,0.94,11.07,NA,NA,0.1,NA,NA,NA,NA,NA,2.65,NA,2572459,NFL,16629,NA,NA,NA,NA,NA,NA,NA,NA,NA,NA,NA,NA
Tylan Wallace,WR,BAL,NA,NA,0.84,11.67,NA,NA,0.1,NA,0.28,NA,NA,NA,2.64,NA,2565857,NFL,15285,NA,NA,NA,NA,NA,NA,NA,NA,NA,NA,NA,NA
Cedrick Wilson Jr.,WR,MIA,NA,NA,0.96,11.87,NA,NA,0.08,NA,NA,NA,NA,0.01,2.61,NA,2560936,NFL,13652,NA,NA,NA,NA,NA,NA,NA,NA,NA,NA,NA,NA
Tre Harris,WR,LAC,NA,NA,1.02,11.65,NA,NA,0.07,NA,0.12,NA,NA,0.01,2.6,NA,2574515,NFL,17072,NA,NA,NA,NA,NA,NA,NA,NA,NA,NA,NA,NA
Curtis Samuel,WR,BUF,NA,NA,0.9,9.88,NA,NA,0.07,NA,1.35,NA,0.01,0.01,2.48,NA,2558066,NFL,13157,NA,NA,NA,NA,NA,NA,NA,NA,NA,NA,NA,NA
Devaughn Vele,WR,NO,NA,NA,0.94,10.44,NA,NA,0.06,NA,0.25,NA,NA,NA,2.37,NA,2572006,NFL,16788,NA,NA,NA,NA,NA,NA,NA,NA,NA,NA,NA,NA
Jalen Royals,WR,KC,NA,NA,0.87,10.04,NA,NA,0.07,NA,0.22,NA,NA,0.01,2.3,NA,2574254,NFL,17086,NA,NA,NA,NA,NA,NA,NA,NA,NA,NA,NA,NA
Kalif Raymond,WR,DET,NA,NA,0.69,9.31,NA,NA,0.05,NA,0.42,NA,NA,0.02,2.28,NA,2556661,NFL,13066,NA,NA,NA,NA,NA,NA,NA,NA,NA,NA,NA,0.06
Jimmy Horn Jr.,WR,CAR,NA,NA,0.89,10.13,NA,NA,0.06,NA,NA,NA,NA,NA,2.26,NA,2573985,NFL,17234,NA,NA,NA,NA,NA,NA,NA,NA,NA,NA,NA,NA
Pat Bryant,WR,DEN,NA,NA,0.83,9.36,NA,NA,0.07,NA,0.03,NA,NA,NA,2.19,NA,2574086,NFL,17082,NA,NA,NA,NA,NA,NA,NA,NA,NA,NA,NA,NA
DeMario Douglas,WR,NE,NA,NA,0.79,9.4,NA,NA,0.04,NA,0.96,NA,0.01,0.01,2.11,NA,2570119,NFL,16342,NA,NA,NA,NA,NA,NA,NA,NA,NA,NA,NA,NA
Savion Williams,WR,GB,NA,NA,0.62,7.09,NA,NA,0.05,NA,1.24,NA,0.01,NA,1.81,NA,2574141,NFL,17096,NA,NA,NA,NA,NA,NA,NA,NA,NA,NA,NA,NA
Dee Eskridge,WR,MIA,NA,NA,0.61,6.61,NA,NA,0.05,NA,0.79,NA,0.01,NA,1.71,NA,2566553,NFL,15302,NA,NA,NA,NA,NA,NA,NA,NA,NA,NA,NA,NA
Elijah Moore,WR,BUF,NA,NA,0.58,6.9,NA,NA,0.05,NA,0.55,NA,NA,NA,1.63,NA,2566385,NFL,15288,NA,NA,NA,NA,NA,NA,NA,NA,NA,NA,NA,NA
Malik Heath,WR,GB,NA,NA,0.58,6.88,NA,NA,0.05,NA,0.25,NA,NA,NA,1.59,NA,2570518,NFL,16413,NA,NA,NA,NA,NA,NA,NA,NA,NA,NA,NA,NA
Casey Washington,WR,ATL,NA,NA,0.57,6.96,NA,NA,0.04,NA,NA,NA,NA,NA,1.51,NA,2571820,NFL,16760,NA,NA,NA,NA,NA,NA,NA,NA,NA,NA,NA,NA
Adonai Mitchell,WR,IND,NA,NA,0.52,6.59,NA,NA,0.03,NA,0.5,NA,NA,NA,1.41,NA,2572129,NFL,16626,NA,NA,NA,NA,NA,NA,NA,NA,NA,NA,NA,NA
Van Jefferson,WR,TEN,NA,NA,0.5,6.59,NA,NA,0.04,NA,NA,NA,NA,NA,1.4,NA,2564358,NFL,14858,NA,NA,NA,NA,NA,NA,NA,NA,NA,NA,NA,NA
KhaDarel Hodge,WR,ATL,NA,NA,0.37,5.48,NA,NA,0.02,NA,0.28,NA,NA,NA,1.07,NA,2561653,NFL,13963,NA,NA,NA,NA,NA,NA,NA,NA,NA,NA,NA,NA
Mitchell Tinsley,WR,CIN,NA,NA,0.41,4.11,NA,NA,0.03,NA,NA,NA,NA,NA,1,NA,2571650,NFL,16403,NA,NA,NA,NA,NA,NA,NA,NA,NA,NA,NA,NA
Arian Smith,WR,NYJ,NA,NA,0.36,3.94,NA,NA,0.03,NA,0.4,NA,NA,NA,0.97,NA,2574450,NFL,17175,NA,NA,NA,NA,NA,NA,NA,NA,NA,NA,NA,NA
Allen Lazard,WR,NYJ,NA,NA,0.29,4.26,NA,NA,0.03,NA,NA,NA,NA,NA,0.9,NA,2560787,NFL,13632,NA,NA,NA,NA,NA,NA,NA,NA,NA,NA,NA,NA
John Metchie III,WR,PHI,NA,NA,0.36,3.96,NA,NA,0.02,NA,NA,NA,NA,NA,0.88,NA,2567682,NFL,15759,NA,NA,NA,NA,NA,NA,NA,NA,NA,NA,NA,NA
Devontez Walker,WR,BAL,NA,NA,0.31,3.6,NA,NA,0.03,NA,0.28,NA,NA,NA,0.88,NA,2571844,NFL,16621,NA,NA,NA,NA,NA,NA,NA,NA,NA,NA,NA,NA
Derius Davis,WR,LAC,NA,NA,0.1,0.96,NA,NA,0.01,NA,1.85,NA,0.01,0.03,0.86,NA,2570272,NFL,16299,NA,NA,NA,NA,NA,NA,NA,NA,NA,NA,NA,0.07
Chris Moore,WR,WAS,NA,NA,0.27,3.6,NA,NA,0.02,NA,NA,NA,NA,NA,0.75,NA,2555209,NFL,12773,NA,NA,NA,NA,NA,NA,NA,NA,NA,NA,NA,NA
Kendrick Bourne,WR,SF,NA,NA,0.22,3.17,NA,NA,0.02,NA,NA,NA,NA,NA,0.66,NA,2558914,NFL,13418,NA,NA,NA,NA,NA,NA,NA,NA,NA,NA,NA,NA
Luke McCaffrey,WR,WAS,NA,NA,0.23,2.63,NA,NA,0.02,NA,0.32,NA,NA,NA,0.65,NA,2572576,NFL,16635,NA,NA,NA,NA,NA,NA,NA,NA,NA,NA,NA,NA
Jake Bobo,WR,SEA,NA,NA,0.23,2.76,NA,NA,0.02,NA,NA,NA,NA,NA,0.63,NA,2571378,NFL,16393,NA,NA,NA,NA,NA,NA,NA,NA,NA,NA,NA,NA
Hunter Renfrow,WR,CAR,NA,NA,0.24,2.62,NA,NA,0.02,NA,NA,NA,NA,NA,0.62,NA,2562712,NFL,14123,NA,NA,NA,NA,NA,NA,NA,NA,NA,NA,NA,NA
KeAndre Lambert-Smith,WR,LAC,NA,NA,0.21,2.54,NA,NA,0.02,NA,0.11,NA,NA,NA,0.6,NA,2574521,NFL,17205,NA,NA,NA,NA,NA,NA,NA,NA,NA,NA,NA,NA
Trent Sherfield,WR,DEN,NA,NA,0.23,2.42,NA,NA,0.02,NA,NA,NA,NA,NA,0.59,NA,2561272,NFL,13893,NA,NA,NA,NA,NA,NA,NA,NA,NA,NA,NA,NA
Devin Duvernay,WR,CHI,NA,NA,0.09,0.88,NA,NA,0.01,NA,0.44,NA,NA,0.03,0.58,NA,2563551,NFL,14847,NA,NA,NA,NA,NA,NA,NA,NA,NA,NA,NA,0.06
Tez Johnson,WR,TB,NA,NA,0.19,2.21,NA,NA,0.02,NA,0.13,NA,NA,NA,0.54,NA,2574589,NFL,17079,NA,NA,NA,NA,NA,NA,NA,NA,NA,NA,NA,NA
Marquez Valdes-Scantling,WR,SF,NA,NA,0.16,2.55,NA,NA,0.02,NA,NA,NA,NA,NA,0.54,NA,2560907,NFL,13793,NA,NA,NA,NA,NA,NA,NA,NA,NA,NA,NA,NA
Ashton Dulin,WR,IND,NA,NA,0.23,2.4,NA,NA,NA,NA,0.57,NA,NA,NA,0.53,NA,2562646,NFL,14315,NA,NA,NA,NA,NA,NA,NA,NA,NA,NA,NA,NA
Anthony Gould,WR,IND,NA,NA,0.23,2.57,NA,NA,NA,NA,0.29,NA,NA,NA,0.52,NA,2572120,NFL,16732,NA,NA,NA,NA,NA,NA,NA,NA,NA,NA,NA,NA
Jermaine Burton,WR,CIN,NA,NA,0.17,2.11,NA,NA,0.01,NA,0.16,NA,NA,NA,0.46,NA,2571922,NFL,16632,NA,NA,NA,NA,NA,NA,NA,NA,NA,NA,NA,NA
Tim Patrick,WR,JAX,NA,NA,0.17,2.24,NA,NA,0.01,NA,NA,NA,NA,NA,0.45,NA,2558985,NFL,13377,NA,NA,NA,NA,NA,NA,NA,NA,NA,NA,NA,NA
Charlie Jones,WR,CIN,NA,NA,0.15,1.46,NA,NA,0.01,NA,0.17,NA,NA,NA,0.37,NA,2569645,NFL,16203,NA,NA,NA,NA,NA,NA,NA,NA,NA,NA,NA,NA
Xavier Smith,WR,LAR,NA,NA,0.02,0.25,NA,NA,NA,NA,0.12,NA,NA,0.01,0.04,NA,2570002,NFL,16428,NA,NA,NA,NA,NA,NA,NA,NA,NA,NA,NA,NA
