team,dst_int,dst_safety,dst_sacks,dst_tackles,dst_fum_rec,dst_fum_force,dst_td,dst_pts_allowed,dst_pts_allowed_g,dst_pass_yds_allowed,dst_rush_yds_allowed,dst_yds_allowed,dst_avg_yds_allowed,site_pts,site_fppg,data_src,id,src_id,player,pos,opp,bye,draft_rank,idp_solo,pct_owned,site_ci_low,site_ci_high,opp_rank,ranks_pos,FanDuel FP,fanduel_salary,fanduel_value,draftkings_site_points,draftkings_salary,draftkings_value,yahoo_site_points,yahoo_salary,yahoo_value,return_tds,dst_int_tds,dst_ret_tds,dst_tackle
BAL,0.6,0,1.9,40.3,0.9,1.2,0.2,13.7,13.7,0,133,260,260,14.1,14.1,CBS,0531,1903,NA,NA,NA,NA,NA,NA,NA,NA,NA,NA,NA,NA,NA,NA,NA,NA,NA,NA,NA,NA,NA,NA,NA,NA
DEN,1.4,0,2.9,38.1,0.6,0.8,0.2,17.5,17.5,0,82,255,255,14.1,14.1,CBS,0511,1909,NA,NA,NA,NA,NA,NA,NA,NA,NA,NA,NA,NA,NA,NA,NA,NA,NA,NA,NA,NA,NA,NA,NA,NA
SF,1,0,3,43,0.8,1.1,0.2,15.4,15.4,0,106,285,285,13.8,13.8,CBS,0530,1925,NA,NA,NA,NA,NA,NA,NA,NA,NA,NA,NA,NA,NA,NA,NA,NA,NA,NA,NA,NA,NA,NA,NA,NA
BUF,1.1,0,2,42.9,0.9,1.2,0.2,16.2,16.2,0,184,297,297,13.2,13.2,CBS,0501,1904,NA,NA,NA,NA,NA,NA,NA,NA,NA,NA,NA,NA,NA,NA,NA,NA,NA,NA,NA,NA,NA,NA,NA,NA
TEN,1.3,0,2.3,38.4,0.5,0.8,0.2,14.3,14.3,0,70,269,269,13.1,13.1,CBS,0508,1928,NA,NA,NA,NA,NA,NA,NA,NA,NA,NA,NA,NA,NA,NA,NA,NA,NA,NA,NA,NA,NA,NA,NA,NA
CLE,0.9,0,1.8,40.1,0.8,1.1,0.2,14.8,14.8,0,132,286,286,12.4,12.4,CBS,0507,1930,NA,NA,NA,NA,NA,NA,NA,NA,NA,NA,NA,NA,NA,NA,NA,NA,NA,NA,NA,NA,NA,NA,NA,NA
TB,1,0,3,45.4,0.7,0.9,0.2,17.2,17.2,0,112,305,305,11.6,11.6,CBS,0525,1927,NA,NA,NA,NA,NA,NA,NA,NA,NA,NA,NA,NA,NA,NA,NA,NA,NA,NA,NA,NA,NA,NA,NA,NA
KC,0.7,0,2.8,39.5,0.9,1.2,0.2,20,20,0,113,326,326,11.2,11.2,CBS,0512,1914,NA,NA,NA,NA,NA,NA,NA,NA,NA,NA,NA,NA,NA,NA,NA,NA,NA,NA,NA,NA,NA,NA,NA,NA
CIN,1.4,0,1.8,40.8,0.7,1,0.2,19.1,19.1,0,108,304,304,11.2,11.2,CBS,0506,1907,NA,NA,NA,NA,NA,NA,NA,NA,NA,NA,NA,NA,NA,NA,NA,NA,NA,NA,NA,NA,NA,NA,NA,NA
LAR,0.7,0,3.1,41.9,0.7,1,0.2,17.5,17.5,0,100,308,308,11.1,11.1,CBS,0528,1923,NA,NA,NA,NA,NA,NA,NA,NA,NA,NA,NA,NA,NA,NA,NA,NA,NA,NA,NA,NA,NA,NA,NA,NA
MIN,0.7,0,2.9,42.9,0.8,1.2,0.2,19.9,19.9,0,130,330,330,11.1,11.1,CBS,0524,1916,NA,NA,NA,NA,NA,NA,NA,NA,NA,NA,NA,NA,NA,NA,NA,NA,NA,NA,NA,NA,NA,NA,NA,NA
NYJ,0.8,0,2.5,40.8,0.8,1.1,0.2,18.5,18.5,0,100,310,310,10.9,10.9,CBS,0505,1919,NA,NA,NA,NA,NA,NA,NA,NA,NA,NA,NA,NA,NA,NA,NA,NA,NA,NA,NA,NA,NA,NA,NA,NA
PIT,1.2,0,2.1,40.2,0.5,0.7,0.2,18,18,0,105,340,340,10.7,10.7,CBS,0510,1922,NA,NA,NA,NA,NA,NA,NA,NA,NA,NA,NA,NA,NA,NA,NA,NA,NA,NA,NA,NA,NA,NA,NA,NA
JAC,0.9,0,2.2,39.7,0.7,0.9,0.2,18.9,18.9,0,95,318,318,10.6,10.6,CBS,0509,1913,NA,NA,NA,NA,NA,NA,NA,NA,NA,NA,NA,NA,NA,NA,NA,NA,NA,NA,NA,NA,NA,NA,NA,NA
NO,0.7,0,2.2,45.2,0.8,1.1,0.2,18.7,18.7,0,164,313,313,10.4,10.4,CBS,0529,1917,NA,NA,NA,NA,NA,NA,NA,NA,NA,NA,NA,NA,NA,NA,NA,NA,NA,NA,NA,NA,NA,NA,NA,NA
DAL,0.8,0,3.4,42.7,1.1,1.5,0.2,22.6,22.6,0,140,353,353,10.4,10.4,CBS,0516,1908,NA,NA,NA,NA,NA,NA,NA,NA,NA,NA,NA,NA,NA,NA,NA,NA,NA,NA,NA,NA,NA,NA,NA,NA
LAC,1.1,0,2.6,42.6,1,1.4,0.2,21.4,21.4,0,130,329,329,10,10,CBS,0514,1924,NA,NA,NA,NA,NA,NA,NA,NA,NA,NA,NA,NA,NA,NA,NA,NA,NA,NA,NA,NA,NA,NA,NA,NA
HOU,1.2,0,2.5,40.5,0.8,1.1,0.2,22.3,22.3,0,135,327,327,9.7,9.7,CBS,0532,1932,NA,NA,NA,NA,NA,NA,NA,NA,NA,NA,NA,NA,NA,NA,NA,NA,NA,NA,NA,NA,NA,NA,NA,NA
NE,1.1,0,3.1,40.5,0.6,0.8,0.2,21.2,21.2,0,89,324,324,9.7,9.7,CBS,0504,1931,NA,NA,NA,NA,NA,NA,NA,NA,NA,NA,NA,NA,NA,NA,NA,NA,NA,NA,NA,NA,NA,NA,NA,NA
MIA,0.6,0,1.7,39.8,0.7,1,0.2,18.7,18.7,0,115,317,317,9.5,9.5,CBS,0503,1915,NA,NA,NA,NA,NA,NA,NA,NA,NA,NA,NA,NA,NA,NA,NA,NA,NA,NA,NA,NA,NA,NA,NA,NA
PHI,0.9,0,2.8,45.3,0.7,1,0.2,26.4,26.4,0,144,351,351,9.2,9.2,CBS,0518,1921,NA,NA,NA,NA,NA,NA,NA,NA,NA,NA,NA,NA,NA,NA,NA,NA,NA,NA,NA,NA,NA,NA,NA,NA
GB,0.9,0,2.4,43.4,0.7,0.9,0.2,23.6,23.6,0,116,373,373,8.8,8.8,CBS,0523,1911,NA,NA,NA,NA,NA,NA,NA,NA,NA,NA,NA,NA,NA,NA,NA,NA,NA,NA,NA,NA,NA,NA,NA,NA
IND,0.8,0,2.5,45.5,0.7,1,0.2,24.5,24.5,0,86,353,353,8.7,8.7,CBS,0502,1912,NA,NA,NA,NA,NA,NA,NA,NA,NA,NA,NA,NA,NA,NA,NA,NA,NA,NA,NA,NA,NA,NA,NA,NA
ARI,0.6,0,1.3,45.1,0.8,1.1,0.1,19.7,19.7,0,84,336,336,8.7,8.7,CBS,0519,1901,NA,NA,NA,NA,NA,NA,NA,NA,NA,NA,NA,NA,NA,NA,NA,NA,NA,NA,NA,NA,NA,NA,NA,NA
NYG,0.7,0,2.3,41.8,0.8,1.2,0.2,26.7,26.7,0,115,355,355,8.5,8.5,CBS,0517,1918,NA,NA,NA,NA,NA,NA,NA,NA,NA,NA,NA,NA,NA,NA,NA,NA,NA,NA,NA,NA,NA,NA,NA,NA
DET,0.9,0,2.1,38.7,0.6,0.9,0.2,21.1,21.1,0,105,314,314,8.3,8.3,CBS,0522,1910,NA,NA,NA,NA,NA,NA,NA,NA,NA,NA,NA,NA,NA,NA,NA,NA,NA,NA,NA,NA,NA,NA,NA,NA
WAS,0.7,0,1.8,43.6,0.9,1.3,0.2,25.2,25.2,0,128,350,350,8.2,8.2,CBS,0520,1929,NA,NA,NA,NA,NA,NA,NA,NA,NA,NA,NA,NA,NA,NA,NA,NA,NA,NA,NA,NA,NA,NA,NA,NA
ATL,1,0,1.5,49.2,0.7,0.9,0.2,23.8,23.8,0,207,383,383,8.1,8.1,CBS,0526,1902,NA,NA,NA,NA,NA,NA,NA,NA,NA,NA,NA,NA,NA,NA,NA,NA,NA,NA,NA,NA,NA,NA,NA,NA
LV,1,0,1.8,44.6,0.5,0.7,0.2,21,21,0,99,306,306,8,8,CBS,0513,1920,NA,NA,NA,NA,NA,NA,NA,NA,NA,NA,NA,NA,NA,NA,NA,NA,NA,NA,NA,NA,NA,NA,NA,NA
CAR,0.5,0,1.7,43.3,0.7,1,0.1,22.8,22.8,0,121,333,333,6.7,6.7,CBS,0527,1905,NA,NA,NA,NA,NA,NA,NA,NA,NA,NA,NA,NA,NA,NA,NA,NA,NA,NA,NA,NA,NA,NA,NA,NA
CHI,1.1,0,1.5,46.4,0.8,1,0.2,27.7,27.7,0,163,403,403,6.5,6.5,CBS,0521,1906,NA,NA,NA,NA,NA,NA,NA,NA,NA,NA,NA,NA,NA,NA,NA,NA,NA,NA,NA,NA,NA,NA,NA,NA
SEA,0.8,0,1.7,45,0.8,1.1,0.2,29.9,29.9,0,123,430,430,6.1,6.1,CBS,0515,1926,NA,NA,NA,NA,NA,NA,NA,NA,NA,NA,NA,NA,NA,NA,NA,NA,NA,NA,NA,NA,NA,NA,NA,NA
NA,1.1,0,2.7,NA,0.6,0.8,0.2,17.5,NA,NA,NA,277.2,NA,8,NA,FantasyPros,0511,8090,Denver Broncos,DST,NA,NA,NA,NA,NA,NA,NA,NA,NA,NA,NA,NA,NA,NA,NA,NA,NA,NA,NA,NA,NA,NA
NA,1,0,2.7,NA,0.7,0.9,0.2,19.4,NA,NA,NA,310.1,NA,8,NA,FantasyPros,0501,8030,Buffalo Bills,DST,NA,NA,NA,NA,NA,NA,NA,NA,NA,NA,NA,NA,NA,NA,NA,NA,NA,NA,NA,NA,NA,NA
NA,0.9,0,2.9,NA,0.7,0.9,0.2,19.5,NA,NA,NA,320.8,NA,8,NA,FantasyPros,0525,8290,Tampa Bay Buccaneers,DST,NA,NA,NA,NA,NA,NA,NA,NA,NA,NA,NA,NA,NA,NA,NA,NA,NA,NA,NA,NA,NA,NA
NA,1,0,2.7,NA,0.7,1,0.2,15.3,NA,NA,NA,294.1,NA,8,NA,FantasyPros,0530,8270,San Francisco 49ers,DST,NA,NA,NA,NA,NA,NA,NA,NA,NA,NA,NA,NA,NA,NA,NA,NA,NA,NA,NA,NA,NA,NA
NA,1,0,2.5,NA,0.6,0.8,0.2,15.3,NA,NA,NA,286.8,NA,7.7,NA,FantasyPros,0508,8300,Tennessee Titans,DST,NA,NA,NA,NA,NA,NA,NA,NA,NA,NA,NA,NA,NA,NA,NA,NA,NA,NA,NA,NA,NA,NA
NA,0.7,0,2.8,NA,0.6,1,0.2,20,NA,NA,NA,338.6,NA,7.6,NA,FantasyPros,0524,8170,Minnesota Vikings,DST,NA,NA,NA,NA,NA,NA,NA,NA,NA,NA,NA,NA,NA,NA,NA,NA,NA,NA,NA,NA,NA,NA
NA,0.7,0,2.9,NA,0.6,0.9,0.2,18,NA,NA,NA,317.1,NA,7.5,NA,FantasyPros,0528,8280,Los Angeles Rams,DST,NA,NA,NA,NA,NA,NA,NA,NA,NA,NA,NA,NA,NA,NA,NA,NA,NA,NA,NA,NA,NA,NA
NA,1,0,2.2,NA,0.6,0.9,0.2,19.1,NA,NA,NA,313.1,NA,7.3,NA,FantasyPros,0506,8060,Cincinnati Bengals,DST,NA,NA,NA,NA,NA,NA,NA,NA,NA,NA,NA,NA,NA,NA,NA,NA,NA,NA,NA,NA,NA,NA
NA,0.8,0,2.3,NA,0.6,0.9,0.2,18.9,NA,NA,NA,321.8,NA,7.1,NA,FantasyPros,0505,8210,New York Jets,DST,NA,NA,NA,NA,NA,NA,NA,NA,NA,NA,NA,NA,NA,NA,NA,NA,NA,NA,NA,NA,NA,NA
NA,0.9,0,2.2,NA,0.6,0.9,0.2,18.3,NA,NA,NA,311.4,NA,7.1,NA,FantasyPros,0507,8070,Cleveland Browns,DST,NA,NA,NA,NA,NA,NA,NA,NA,NA,NA,NA,NA,NA,NA,NA,NA,NA,NA,NA,NA,NA,NA
NA,0.7,0,2.3,NA,0.6,0.9,0.2,16.1,NA,NA,NA,265.3,NA,7.1,NA,FantasyPros,0531,8020,Baltimore Ravens,DST,NA,NA,NA,NA,NA,NA,NA,NA,NA,NA,NA,NA,NA,NA,NA,NA,NA,NA,NA,NA,NA,NA
NA,0.9,0,2.6,NA,0.8,1.2,0.2,21.3,NA,NA,NA,341.4,NA,7,NA,FantasyPros,0514,8250,Los Angeles Chargers,DST,NA,NA,NA,NA,NA,NA,NA,NA,NA,NA,NA,NA,NA,NA,NA,NA,NA,NA,NA,NA,NA,NA
NA,0.8,0,2.8,NA,0.8,1.3,0.2,20.2,NA,NA,NA,363.1,NA,7,NA,FantasyPros,0516,8080,Dallas Cowboys,DST,NA,NA,NA,NA,NA,NA,NA,NA,NA,NA,NA,NA,NA,NA,NA,NA,NA,NA,NA,NA,NA,NA
NA,0.8,0,2.9,NA,0.6,0.9,0.2,21.1,NA,NA,NA,333.5,NA,6.8,NA,FantasyPros,0512,8150,Kansas City Chiefs,DST,NA,NA,NA,NA,NA,NA,NA,NA,NA,NA,NA,NA,NA,NA,NA,NA,NA,NA,NA,NA,NA,NA
NA,0.9,0,2.8,NA,0.6,0.8,0.2,21.4,NA,NA,NA,329.6,NA,6.7,NA,FantasyPros,0504,8180,New England Patriots,DST,NA,NA,NA,NA,NA,NA,NA,NA,NA,NA,NA,NA,NA,NA,NA,NA,NA,NA,NA,NA,NA,NA
NA,0.9,0,2.6,NA,0.6,0.8,0.2,21.2,NA,NA,NA,336.8,NA,6.7,NA,FantasyPros,0509,8140,Jacksonville Jaguars,DST,NA,NA,NA,NA,NA,NA,NA,NA,NA,NA,NA,NA,NA,NA,NA,NA,NA,NA,NA,NA,NA,NA
NA,1,0,2.4,NA,0.6,1,0.2,25.3,NA,NA,NA,347.8,NA,6.7,NA,FantasyPros,0518,8230,Philadelphia Eagles,DST,NA,NA,NA,NA,NA,NA,NA,NA,NA,NA,NA,NA,NA,NA,NA,NA,NA,NA,NA,NA,NA,NA
NA,0.9,0,2.6,NA,0.6,0.9,0.2,21.2,NA,NA,NA,341.9,NA,6.6,NA,FantasyPros,0532,8120,Houston Texans,DST,NA,NA,NA,NA,NA,NA,NA,NA,NA,NA,NA,NA,NA,NA,NA,NA,NA,NA,NA,NA,NA,NA
NA,0.8,0,2.4,NA,0.7,1.1,0.2,26.2,NA,NA,NA,371.7,NA,6.3,NA,FantasyPros,0517,8200,New York Giants,DST,NA,NA,NA,NA,NA,NA,NA,NA,NA,NA,NA,NA,NA,NA,NA,NA,NA,NA,NA,NA,NA,NA
NA,1,0,2.1,NA,0.5,0.8,0.2,20.6,NA,NA,NA,349.2,NA,6.2,NA,FantasyPros,0510,8240,Pittsburgh Steelers,DST,NA,NA,NA,NA,NA,NA,NA,NA,NA,NA,NA,NA,NA,NA,NA,NA,NA,NA,NA,NA,NA,NA
NA,0.8,0,2.4,NA,0.6,0.8,0.2,20.9,NA,NA,NA,306,NA,6.1,NA,FantasyPros,0522,8100,Detroit Lions,DST,NA,NA,NA,NA,NA,NA,NA,NA,NA,NA,NA,NA,NA,NA,NA,NA,NA,NA,NA,NA,NA,NA
NA,0.8,0,2.3,NA,0.6,0.9,0.2,22.6,NA,NA,NA,365.1,NA,6.1,NA,FantasyPros,0502,8130,Indianapolis Colts,DST,NA,NA,NA,NA,NA,NA,NA,NA,NA,NA,NA,NA,NA,NA,NA,NA,NA,NA,NA,NA,NA,NA
NA,0.9,0,2.2,NA,0.6,0.7,0.2,23.5,NA,NA,NA,379.6,NA,6.1,NA,FantasyPros,0523,8110,Green Bay Packers,DST,NA,NA,NA,NA,NA,NA,NA,NA,NA,NA,NA,NA,NA,NA,NA,NA,NA,NA,NA,NA,NA,NA
NA,0.8,0,2.3,NA,0.6,0.9,0.2,20.3,NA,NA,NA,330.8,NA,6.1,NA,FantasyPros,0529,8190,New Orleans Saints,DST,NA,NA,NA,NA,NA,NA,NA,NA,NA,NA,NA,NA,NA,NA,NA,NA,NA,NA,NA,NA,NA,NA
NA,0.9,0,2.2,NA,0.6,0.8,0.2,22.2,NA,NA,NA,322.4,NA,6.1,NA,FantasyPros,0513,8220,Las Vegas Raiders,DST,NA,NA,NA,NA,NA,NA,NA,NA,NA,NA,NA,NA,NA,NA,NA,NA,NA,NA,NA,NA,NA,NA
NA,0.7,0,2.1,NA,0.7,1,0.2,24.4,NA,NA,NA,331.1,NA,5.9,NA,FantasyPros,0520,8310,Washington Commanders,DST,NA,NA,NA,NA,NA,NA,NA,NA,NA,NA,NA,NA,NA,NA,NA,NA,NA,NA,NA,NA,NA,NA
NA,0.9,0,1.8,NA,0.7,0.9,0.2,25.7,NA,NA,NA,402.6,NA,5.8,NA,FantasyPros,0521,8050,Chicago Bears,DST,NA,NA,NA,NA,NA,NA,NA,NA,NA,NA,NA,NA,NA,NA,NA,NA,NA,NA,NA,NA,NA,NA
NA,0.8,0,1.8,NA,0.7,1.1,0.2,28.5,NA,NA,NA,429.2,NA,5.8,NA,FantasyPros,0515,8260,Seattle Seahawks,DST,NA,NA,NA,NA,NA,NA,NA,NA,NA,NA,NA,NA,NA,NA,NA,NA,NA,NA,NA,NA,NA,NA
NA,0.8,0,2,NA,0.6,0.8,0.2,24.9,NA,NA,NA,391,NA,5.8,NA,FantasyPros,0526,8010,Atlanta Falcons,DST,NA,NA,NA,NA,NA,NA,NA,NA,NA,NA,NA,NA,NA,NA,NA,NA,NA,NA,NA,NA,NA,NA
NA,0.7,0,2.1,NA,0.6,1,0.2,20.1,NA,NA,NA,324.5,NA,5.7,NA,FantasyPros,0503,8160,Miami Dolphins,DST,NA,NA,NA,NA,NA,NA,NA,NA,NA,NA,NA,NA,NA,NA,NA,NA,NA,NA,NA,NA,NA,NA
NA,0.7,0,1.6,NA,0.6,1,0.1,21.2,NA,NA,NA,349.9,NA,5.2,NA,FantasyPros,0519,8000,Arizona Cardinals,DST,NA,NA,NA,NA,NA,NA,NA,NA,NA,NA,NA,NA,NA,NA,NA,NA,NA,NA,NA,NA,NA,NA
NA,0.6,0,1.9,NA,0.6,0.8,0.1,23.2,NA,NA,NA,350.2,NA,5.1,NA,FantasyPros,0527,8040,Carolina Panthers,DST,NA,NA,NA,NA,NA,NA,NA,NA,NA,NA,NA,NA,NA,NA,NA,NA,NA,NA,NA,NA,NA,NA
SFO,1.1,0,2.7,NA,0.6,NA,0.2,12.7,NA,NA,NA,273.5,NA,14.8,NA,FantasySharks,0530,NA,"49ers, San Francisco",D,WAS,NA,NA,NA,NA,NA,NA,NA,NA,NA,NA,NA,NA,NA,NA,NA,NA,NA,NA,NA,NA,NA
CLE,0.7,0,2.6,NA,0.5,NA,0.4,20,NA,NA,NA,295,NA,13.8,NA,FantasySharks,0507,NA,"Browns, Cleveland",D,NOS,NA,NA,NA,NA,NA,NA,NA,NA,NA,NA,NA,NA,NA,NA,NA,NA,NA,NA,NA,NA,NA
BAL,1,0,3,NA,0.5,NA,0.1,16.1,NA,NA,NA,299.5,NA,13,NA,FantasySharks,0531,NA,"Ravens, Baltimore",D,ATL,NA,NA,NA,NA,NA,NA,NA,NA,NA,NA,NA,NA,NA,NA,NA,NA,NA,NA,NA,NA,NA
DEN,1.4,0.1,3,NA,0.3,NA,0,14.2,NA,NA,NA,230.1,NA,12.9,NA,FantasySharks,0511,NA,"Broncos, Denver",D,@LAR,NA,NA,NA,NA,NA,NA,NA,NA,NA,NA,NA,NA,NA,NA,NA,NA,NA,NA,NA,NA,NA
TEN,1,0,3.3,NA,0.3,NA,0.1,15.4,NA,NA,NA,271.4,NA,12.8,NA,FantasySharks,0508,NA,"Titans, Tennessee",D,HOU,NA,NA,NA,NA,NA,NA,NA,NA,NA,NA,NA,NA,NA,NA,NA,NA,NA,NA,NA,NA,NA
LAR,0.9,0,2.9,NA,0.4,NA,0,14.7,NA,NA,NA,218.2,NA,12.2,NA,FantasySharks,0528,NA,"Rams, Los Angeles",D,DEN,NA,NA,NA,NA,NA,NA,NA,NA,NA,NA,NA,NA,NA,NA,NA,NA,NA,NA,NA,NA,NA
TBB,0.6,0,3.1,NA,0.6,NA,0,17.2,NA,NA,NA,241.4,NA,12,NA,FantasySharks,0525,NA,"Buccaneers, Tampa Bay",D,@ARI,NA,NA,NA,NA,NA,NA,NA,NA,NA,NA,NA,NA,NA,NA,NA,NA,NA,NA,NA,NA,NA
LAC,0.8,0.1,2.4,NA,0.6,NA,0.2,20,NA,NA,NA,322,NA,11.1,NA,FantasySharks,0514,NA,"Chargers, Los Angeles",D,@IND,NA,NA,NA,NA,NA,NA,NA,NA,NA,NA,NA,NA,NA,NA,NA,NA,NA,NA,NA,NA,NA
IND,0.6,0,3.2,NA,0.6,NA,0.2,23,NA,NA,NA,318,NA,11,NA,FantasySharks,0502,NA,"Colts, Indianapolis",D,LAC,NA,NA,NA,NA,NA,NA,NA,NA,NA,NA,NA,NA,NA,NA,NA,NA,NA,NA,NA,NA,NA
JAC,0.9,0,2.2,NA,0.9,NA,0.2,22.1,NA,NA,NA,324.8,NA,10.9,NA,FantasySharks,0509,NA,"Jaguars, Jacksonville",D,@NYJ,NA,NA,NA,NA,NA,NA,NA,NA,NA,NA,NA,NA,NA,NA,NA,NA,NA,NA,NA,NA,NA
DET,0.9,0.1,2.6,NA,0.7,NA,0.2,21.5,NA,NA,NA,347.5,NA,10.8,NA,FantasySharks,0522,NA,"Lions, Detroit",D,@CAR,NA,NA,NA,NA,NA,NA,NA,NA,NA,NA,NA,NA,NA,NA,NA,NA,NA,NA,NA,NA,NA
MIN,0.9,0,2.6,NA,0.5,NA,0.2,23,NA,NA,NA,344,NA,10.6,NA,FantasySharks,0524,NA,"Vikings, Minnesota",D,NYG,NA,NA,NA,NA,NA,NA,NA,NA,NA,NA,NA,NA,NA,NA,NA,NA,NA,NA,NA,NA,NA
KCC,0.7,0.1,3.3,NA,0.4,NA,0.2,21.5,NA,NA,NA,301,NA,10.4,NA,FantasySharks,0512,NA,"Chiefs, Kansas City",D,SEA,NA,NA,NA,NA,NA,NA,NA,NA,NA,NA,NA,NA,NA,NA,NA,NA,NA,NA,NA,NA,NA
BUF,0.8,0.2,2.7,NA,0.5,NA,0,17,NA,NA,NA,300,NA,10.4,NA,FantasySharks,0501,NA,"Bills, Buffalo",D,@CHI,NA,NA,NA,NA,NA,NA,NA,NA,NA,NA,NA,NA,NA,NA,NA,NA,NA,NA,NA,NA,NA
DAL,0.8,0,2.7,NA,0.9,NA,0.2,23.8,NA,NA,NA,376.7,NA,10.1,NA,FantasySharks,0516,NA,"Cowboys, Dallas",D,PHI,NA,NA,NA,NA,NA,NA,NA,NA,NA,NA,NA,NA,NA,NA,NA,NA,NA,NA,NA,NA,NA
CIN,1,0,1.8,NA,0.6,NA,0,18.9,NA,NA,NA,305.6,NA,10,NA,FantasySharks,0506,NA,"Bengals, Cincinnati",D,@NEP,NA,NA,NA,NA,NA,NA,NA,NA,NA,NA,NA,NA,NA,NA,NA,NA,NA,NA,NA,NA,NA
NEP,0.8,0,2.6,NA,0.3,NA,0.4,25.4,NA,NA,NA,391.1,NA,9.8,NA,FantasySharks,0504,NA,"Patriots, New England",D,CIN,NA,NA,NA,NA,NA,NA,NA,NA,NA,NA,NA,NA,NA,NA,NA,NA,NA,NA,NA,NA,NA
NOS,0.3,0,3,NA,0.5,NA,0,19.8,NA,NA,NA,313.8,NA,9.5,NA,FantasySharks,0529,NA,"Saints, New Orleans",D,@CLE,NA,NA,NA,NA,NA,NA,NA,NA,NA,NA,NA,NA,NA,NA,NA,NA,NA,NA,NA,NA,NA
ATL,0.7,0.1,1.4,NA,0.4,NA,0.3,21.5,NA,NA,NA,335.3,NA,9.5,NA,FantasySharks,0526,NA,"Falcons, Atlanta",D,@BAL,NA,NA,NA,NA,NA,NA,NA,NA,NA,NA,NA,NA,NA,NA,NA,NA,NA,NA,NA,NA,NA
ARI,0.6,0,2.6,NA,0.6,NA,0.3,27,NA,NA,NA,352,NA,9.5,NA,FantasySharks,0519,NA,"Cardinals, Arizona",D,TBB,NA,NA,NA,NA,NA,NA,NA,NA,NA,NA,NA,NA,NA,NA,NA,NA,NA,NA,NA,NA,NA
NYJ,0.7,0.2,2.6,NA,0.1,NA,0,20.2,NA,NA,NA,332.5,NA,9.4,NA,FantasySharks,0505,NA,"Jets, New York",D,JAC,NA,NA,NA,NA,NA,NA,NA,NA,NA,NA,NA,NA,NA,NA,NA,NA,NA,NA,NA,NA,NA
HOU,0.8,0.1,2.4,NA,0.6,NA,0,21,NA,NA,NA,333,NA,9.2,NA,FantasySharks,0532,NA,"Texans, Houston",D,@TEN,NA,NA,NA,NA,NA,NA,NA,NA,NA,NA,NA,NA,NA,NA,NA,NA,NA,NA,NA,NA,NA
NYG,0.4,0,2.6,NA,0.8,NA,0.1,24,NA,NA,NA,355,NA,8.7,NA,FantasySharks,0517,NA,"Giants, New York",D,@MIN,NA,NA,NA,NA,NA,NA,NA,NA,NA,NA,NA,NA,NA,NA,NA,NA,NA,NA,NA,NA,NA
PIT,0.8,0,2,NA,0.3,NA,0.1,23,NA,NA,NA,345,NA,8.6,NA,FantasySharks,0510,NA,"Steelers, Pittsburgh",D,LVR,NA,NA,NA,NA,NA,NA,NA,NA,NA,NA,NA,NA,NA,NA,NA,NA,NA,NA,NA,NA,NA
SEA,0.9,0,2.1,NA,0.5,NA,0.1,27.1,NA,NA,NA,392.4,NA,8.4,NA,FantasySharks,0515,NA,"Seahawks, Seattle",D,@KCC,NA,NA,NA,NA,NA,NA,NA,NA,NA,NA,NA,NA,NA,NA,NA,NA,NA,NA,NA,NA,NA
MIA,0.5,0,2.4,NA,0.3,NA,0.2,27.5,NA,NA,NA,386.1,NA,8.2,NA,FantasySharks,0503,NA,"Dolphins, Miami",D,GBP,NA,NA,NA,NA,NA,NA,NA,NA,NA,NA,NA,NA,NA,NA,NA,NA,NA,NA,NA,NA,NA
PHI,0.6,0,2.8,NA,0.4,NA,0,27,NA,NA,NA,389.4,NA,8.1,NA,FantasySharks,0518,NA,"Eagles, Philadelphia",D,@DAL,NA,NA,NA,NA,NA,NA,NA,NA,NA,NA,NA,NA,NA,NA,NA,NA,NA,NA,NA,NA,NA
GBP,0.8,0.1,1.8,NA,0.3,NA,0.1,24,NA,NA,NA,365,NA,7.4,NA,FantasySharks,0523,NA,"Packers, Green Bay",D,@MIA,NA,NA,NA,NA,NA,NA,NA,NA,NA,NA,NA,NA,NA,NA,NA,NA,NA,NA,NA,NA,NA
LVR,0.3,0,1.8,NA,0.5,NA,0.2,24,NA,NA,NA,378,NA,7.4,NA,FantasySharks,0513,NA,"Raiders, Las Vegas",D,@PIT,NA,NA,NA,NA,NA,NA,NA,NA,NA,NA,NA,NA,NA,NA,NA,NA,NA,NA,NA,NA,NA
WAS,0.4,0,1.7,NA,0.3,NA,0.1,22.6,NA,NA,NA,370.2,NA,7,NA,FantasySharks,0520,NA,"Commanders, Washington",D,@SFO,NA,NA,NA,NA,NA,NA,NA,NA,NA,NA,NA,NA,NA,NA,NA,NA,NA,NA,NA,NA,NA
CHI,0.7,0,1.2,NA,0.4,NA,0,26.8,NA,NA,NA,360.9,NA,6.4,NA,FantasySharks,0521,NA,"Bears, Chicago",D,BUF,NA,NA,NA,NA,NA,NA,NA,NA,NA,NA,NA,NA,NA,NA,NA,NA,NA,NA,NA,NA,NA
CAR,0.4,0,1.5,NA,0.1,NA,0.1,27,NA,NA,NA,414,NA,5.2,NA,FantasySharks,0527,NA,"Panthers, Carolina",D,DET,NA,NA,NA,NA,NA,NA,NA,NA,NA,NA,NA,NA,NA,NA,NA,NA,NA,NA,NA,NA,NA
DAL,0.8,NA,2.8,NA,0.8,1.3,0.2,20.2,NA,NA,NA,363.1,NA,11.67,NA,FleaFlicker,0516,2336,Dallas Cowboys,DST,PHISat 4:25 PM,9,D/ST4,0,95%,NA,NA,NA,NA,NA,NA,NA,NA,NA,NA,NA,NA,NA,NA,NA,NA,NA
LAC,0.9,NA,2.6,NA,0.8,1.2,0.2,21.3,NA,NA,NA,341.4,NA,11.51,NA,FleaFlicker,0514,2353,Los Angeles Chargers,DST,@INDMon 8:15 PM,8,D/ST11,0,46%,NA,NA,NA,NA,NA,NA,NA,NA,NA,NA,NA,NA,NA,NA,NA,NA,NA
SF,0.9,NA,2.7,NA,0.7,1,0.2,15.3,NA,NA,NA,294.1,NA,11.19,NA,FleaFlicker,0530,2355,San Francisco 49ers,DST,WASSat 4:05 PM,9,D/ST1,0,94%,NA,NA,NA,NA,NA,NA,NA,NA,NA,NA,NA,NA,NA,NA,NA,NA,NA
KC,0.8,NA,2.9,NA,0.6,0.9,0.2,21.1,NA,NA,NA,333.5,NA,11.06,NA,FleaFlicker,0512,2343,Kansas City Chiefs,DST,SEASat 1:00 PM,8,D/ST22,0,76%,NA,NA,NA,NA,NA,NA,NA,NA,NA,NA,NA,NA,NA,NA,NA,NA,NA
BUF,1,NA,2.7,NA,0.7,0.9,0.2,19.4,NA,NA,NA,310.1,NA,11.03,NA,FleaFlicker,0501,2331,Buffalo Bills,DST,@CHISat 1:00 PM,7,D/ST2,0,94%,NA,NA,NA,NA,NA,NA,NA,NA,NA,NA,NA,NA,NA,NA,NA,NA,NA
TB,0.9,NA,2.9,NA,0.7,0.9,0.2,19.5,NA,NA,NA,320.8,NA,10.99,NA,FleaFlicker,0525,2357,Tampa Bay Buccaneers,DST,@ARISun 8:20 PM,11,D/ST5,0,79%,NA,NA,NA,NA,NA,NA,NA,NA,NA,NA,NA,NA,NA,NA,NA,NA,NA
DEN,1.1,NA,2.7,NA,0.6,0.8,0.2,17.5,NA,NA,NA,277.2,NA,10.9,NA,FleaFlicker,0511,2337,Denver Broncos,DST,@LARSun 4:30 PM,9,D/ST3,0,68%,NA,NA,NA,NA,NA,NA,NA,NA,NA,NA,NA,NA,NA,NA,NA,NA,NA
MIN,0.7,NA,2.8,NA,0.6,1,0.2,20,NA,NA,NA,338.6,NA,10.89,NA,FleaFlicker,0524,2345,Minnesota Vikings,DST,NYGSat 1:00 PM,7,D/ST27,0,51%,NA,NA,NA,NA,NA,NA,NA,NA,NA,NA,NA,NA,NA,NA,NA,NA,NA
LAR,0.7,NA,3,NA,0.6,0.9,0.2,18,NA,NA,NA,317.1,NA,10.81,NA,FleaFlicker,0528,2356,Los Angeles Rams,DST,DENSun 4:30 PM,7,D/ST19,0,52%,NA,NA,NA,NA,NA,NA,NA,NA,NA,NA,NA,NA,NA,NA,NA,NA,NA
NE,0.9,NA,2.8,NA,0.6,0.8,0.2,21.4,NA,NA,NA,329.6,NA,10.62,NA,FleaFlicker,0504,2346,New England Patriots,DST,CINSat 1:00 PM,10,D/ST10,0,93%,NA,NA,NA,NA,NA,NA,NA,NA,NA,NA,NA,NA,NA,NA,NA,NA,NA
PHI,1,NA,2.4,NA,0.6,1,0.2,25.3,NA,NA,NA,347.8,NA,10.48,NA,FleaFlicker,0518,2351,Philadelphia Eagles,DST,@DALSat 4:25 PM,7,D/ST7,0,88%,NA,NA,NA,NA,NA,NA,NA,NA,NA,NA,NA,NA,NA,NA,NA,NA,NA
JAC,0.9,NA,2.6,NA,0.6,0.8,0.2,21.2,NA,NA,NA,336.8,NA,10.45,NA,FleaFlicker,0509,2342,Jacksonville Jaguars,DST,@NYJThu 8:15 PM,11,D/ST25,0,17%,NA,NA,NA,NA,NA,NA,NA,NA,NA,NA,NA,NA,NA,NA,NA,NA,NA
HOU,0.9,NA,2.6,NA,0.6,0.9,0.2,21.2,NA,NA,NA,341.9,NA,10.41,NA,FleaFlicker,0532,2340,Houston Texans,DST,@TENSat 1:00 PM,6,NA,0,6%,NA,NA,NA,NA,NA,NA,NA,NA,NA,NA,NA,NA,NA,NA,NA,NA,NA
NYG,0.8,NA,2.4,NA,0.7,1.1,0.2,26.2,NA,NA,NA,371.7,NA,10.36,NA,FleaFlicker,0517,2348,New York Giants,DST,@MINSat 1:00 PM,9,D/ST24,0,13%,NA,NA,NA,NA,NA,NA,NA,NA,NA,NA,NA,NA,NA,NA,NA,NA,NA
TEN,1,NA,2.5,NA,0.6,0.8,0.2,15.3,NA,NA,NA,286.8,NA,10.34,NA,FleaFlicker,0508,2358,Tennessee Titans,DST,HOUSat 1:00 PM,6,D/ST14,0,41%,NA,NA,NA,NA,NA,NA,NA,NA,NA,NA,NA,NA,NA,NA,NA,NA,NA
NO,0.8,NA,2.3,NA,0.6,0.9,0.2,20.3,NA,NA,NA,330.8,NA,9.73,NA,FleaFlicker,0529,2347,New Orleans Saints,DST,@CLESat 1:00 PM,14,D/ST12,0,55%,NA,NA,NA,NA,NA,NA,NA,NA,NA,NA,NA,NA,NA,NA,NA,NA,NA
CIN,1,NA,2.2,NA,0.6,0.9,0.2,19.1,NA,NA,NA,313.1,NA,9.71,NA,FleaFlicker,0506,2334,Cincinnati Bengals,DST,@NESat 1:00 PM,10,D/ST13,0,24%,NA,NA,NA,NA,NA,NA,NA,NA,NA,NA,NA,NA,NA,NA,NA,NA,NA
IND,0.8,NA,2.3,NA,0.6,0.9,0.2,22.6,NA,NA,NA,365.1,NA,9.68,NA,FleaFlicker,0502,2341,Indianapolis Colts,DST,LACMon 8:15 PM,14,D/ST16,0,46%,NA,NA,NA,NA,NA,NA,NA,NA,NA,NA,NA,NA,NA,NA,NA,NA,NA
BAL,0.8,NA,2.3,NA,0.6,0.9,0.2,16.1,NA,NA,NA,265.3,NA,9.68,NA,FleaFlicker,0531,2330,Baltimore Ravens,DST,ATLSat 1:00 PM,10,D/ST6,0,76%,NA,NA,NA,NA,NA,NA,NA,NA,NA,NA,NA,NA,NA,NA,NA,NA,NA
NYJ,0.8,NA,2.3,NA,0.6,0.9,0.2,18.9,NA,NA,NA,321.8,NA,9.64,NA,FleaFlicker,0505,2349,New York Jets,DST,JACThu 8:15 PM,10,D/ST9,0,51%,NA,NA,NA,NA,NA,NA,NA,NA,NA,NA,NA,NA,NA,NA,NA,NA,NA
CLE,0.9,NA,2.1,NA,0.6,0.9,0.1,18.3,NA,NA,NA,311.4,NA,9.57,NA,FleaFlicker,0507,2335,Cleveland Browns,DST,NOSat 1:00 PM,9,D/ST18,0,30%,NA,NA,NA,NA,NA,NA,NA,NA,NA,NA,NA,NA,NA,NA,NA,NA,NA
DET,0.8,NA,2.4,NA,0.6,0.8,0.2,20.9,NA,NA,NA,306,NA,9.57,NA,FleaFlicker,0522,2338,Detroit Lions,DST,@CARSat 1:00 PM,6,D/ST26,0,7%,NA,NA,NA,NA,NA,NA,NA,NA,NA,NA,NA,NA,NA,NA,NA,NA,NA
WAS,0.7,NA,2.1,NA,0.7,1,0.2,24.4,NA,NA,NA,331.1,NA,9.52,NA,FleaFlicker,0520,2359,Washington Commanders,DST,@SFSat 4:05 PM,14,D/ST17,0,38%,NA,NA,NA,NA,NA,NA,NA,NA,NA,NA,NA,NA,NA,NA,NA,NA,NA
PIT,1,NA,2.1,NA,0.5,0.8,0.2,20.6,NA,NA,NA,349.2,NA,9.4,NA,FleaFlicker,0510,2352,Pittsburgh Steelers,DST,LVSat 8:15 PM,9,D/ST15,0,43%,NA,NA,NA,NA,NA,NA,NA,NA,NA,NA,NA,NA,NA,NA,NA,NA,NA
LV,0.8,NA,2.2,NA,0.6,0.8,0.2,22.2,NA,NA,NA,322.5,NA,9.38,NA,FleaFlicker,0513,2350,Las Vegas Raiders,DST,@PITSat 8:15 PM,6,NA,0,17%,NA,NA,NA,NA,NA,NA,NA,NA,NA,NA,NA,NA,NA,NA,NA,NA,NA
GB,0.9,NA,2.2,NA,0.6,0.8,0.2,23.5,NA,NA,NA,379.6,NA,9.33,NA,FleaFlicker,0523,2339,Green Bay Packers,DST,@MIASun 1:00 PM,14,D/ST20,0,47%,NA,NA,NA,NA,NA,NA,NA,NA,NA,NA,NA,NA,NA,NA,NA,NA,NA
MIA,0.7,NA,2.1,NA,0.6,1,0.2,20.1,NA,NA,NA,324.5,NA,9.19,NA,FleaFlicker,0503,2344,Miami Dolphins,DST,GBSun 1:00 PM,11,D/ST21,0,50%,NA,NA,NA,NA,NA,NA,NA,NA,NA,NA,NA,NA,NA,NA,NA,NA,NA
SEA,0.8,NA,1.8,NA,0.7,1.1,0.2,28.5,NA,NA,NA,429.2,NA,9.13,NA,FleaFlicker,0515,2354,Seattle Seahawks,DST,@KCSat 1:00 PM,11,D/ST23,0,52%,NA,NA,NA,NA,NA,NA,NA,NA,NA,NA,NA,NA,NA,NA,NA,NA,NA
CHI,0.9,NA,1.8,NA,0.7,0.9,0.2,25.7,NA,NA,NA,402.5,NA,8.94,NA,FleaFlicker,0521,2333,Chicago Bears,DST,BUFSat 1:00 PM,14,NA,0,12%,NA,NA,NA,NA,NA,NA,NA,NA,NA,NA,NA,NA,NA,NA,NA,NA,NA
ATL,0.8,NA,2,NA,0.6,0.8,0.2,24.9,NA,NA,NA,391,NA,8.94,NA,FleaFlicker,0526,2329,Atlanta Falcons,DST,@BALSat 1:00 PM,14,NA,0,6%,NA,NA,NA,NA,NA,NA,NA,NA,NA,NA,NA,NA,NA,NA,NA,NA,NA
CAR,0.6,NA,1.9,NA,0.6,0.8,0.1,23.2,NA,NA,NA,350.2,NA,8.18,NA,FleaFlicker,0527,2332,Carolina Panthers,DST,DETSat 1:00 PM,13,D/ST8,0,21%,NA,NA,NA,NA,NA,NA,NA,NA,NA,NA,NA,NA,NA,NA,NA,NA,NA
ARI,0.7,NA,1.6,NA,0.6,0.9,0.1,21.2,NA,NA,NA,349.9,NA,8.16,NA,FleaFlicker,0519,2328,Arizona Cardinals,DST,TBSun 8:20 PM,13,D/ST28,0,36%,NA,NA,NA,NA,NA,NA,NA,NA,NA,NA,NA,NA,NA,NA,NA,NA,NA
BUF,0.52,NA,3.19,NA,0.75,NA,0.23,15.5,NA,NA,NA,294.43,NA,9.68,NA,NumberFire,0501,buffalo-dst,Buffalo D/ST,D,CHI,NA,NA,NA,NA,3.15,16.21,#18,1,9.66,4800,2.01,9.66,4000,2.42,9.66,20,0.48,NA,NA,NA,NA
CLE,0.78,NA,2.05,NA,0.59,NA,0.23,14.5,NA,NA,NA,325.82,NA,9.04,NA,NumberFire,0507,cleveland-dst,Cleveland D/ST,D,NO,NA,NA,NA,NA,2.64,15.44,#21,2,9.01,4100,2.2,9.01,3800,2.37,9.01,14,0.64,NA,NA,NA,NA
TB,0.73,NA,2.58,NA,0.78,NA,0.21,17.5,NA,NA,NA,310.91,NA,8.84,NA,NumberFire,0525,tampa-bay-dst,Tampa Bay D/ST,D,ARI,NA,NA,NA,NA,2.48,15.2,#25,3,8.82,4800,1.84,8.82,2700,3.27,8.82,18,0.49,NA,NA,NA,NA
SF,0.71,NA,2.63,NA,0.47,NA,0.22,15.75,NA,NA,NA,320.01,NA,8.84,NA,NumberFire,0530,san-francisco-dst,San Francisco D/ST,D,WSH,NA,NA,NA,NA,2.48,15.2,#26,3,8.78,5000,1.76,8.78,3900,2.25,8.78,20,0.44,NA,NA,NA,NA
DEN,0.86,NA,2.52,NA,0.58,NA,0.21,17,NA,NA,NA,296.92,NA,8.79,NA,NumberFire,0511,denver-dst,Denver D/ST,D,LA,NA,NA,NA,NA,2.44,15.14,#27,5,8.77,4500,1.95,8.77,3500,2.51,8.77,15,0.58,NA,NA,NA,NA
TEN,0.73,NA,2.5,NA,0.4,NA,0.22,16,NA,NA,NA,320.24,NA,8.52,NA,NumberFire,0508,tennessee-dst,Tennessee D/ST,D,HOU,NA,NA,NA,NA,2.23,14.81,#32,6,8.48,4700,1.8,8.48,3600,2.36,8.48,15,0.57,NA,NA,NA,NA
DAL,0.77,NA,3.24,NA,0.54,NA,0.18,20.75,NA,NA,NA,339.24,NA,8.09,NA,NumberFire,0516,dallas-dst,Dallas D/ST,D,PHI,NA,NA,NA,NA,1.88,14.3,#2,7,8.05,4000,2.01,8.05,2600,3.1,8.05,18,0.45,NA,NA,NA,NA
BAL,0.52,NA,2.01,NA,0.44,NA,0.24,15,NA,NA,NA,316.32,NA,8.04,NA,NumberFire,0531,baltimore-dst,Baltimore D/ST,D,ATL,NA,NA,NA,NA,1.84,14.24,#17,8,8.01,4900,1.63,8.01,3200,2.5,8.01,18,0.45,NA,NA,NA,NA
KC,0.92,NA,2.64,NA,0.44,NA,0.2,19.5,NA,NA,NA,348.92,NA,7.98,NA,NumberFire,0512,kansas-city-dst,Kansas City D/ST,D,SEA,NA,NA,NA,NA,1.79,14.17,#15,9,7.99,4200,1.9,7.99,2900,2.76,7.99,16,0.5,NA,NA,NA,NA
DET,0.83,NA,2.91,NA,0.5,NA,0.17,21,NA,NA,NA,312.71,NA,7.7,NA,NumberFire,0522,detroit-dst,Detroit D/ST,D,CAR,NA,NA,NA,NA,1.57,13.83,#28,10,7.67,3900,1.97,7.67,3500,2.19,7.67,12,0.64,NA,NA,NA,NA
PIT,0.58,NA,2.48,NA,0.53,NA,0.2,18.25,NA,NA,NA,342.89,NA,7.68,NA,NumberFire,0510,pittsburgh-dst,Pittsburgh D/ST,D,LV,NA,NA,NA,NA,1.55,13.81,#10,11,7.65,4300,1.78,7.65,2800,2.73,7.65,12,0.64,NA,NA,NA,NA
NO,0.59,NA,2.22,NA,0.43,NA,0.2,17,NA,NA,NA,365.02,NA,7.62,NA,NumberFire,0529,new-orleans-dst,New Orleans D/ST,D,CLE,NA,NA,NA,NA,1.51,13.73,#14,12,7.57,3800,1.99,7.57,2800,2.7,7.57,11,0.69,NA,NA,NA,NA
LAC,0.71,NA,2.75,NA,0.71,NA,0.17,21.5,NA,NA,NA,329,NA,7.57,NA,NumberFire,0514,los-angeles-chargers-d-st,Los Angeles Chargers D/ST,D,IND,NA,NA,NA,NA,1.47,13.67,#31,13,7.53,3400,2.21,7.53,2900,2.6,7.53,13,0.58,NA,NA,NA,NA
MIN,0.59,NA,3.17,NA,0.54,NA,0.18,22,NA,NA,NA,326.85,NA,7.27,NA,NumberFire,0524,minnesota-dst,Minnesota D/ST,D,NYG,NA,NA,NA,NA,1.23,13.31,#16,14,7.24,3600,2.01,7.24,3700,1.96,7.24,15,0.48,NA,NA,NA,NA
LA,0.51,NA,3,NA,0.33,NA,0.18,19.5,NA,NA,NA,333.14,NA,7.25,NA,NumberFire,0528,los-angeles-rams-d-st,Los Angeles Rams D/ST,D,DEN,NA,NA,NA,NA,1.21,13.29,#30,15,7.17,4000,1.79,7.17,3300,2.17,7.17,11,0.65,NA,NA,NA,NA
JAC,0.7,NA,1.81,NA,0.47,NA,0.21,18,NA,NA,NA,319.34,NA,7.19,NA,NumberFire,0509,jacksonville-dst,Jacksonville D/ST,D,NYJ,NA,NA,NA,NA,1.16,13.22,#24,16,7.17,NA,NA,7.17,2700,2.66,7.17,14,0.51,NA,NA,NA,NA
CIN,0.69,NA,2.17,NA,0.4,NA,0.2,19,NA,NA,NA,328.15,NA,7.1,NA,NumberFire,0506,cincinnati-dst,Cincinnati D/ST,D,NE,NA,NA,NA,NA,1.09,13.11,#29,17,7.04,4000,1.76,7.04,3400,2.07,7.04,10,0.7,NA,NA,NA,NA
LV,0.67,NA,2.48,NA,0.52,NA,0.17,20.75,NA,NA,NA,324.88,NA,7.03,NA,NumberFire,0513,las-vegas-d-st,Las Vegas D/ST,D,PIT,NA,NA,NA,NA,1.04,13.02,#19,18,6.97,3900,1.79,6.97,3100,2.25,6.97,11,0.63,NA,NA,NA,NA
NYJ,0.55,NA,1.62,NA,0.77,NA,0.18,19.5,NA,NA,NA,327.2,NA,6.81,NA,NumberFire,0505,new-york-jets-dst,New York Jets D/ST,D,JAC,NA,NA,NA,NA,0.86,12.76,#7,19,6.75,NA,NA,6.75,3000,2.25,6.75,15,0.45,NA,NA,NA,NA
HOU,0.62,NA,2.34,NA,0.57,NA,0.17,21.5,NA,NA,NA,352.1,NA,6.64,NA,NumberFire,0532,houston-dst,Houston D/ST,D,TEN,NA,NA,NA,NA,0.72,12.56,#22,20,6.58,3600,1.83,6.58,2500,2.63,6.58,13,0.51,NA,NA,NA,NA
CHI,0.81,NA,2.37,NA,0.67,NA,0.15,24,NA,NA,NA,389.17,NA,6.54,NA,NumberFire,0521,chicago-dst,Chicago D/ST,D,BUF,NA,NA,NA,NA,0.64,12.44,#4,21,6.52,3100,2.1,6.52,2000,3.26,6.52,10,0.65,NA,NA,NA,NA
NE,0.72,NA,2.73,NA,0.3,NA,0.16,22.5,NA,NA,NA,349.45,NA,6.42,NA,NumberFire,0504,new-england-dst,New England D/ST,D,CIN,NA,NA,NA,NA,0.55,12.29,#3,22,6.38,4300,1.48,6.38,2700,2.36,6.38,19,0.34,NA,NA,NA,NA
NYG,0.66,NA,3.07,NA,0.51,NA,0.14,25.5,NA,NA,NA,357.19,NA,6.24,NA,NumberFire,0517,new-york-giants-dst,New York Giants D/ST,D,MIN,NA,NA,NA,NA,0.4,12.08,#11,23,6.25,3300,1.89,6.25,3100,2.02,6.25,11,0.57,NA,NA,NA,NA
ATL,0.77,NA,2.05,NA,0.51,NA,0.15,22.5,NA,NA,NA,350.2,NA,6.23,NA,NumberFire,0526,atlanta-dst,Atlanta D/ST,D,BAL,NA,NA,NA,NA,0.4,12.06,#12,24,6.22,3400,1.83,6.22,3000,2.07,6.22,10,0.62,NA,NA,NA,NA
WSH,0.64,NA,2.36,NA,0.5,NA,0.15,23.25,NA,NA,NA,345.88,NA,6.08,NA,NumberFire,0520,washington-dst,Washington D/ST,D,SF,NA,NA,NA,NA,0.28,11.88,#9,25,6.01,3700,1.62,6.01,2400,2.5,6.01,NA,NA,NA,NA,NA,NA
MIA,0.32,NA,2.39,NA,0.47,NA,0.18,22,NA,NA,NA,336.85,NA,5.81,NA,NumberFire,0503,miami-dst,Miami D/ST,D,GB,NA,NA,NA,NA,0.06,11.56,#13,26,5.84,4200,1.39,5.84,2600,2.25,5.84,14,0.42,NA,NA,NA,NA
CAR,0.69,NA,1.95,NA,0.54,NA,0.16,23.5,NA,NA,NA,349.54,NA,5.79,NA,NumberFire,0527,carolina-dst,Carolina D/ST,D,DET,NA,NA,NA,NA,0.04,11.54,#5,27,5.78,3500,1.65,5.78,2300,2.51,5.78,15,0.39,NA,NA,NA,NA
IND,0.69,NA,2.36,NA,0.53,NA,0.15,25,NA,NA,NA,351.65,NA,5.78,NA,NumberFire,0502,indianapolis-dst,Indianapolis D/ST,D,LAC,NA,NA,NA,NA,0.04,11.52,#20,28,5.75,3400,1.69,5.75,2400,2.4,5.75,11,0.52,NA,NA,NA,NA
PHI,0.68,NA,2.17,NA,0.41,NA,0.14,25.25,NA,NA,NA,346.92,NA,5.24,NA,NumberFire,0518,philadelphia-dst,Philadelphia D/ST,D,DAL,NA,NA,NA,NA,-0.4,10.88,#8,29,5.26,4400,1.2,5.26,2200,2.39,5.26,16,0.33,NA,NA,NA,NA
ARI,0.57,NA,1.99,NA,0.39,NA,0.15,24,NA,NA,NA,344.42,NA,5.14,NA,NumberFire,0519,arizona-dst,Arizona D/ST,D,TB,NA,NA,NA,NA,-0.48,10.76,#23,30,5.12,3800,1.35,5.12,2900,1.77,5.12,14,0.37,NA,NA,NA,NA
GB,0.7,NA,2.15,NA,0.35,NA,0.14,26.5,NA,NA,NA,383.56,NA,4.82,NA,NumberFire,0523,green-bay-dst,Green Bay D/ST,D,MIA,NA,NA,NA,NA,-0.73,10.37,#6,31,4.79,3500,1.37,4.79,2900,1.65,4.79,10,0.48,NA,NA,NA,NA
SEA,0.59,NA,2.34,NA,0.66,NA,0.11,29,NA,NA,NA,392.95,NA,4.72,NA,NumberFire,0515,seattle-dst,Seattle D/ST,D,KC,NA,NA,NA,NA,-0.81,10.25,#1,32,4.7,3000,1.57,4.7,2100,2.24,4.7,13,0.36,NA,NA,NA,NA
Buffalo Bills,1.04,0.04,3.45,NA,0.66,NA,0.16,19.06,NA,NA,NA,NA,NA,8.13,NA,NFL,0501,100003,NA,NA,NA,NA,NA,NA,NA,NA,NA,NA,NA,NA,NA,NA,NA,NA,NA,NA,NA,NA,0.04,NA,NA,NA
Kansas City Chiefs DEF  View News,0.95,0.05,2.92,NA,0.61,NA,0.15,19.38,NA,NA,NA,NA,NA,7.28,NA,NFL,0512,100016,NA,NA,NA,NA,NA,NA,NA,NA,NA,NA,NA,NA,NA,NA,NA,NA,NA,NA,NA,NA,0.04,NA,NA,NA
Tampa Bay Buccaneers,0.84,0.03,2.74,NA,0.74,NA,0.17,23.23,NA,NA,NA,NA,NA,7.16,NA,NFL,0525,100031,NA,NA,NA,NA,NA,NA,NA,NA,NA,NA,NA,NA,NA,NA,NA,NA,NA,NA,NA,NA,0.03,NA,NA,NA
Baltimore Ravens,0.93,0.05,2.84,NA,0.64,NA,0.14,16.75,NA,NA,NA,NA,NA,7.16,NA,NFL,0531,100002,NA,NA,NA,NA,NA,NA,NA,NA,NA,NA,NA,NA,NA,NA,NA,NA,NA,NA,NA,NA,0.04,NA,NA,NA
San Francisco 49ers,1.05,0.05,2.62,NA,0.56,NA,0.16,17.07,NA,NA,NA,NA,NA,7.14,NA,NFL,0530,100029,NA,NA,NA,NA,NA,NA,NA,NA,NA,NA,NA,NA,NA,NA,NA,NA,NA,NA,NA,NA,0.04,NA,NA,NA
Denver Broncos DEF  View News,0.98,0.03,2.81,NA,0.61,NA,0.16,22.53,NA,NA,NA,NA,NA,7.13,NA,NFL,0511,100009,NA,NA,NA,NA,NA,NA,NA,NA,NA,NA,NA,NA,NA,NA,NA,NA,NA,NA,NA,NA,0.02,NA,NA,NA
Los Angeles Chargers,0.88,0.05,2.67,NA,0.59,NA,0.17,23.92,NA,NA,NA,NA,NA,7.03,NA,NFL,0514,100028,NA,NA,NA,NA,NA,NA,NA,NA,NA,NA,NA,NA,NA,NA,NA,NA,NA,NA,NA,NA,0.05,NA,NA,NA
Dallas Cowboys,1.02,0.03,2.55,NA,0.63,NA,0.15,19.17,NA,NA,NA,NA,NA,6.99,NA,NFL,0516,100008,NA,NA,NA,NA,NA,NA,NA,NA,NA,NA,NA,NA,NA,NA,NA,NA,NA,NA,NA,NA,0.03,NA,NA,NA
Minnesota Vikings,0.86,0.05,2.83,NA,0.55,NA,0.16,20.25,NA,NA,NA,NA,NA,6.89,NA,NFL,0524,100020,NA,NA,NA,NA,NA,NA,NA,NA,NA,NA,NA,NA,NA,NA,NA,NA,NA,NA,NA,NA,0.03,NA,NA,NA
Los Angeles Rams,0.77,0.05,2.96,NA,0.61,NA,0.14,20.47,NA,NA,NA,NA,NA,6.84,NA,NFL,0528,100017,NA,NA,NA,NA,NA,NA,NA,NA,NA,NA,NA,NA,NA,NA,NA,NA,NA,NA,NA,NA,0.03,NA,NA,NA
Tennessee Titans,0.91,0.05,2.53,NA,0.65,NA,0.15,15.74,NA,NA,NA,NA,NA,6.83,NA,NFL,0508,100012,NA,NA,NA,NA,NA,NA,NA,NA,NA,NA,NA,NA,NA,NA,NA,NA,NA,NA,NA,NA,0.03,NA,NA,NA
Houston Texans DEF  View News,0.82,0.04,2.71,NA,0.64,NA,0.15,23.82,NA,NA,NA,NA,NA,6.79,NA,NFL,0532,100013,NA,NA,NA,NA,NA,NA,NA,NA,NA,NA,NA,NA,NA,NA,NA,NA,NA,NA,NA,NA,0.03,NA,NA,NA
Philadelphia Eagles,1.08,0.03,2.32,NA,0.58,NA,0.16,23.56,NA,NA,NA,NA,NA,6.78,NA,NFL,0518,100025,NA,NA,NA,NA,NA,NA,NA,NA,NA,NA,NA,NA,NA,NA,NA,NA,NA,NA,NA,NA,0.02,NA,NA,NA
Jacksonville Jaguars,0.75,0.04,2.83,NA,0.64,NA,0.15,23.88,NA,NA,NA,NA,NA,6.77,NA,NFL,0509,100015,NA,NA,NA,NA,NA,NA,NA,NA,NA,NA,NA,NA,NA,NA,NA,NA,NA,NA,NA,NA,0.03,NA,NA,NA
Green Bay Packers,1.07,0.03,2.43,NA,0.57,NA,0.15,22.58,NA,NA,NA,NA,NA,6.73,NA,NFL,0523,100011,NA,NA,NA,NA,NA,NA,NA,NA,NA,NA,NA,NA,NA,NA,NA,NA,NA,NA,NA,NA,0.01,NA,NA,NA
Pittsburgh Steelers DEF  View News,0.98,0.03,2.38,NA,0.58,NA,0.15,20.8,NA,NA,NA,NA,NA,6.7,NA,NFL,0510,100027,NA,NA,NA,NA,NA,NA,NA,NA,NA,NA,NA,NA,NA,NA,NA,NA,NA,NA,NA,NA,0.04,NA,NA,NA
Detroit Lions,0.83,0.04,2.65,NA,0.62,NA,0.16,21.44,NA,NA,NA,NA,NA,6.65,NA,NFL,0522,100010,NA,NA,NA,NA,NA,NA,NA,NA,NA,NA,NA,NA,NA,NA,NA,NA,NA,NA,NA,NA,0.01,NA,NA,NA
Las Vegas Raiders,0.87,0.03,2.56,NA,0.61,NA,0.14,23.87,NA,NA,NA,NA,NA,6.54,NA,NFL,0513,100018,NA,NA,NA,NA,NA,NA,NA,NA,NA,NA,NA,NA,NA,NA,NA,NA,NA,NA,NA,NA,0.02,NA,NA,NA
New Orleans Saints,0.91,0.03,2.39,NA,0.59,NA,0.15,21.79,NA,NA,NA,NA,NA,6.53,NA,NFL,0529,100022,NA,NA,NA,NA,NA,NA,NA,NA,NA,NA,NA,NA,NA,NA,NA,NA,NA,NA,NA,NA,0.03,NA,NA,NA
Cincinnati Bengals,0.8,0.03,2.45,NA,0.62,NA,0.16,21.26,NA,NA,NA,NA,NA,6.49,NA,NFL,0506,100006,NA,NA,NA,NA,NA,NA,NA,NA,NA,NA,NA,NA,NA,NA,NA,NA,NA,NA,NA,NA,0.03,NA,NA,NA
Cleveland Browns,0.94,0.05,2.45,NA,0.55,NA,0.13,20.5,NA,NA,NA,NA,NA,6.49,NA,NFL,0507,100007,NA,NA,NA,NA,NA,NA,NA,NA,NA,NA,NA,NA,NA,NA,NA,NA,NA,NA,NA,NA,0.03,NA,NA,NA
Washington Commanders,0.77,0.03,2.57,NA,0.65,NA,0.15,25.87,NA,NA,NA,NA,NA,6.49,NA,NFL,0520,100032,NA,NA,NA,NA,NA,NA,NA,NA,NA,NA,NA,NA,NA,NA,NA,NA,NA,NA,NA,NA,0.02,NA,NA,NA
Chicago Bears,0.81,0.03,2.02,NA,0.72,NA,0.15,24.5,NA,NA,NA,NA,NA,6.46,NA,NFL,0521,100005,NA,NA,NA,NA,NA,NA,NA,NA,NA,NA,NA,NA,NA,NA,NA,NA,NA,NA,NA,NA,0.07,NA,NA,NA
New England Patriots,0.82,0.05,2.6,NA,0.59,NA,0.13,20.21,NA,NA,NA,NA,NA,6.42,NA,NFL,0504,100021,NA,NA,NA,NA,NA,NA,NA,NA,NA,NA,NA,NA,NA,NA,NA,NA,NA,NA,NA,NA,0.02,NA,NA,NA
Atlanta Falcons,0.87,0.04,2.42,NA,0.54,NA,0.14,26.04,NA,NA,NA,NA,NA,6.34,NA,NFL,0526,100001,NA,NA,NA,NA,NA,NA,NA,NA,NA,NA,NA,NA,NA,NA,NA,NA,NA,NA,NA,NA,0.03,NA,NA,NA
New York Jets,0.84,0.03,2.32,NA,0.63,NA,0.15,19.1,NA,NA,NA,NA,NA,6.34,NA,NFL,0505,100024,NA,NA,NA,NA,NA,NA,NA,NA,NA,NA,NA,NA,NA,NA,NA,NA,NA,NA,NA,NA,0.02,NA,NA,NA
Indianapolis Colts,0.79,0.03,2.04,NA,0.61,NA,0.16,22.29,NA,NA,NA,NA,NA,6.28,NA,NFL,0502,100014,NA,NA,NA,NA,NA,NA,NA,NA,NA,NA,NA,NA,NA,NA,NA,NA,NA,NA,NA,NA,0.07,NA,NA,NA
New York Giants,0.85,0.03,2.19,NA,0.62,NA,0.14,26.85,NA,NA,NA,NA,NA,6.21,NA,NFL,0517,100023,NA,NA,NA,NA,NA,NA,NA,NA,NA,NA,NA,NA,NA,NA,NA,NA,NA,NA,NA,NA,0.03,NA,NA,NA
Miami Dolphins DEF  View News,0.81,0.03,2.27,NA,0.51,NA,0.15,19.08,NA,NA,NA,NA,NA,6.05,NA,NFL,0503,100019,NA,NA,NA,NA,NA,NA,NA,NA,NA,NA,NA,NA,NA,NA,NA,NA,NA,NA,NA,NA,0.03,NA,NA,NA
Carolina Panthers,0.75,0.03,2.07,NA,0.65,NA,0.14,22.49,NA,NA,NA,NA,NA,5.95,NA,NFL,0527,100004,NA,NA,NA,NA,NA,NA,NA,NA,NA,NA,NA,NA,NA,NA,NA,NA,NA,NA,NA,NA,0.03,NA,NA,NA
Seattle Seahawks,0.7,0.02,1.99,NA,0.68,NA,0.15,25.08,NA,NA,NA,NA,NA,5.81,NA,NFL,0515,100030,NA,NA,NA,NA,NA,NA,NA,NA,NA,NA,NA,NA,NA,NA,NA,NA,NA,NA,NA,NA,0.02,NA,NA,NA
Arizona Cardinals,0.79,0.03,1.57,NA,0.61,NA,0.17,24.67,NA,NA,NA,NA,NA,5.63,NA,NFL,0519,100026,NA,NA,NA,NA,NA,NA,NA,NA,NA,NA,NA,NA,NA,NA,NA,NA,NA,NA,NA,NA,0.03,NA,NA,NA
NA,0.789989119,NA,2.543152361,NA,0.44706454,0.687791601,NA,NA,NA,NA,NA,NA,NA,NA,NA,ESPN,0501,60002,Bills D/ST,DST,NA,NA,NA,NA,NA,NA,NA,NA,NA,NA,NA,NA,NA,NA,NA,NA,NA,NA,NA,0.076701087,0.033408888,61.99178612
NA,1.074461151,NA,2.963666209,NA,0.401526298,0.617732766,NA,NA,NA,NA,NA,NA,NA,NA,NA,ESPN,0523,60009,Packers D/ST,DST,NA,NA,NA,NA,NA,NA,NA,NA,NA,NA,NA,NA,NA,NA,NA,NA,NA,NA,NA,0.072425476,0.032156672,56.4155165
NA,0.810060052,NA,1.873393876,NA,0.527818011,0.812027709,NA,NA,NA,NA,NA,NA,NA,NA,NA,ESPN,0529,60018,Saints D/ST,DST,NA,NA,NA,NA,NA,NA,NA,NA,NA,NA,NA,NA,NA,NA,NA,NA,NA,NA,NA,0.080827134,0.034377549,62.5710915
NA,1.153041606,NA,2.723243129,NA,0.513078892,0.789352141,NA,NA,NA,NA,NA,NA,NA,NA,NA,ESPN,0525,60027,Buccaneers D/ST,DST,NA,NA,NA,NA,NA,NA,NA,NA,NA,NA,NA,NA,NA,NA,NA,NA,NA,NA,NA,0.074415622,0.031528556,58.66353079
NA,0.78375297,NA,2.422976441,NA,0.609419499,0.93756846,NA,NA,NA,NA,NA,NA,NA,NA,NA,ESPN,0531,60033,Ravens D/ST,DST,NA,NA,NA,NA,NA,NA,NA,NA,NA,NA,NA,NA,NA,NA,NA,NA,NA,NA,NA,0.077013581,0.031322943,58.26992977
NA,0.554049076,NA,2.977183657,NA,0.482253952,0.741929156,NA,NA,NA,NA,NA,NA,NA,NA,NA,ESPN,0530,60025,49ers D/ST,DST,NA,NA,NA,NA,NA,NA,NA,NA,NA,NA,NA,NA,NA,NA,NA,NA,NA,NA,NA,0.0736645,0.031939011,59.60904919
NA,0.943221785,NA,2.90958786,NA,0.566373525,0.871343884,NA,NA,NA,NA,NA,NA,NA,NA,NA,ESPN,0516,60006,Cowboys D/ST,DST,NA,NA,NA,NA,NA,NA,NA,NA,NA,NA,NA,NA,NA,NA,NA,NA,NA,NA,NA,0.078327121,0.031630579,60.77179724
NA,0.924408959,NA,2.047981323,NA,0.51037397,0.785190724,NA,NA,NA,NA,NA,NA,NA,NA,NA,ESPN,0502,60011,Colts D/ST,DST,NA,NA,NA,NA,NA,NA,NA,NA,NA,NA,NA,NA,NA,NA,NA,NA,NA,NA,NA,0.07564499,0.031738901,58.49171729
NA,0.917146299,NA,2.132264196,NA,0.488252062,0.751157018,NA,NA,NA,NA,NA,NA,NA,NA,NA,ESPN,0510,60023,Steelers D/ST,DST,NA,NA,NA,NA,NA,NA,NA,NA,NA,NA,NA,NA,NA,NA,NA,NA,NA,NA,NA,0.074260272,0.031562633,57.77971371
NA,0.830745103,NA,2.30856297,NA,0.62706553,0.9647162,NA,NA,NA,NA,NA,NA,NA,NA,NA,ESPN,0503,60015,Dolphins D/ST,DST,NA,NA,NA,NA,NA,NA,NA,NA,NA,NA,NA,NA,NA,NA,NA,NA,NA,NA,NA,0.076487171,0.032648037,65.47921805
NA,0.679963265,NA,2.007366644,NA,0.7020939,1.080144462,NA,NA,NA,NA,NA,NA,NA,NA,NA,ESPN,0514,60024,Chargers D/ST,DST,NA,NA,NA,NA,NA,NA,NA,NA,NA,NA,NA,NA,NA,NA,NA,NA,NA,NA,NA,0.077654171,0.031398586,60.24819025
NA,0.751854082,NA,2.025953579,NA,0.446966318,0.687640489,NA,NA,NA,NA,NA,NA,NA,NA,NA,ESPN,0520,60028,Commanders D/ST,DST,NA,NA,NA,NA,NA,NA,NA,NA,NA,NA,NA,NA,NA,NA,NA,NA,NA,NA,NA,0.074307533,0.03071493,57.77743356
NA,0.750347954,NA,2.674989414,NA,0.51362336,0.790189784,NA,NA,NA,NA,NA,NA,NA,NA,NA,ESPN,0507,60005,Browns D/ST,DST,NA,NA,NA,NA,NA,NA,NA,NA,NA,NA,NA,NA,NA,NA,NA,NA,NA,NA,NA,0.075682415,0.032201086,58.78726356
NA,0.690071491,NA,2.371940443,NA,0.56414859,0.867920907,NA,NA,NA,NA,NA,NA,NA,NA,NA,ESPN,0518,60021,Eagles D/ST,DST,NA,NA,NA,NA,NA,NA,NA,NA,NA,NA,NA,NA,NA,NA,NA,NA,NA,NA,NA,0.073653012,0.032406561,61.39091474
NA,0.99855888,NA,2.886155575,NA,0.53740488,0.826776738,NA,NA,NA,NA,NA,NA,NA,NA,NA,ESPN,0506,60004,Bengals D/ST,DST,NA,NA,NA,NA,NA,NA,NA,NA,NA,NA,NA,NA,NA,NA,NA,NA,NA,NA,NA,0.078204144,0.032296622,63.38840761
NA,0.707267666,NA,2.179021201,NA,0.480333327,0.73897435,NA,NA,NA,NA,NA,NA,NA,NA,NA,ESPN,0504,60017,Patriots D/ST,DST,NA,NA,NA,NA,NA,NA,NA,NA,NA,NA,NA,NA,NA,NA,NA,NA,NA,NA,NA,0.07704926,0.03079888,65.63983487
NA,0.576775909,NA,3.129903778,NA,0.503797445,0.775072993,NA,NA,NA,NA,NA,NA,NA,NA,NA,ESPN,0528,60014,Rams D/ST,DST,NA,NA,NA,NA,NA,NA,NA,NA,NA,NA,NA,NA,NA,NA,NA,NA,NA,NA,NA,0.070210117,0.02960365,59.39413244
NA,0.845669109,NA,2.156087629,NA,0.508128076,0.781735501,NA,NA,NA,NA,NA,NA,NA,NA,NA,ESPN,0508,60010,Titans D/ST,DST,NA,NA,NA,NA,NA,NA,NA,NA,NA,NA,NA,NA,NA,NA,NA,NA,NA,NA,NA,0.076781009,0.033041286,61.69236543
NA,0.830897013,NA,2.695229568,NA,0.550409916,0.846784486,NA,NA,NA,NA,NA,NA,NA,NA,NA,ESPN,0511,60007,Broncos D/ST,DST,NA,NA,NA,NA,NA,NA,NA,NA,NA,NA,NA,NA,NA,NA,NA,NA,NA,NA,NA,0.070782515,0.030160933,59.17249007
NA,0.710184054,NA,1.95084008,NA,0.450043401,0.692374463,NA,NA,NA,NA,NA,NA,NA,NA,NA,ESPN,0524,60016,Vikings D/ST,DST,NA,NA,NA,NA,NA,NA,NA,NA,NA,NA,NA,NA,NA,NA,NA,NA,NA,NA,NA,0.074722109,0.031892872,60.49238086
NA,0.789341327,NA,2.655724106,NA,0.495439782,0.76221505,NA,NA,NA,NA,NA,NA,NA,NA,NA,ESPN,0527,60029,Panthers D/ST,DST,NA,NA,NA,NA,NA,NA,NA,NA,NA,NA,NA,NA,NA,NA,NA,NA,NA,NA,NA,0.076419776,0.03065794,61.90737744
NA,0.896345852,NA,2.417108615,NA,0.366096339,0.563225138,NA,NA,NA,NA,NA,NA,NA,NA,NA,ESPN,0517,60019,Giants D/ST,DST,NA,NA,NA,NA,NA,NA,NA,NA,NA,NA,NA,NA,NA,NA,NA,NA,NA,NA,NA,0.073284871,0.033165704,59.86535276
NA,0.707090941,NA,2.274699917,NA,0.563455119,0.866854029,NA,NA,NA,NA,NA,NA,NA,NA,NA,ESPN,0513,60013,Raiders D/ST,DST,NA,NA,NA,NA,NA,NA,NA,NA,NA,NA,NA,NA,NA,NA,NA,NA,NA,NA,NA,0.077313114,0.032846534,62.03049236
NA,0.912644131,NA,2.622845103,NA,0.594271686,0.914264132,NA,NA,NA,NA,NA,NA,NA,NA,NA,ESPN,0519,60022,Cardinals D/ST,DST,NA,NA,NA,NA,NA,NA,NA,NA,NA,NA,NA,NA,NA,NA,NA,NA,NA,NA,NA,0.072425979,0.032503004,61.11935588
NA,0.526012372,NA,2.06842508,NA,0.597014282,0.918483511,NA,NA,NA,NA,NA,NA,NA,NA,NA,ESPN,0505,60020,Jets D/ST,DST,NA,NA,NA,NA,NA,NA,NA,NA,NA,NA,NA,NA,NA,NA,NA,NA,NA,NA,NA,0.073954075,0.031701244,59.92823673
NA,0.729238201,NA,1.912683886,NA,0.496261111,0.763478632,NA,NA,NA,NA,NA,NA,NA,NA,NA,ESPN,0515,60026,Seahawks D/ST,DST,NA,NA,NA,NA,NA,NA,NA,NA,NA,NA,NA,NA,NA,NA,NA,NA,NA,NA,NA,0.073073202,0.029853908,61.54456292
NA,0.521359714,NA,2.080954743,NA,0.60309804,0.927843138,NA,NA,NA,NA,NA,NA,NA,NA,NA,ESPN,0521,60003,Bears D/ST,DST,NA,NA,NA,NA,NA,NA,NA,NA,NA,NA,NA,NA,NA,NA,NA,NA,NA,NA,NA,0.074638189,0.032412887,57.601915
NA,0.796843812,NA,2.112210822,NA,0.530910916,0.816786025,NA,NA,NA,NA,NA,NA,NA,NA,NA,ESPN,0512,60012,Chiefs D/ST,DST,NA,NA,NA,NA,NA,NA,NA,NA,NA,NA,NA,NA,NA,NA,NA,NA,NA,NA,NA,0.080189548,0.033477529,62.34316239
NA,0.706424019,NA,2.143001629,NA,0.479040932,0.736986049,NA,NA,NA,NA,NA,NA,NA,NA,NA,ESPN,0509,60030,Jaguars D/ST,DST,NA,NA,NA,NA,NA,NA,NA,NA,NA,NA,NA,NA,NA,NA,NA,NA,NA,NA,NA,0.073588173,0.030319659,60.55803064
NA,0.953151604,NA,2.399842708,NA,0.524361122,0.806709419,NA,NA,NA,NA,NA,NA,NA,NA,NA,ESPN,0526,60001,Falcons D/ST,DST,NA,NA,NA,NA,NA,NA,NA,NA,NA,NA,NA,NA,NA,NA,NA,NA,NA,NA,NA,0.074592196,0.032538111,58.96961063
NA,0.567093273,NA,2.327923874,NA,0.466517814,0.717719714,NA,NA,NA,NA,NA,NA,NA,NA,NA,ESPN,0532,60034,Texans D/ST,DST,NA,NA,NA,NA,NA,NA,NA,NA,NA,NA,NA,NA,NA,NA,NA,NA,NA,NA,NA,0.075818121,0.032846353,59.22610133
NA,0.749291033,NA,2.201703646,NA,0.42873476,0.659591939,NA,NA,NA,NA,NA,NA,NA,NA,NA,ESPN,0522,60008,Lions D/ST,DST,NA,NA,NA,NA,NA,NA,NA,NA,NA,NA,NA,NA,NA,NA,NA,NA,NA,NA,NA,0.07519794,0.032196565,60.29245211
