player,pos,team,games,rec_tgt,rec,rec_yds,rec_yds_g,rec_avg,rec_tds,fumbles_lost,site_pts,site_fppg,src_id,data_src,id,rush_att,rush_yds,rush_tds,pass_att,pass_comp,pass_yds,pass_tds,pass_int,opp,rec_rz_tgt,rec_09_tds,rec_1019_tds,rec_2029_tds,rec_3039_tds,rec_4049_tds,rec_50_tds,return_yds,scoring_opp,bye,draft_rank,misc_tds,misc_yds,pct_owned,site_ci_low,site_ci_high,opp_rank,ranks_ovr,ranks_pos,FanDuel FP,fanduel_salary,fanduel_value,draftkings_site_points,draftkings_salary,draftkings_value,yahoo_site_points,yahoo_salary,yahoo_value
George Kittle,TE,SF,1,5.8,4.4,52.4,52.4,11.9,0.7,0,9.2,9.2,2818265,CBS,13299,NA,NA,NA,NA,NA,NA,NA,NA,NA,NA,NA,NA,NA,NA,NA,NA,NA,NA,NA,NA,NA,NA,NA,NA,NA,NA,NA,NA,NA,NA,NA,NA,NA,NA,NA,NA,NA
Travis Kelce,TE,KC,1,7.7,5.9,63.1,63.1,10.7,0.4,0,8.4,8.4,1725130,CBS,11244,NA,NA,NA,NA,NA,NA,NA,NA,NA,NA,NA,NA,NA,NA,NA,NA,NA,NA,NA,NA,NA,NA,NA,NA,NA,NA,NA,NA,NA,NA,NA,NA,NA,NA,NA,NA,NA
Trey McBride,TE,ARI,1,7,5.2,53.9,53.9,10.4,0.3,0,6.8,6.8,2963385,CBS,15794,NA,NA,NA,NA,NA,NA,NA,NA,NA,NA,NA,NA,NA,NA,NA,NA,NA,NA,NA,NA,NA,NA,NA,NA,NA,NA,NA,NA,NA,NA,NA,NA,NA,NA,NA,NA,NA
Brock Bowers,TE,LV,1,6.2,4.6,55.9,55.9,12.2,0.2,0.1,6,6,26693971,CBS,16641,NA,NA,NA,NA,NA,NA,NA,NA,NA,NA,NA,NA,NA,NA,NA,NA,NA,NA,NA,NA,NA,NA,NA,NA,NA,NA,NA,NA,NA,NA,NA,NA,NA,NA,NA,NA,NA
Dalton Kincaid,TE,BUF,1,6,4.3,42.3,42.3,9.8,0.3,0,5.8,5.8,2982991,CBS,16213,NA,NA,NA,NA,NA,NA,NA,NA,NA,NA,NA,NA,NA,NA,NA,NA,NA,NA,NA,NA,NA,NA,NA,NA,NA,NA,NA,NA,NA,NA,NA,NA,NA,NA,NA,NA,NA
Kyle Pitts,TE,ATL,1,5.8,3.4,49.5,49.5,14.6,0.3,0,5.8,5.8,2964514,CBS,15329,NA,NA,NA,NA,NA,NA,NA,NA,NA,NA,NA,NA,NA,NA,NA,NA,NA,NA,NA,NA,NA,NA,NA,NA,NA,NA,NA,NA,NA,NA,NA,NA,NA,NA,NA,NA,NA
Zach Ertz,TE,WAS,1,6.1,4.2,43,43,10.2,0.3,0,5.8,5.8,1685963,CBS,11247,NA,NA,NA,NA,NA,NA,NA,NA,NA,NA,NA,NA,NA,NA,NA,NA,NA,NA,NA,NA,NA,NA,NA,NA,NA,NA,NA,NA,NA,NA,NA,NA,NA,NA,NA,NA,NA
Sam LaPorta,TE,DET,1,4.9,3.8,42.6,42.6,11.2,0.3,0,5.8,5.8,3124197,CBS,16214,NA,NA,NA,NA,NA,NA,NA,NA,NA,NA,NA,NA,NA,NA,NA,NA,NA,NA,NA,NA,NA,NA,NA,NA,NA,NA,NA,NA,NA,NA,NA,NA,NA,NA,NA,NA,NA
Evan Engram,TE,JAC,1,7,5.4,48.2,48.2,8.9,0.3,0.1,5.6,5.6,2079887,CBS,13189,NA,NA,NA,NA,NA,NA,NA,NA,NA,NA,NA,NA,NA,NA,NA,NA,NA,NA,NA,NA,NA,NA,NA,NA,NA,NA,NA,NA,NA,NA,NA,NA,NA,NA,NA,NA,NA
David Njoku,TE,CLE,1,6.3,4.3,47.3,47.3,11,0.3,0.1,5.6,5.6,2136474,CBS,13192,NA,NA,NA,NA,NA,NA,NA,NA,NA,NA,NA,NA,NA,NA,NA,NA,NA,NA,NA,NA,NA,NA,NA,NA,NA,NA,NA,NA,NA,NA,NA,NA,NA,NA,NA,NA,NA
Isaiah Likely,TE,BAL,1,4,2.8,32.2,32.2,11.5,0.4,0,5.4,5.4,2961906,CBS,15798,NA,NA,NA,NA,NA,NA,NA,NA,NA,NA,NA,NA,NA,NA,NA,NA,NA,NA,NA,NA,NA,NA,NA,NA,NA,NA,NA,NA,NA,NA,NA,NA,NA,NA,NA,NA,NA
Pat Freiermuth,TE,PIT,1,4.5,3.3,30.7,30.7,9.3,0.4,0.1,5.2,5.2,2961270,CBS,15331,NA,NA,NA,NA,NA,NA,NA,NA,NA,NA,NA,NA,NA,NA,NA,NA,NA,NA,NA,NA,NA,NA,NA,NA,NA,NA,NA,NA,NA,NA,NA,NA,NA,NA,NA,NA,NA
Tucker Kraft,TE,GB,1,4.3,3,35.7,35.7,11.9,0.4,0.1,5.2,5.2,3133332,CBS,16222,NA,NA,NA,NA,NA,NA,NA,NA,NA,NA,NA,NA,NA,NA,NA,NA,NA,NA,NA,NA,NA,NA,NA,NA,NA,NA,NA,NA,NA,NA,NA,NA,NA,NA,NA,NA,NA
Hunter Henry,TE,NE,1,5,3.3,37.9,37.9,11.5,0.3,0,4.8,4.8,2079848,CBS,12676,NA,NA,NA,NA,NA,NA,NA,NA,NA,NA,NA,NA,NA,NA,NA,NA,NA,NA,NA,NA,NA,NA,NA,NA,NA,NA,NA,NA,NA,NA,NA,NA,NA,NA,NA,NA,NA
Mark Andrews,TE,BAL,1,4.2,2.9,36.3,36.3,12.5,0.3,0,4.8,4.8,2131121,CBS,13671,NA,NA,NA,NA,NA,NA,NA,NA,NA,NA,NA,NA,NA,NA,NA,NA,NA,NA,NA,NA,NA,NA,NA,NA,NA,NA,NA,NA,NA,NA,NA,NA,NA,NA,NA,NA,NA
Colby Parkinson,TE,LAR,1,5.8,3.7,36.1,36.1,9.8,0.2,0,4.2,4.2,2867522,CBS,14871,NA,NA,NA,NA,NA,NA,NA,NA,NA,NA,NA,NA,NA,NA,NA,NA,NA,NA,NA,NA,NA,NA,NA,NA,NA,NA,NA,NA,NA,NA,NA,NA,NA,NA,NA,NA,NA
Cade Otton,TE,TB,1,5.4,3.5,33.1,33.1,9.5,0.2,0.1,4,4,2815179,CBS,15802,NA,NA,NA,NA,NA,NA,NA,NA,NA,NA,NA,NA,NA,NA,NA,NA,NA,NA,NA,NA,NA,NA,NA,NA,NA,NA,NA,NA,NA,NA,NA,NA,NA,NA,NA,NA,NA
Juwan Johnson,TE,NO,1,4.2,3,29,29,9.7,0.3,0,3.8,3.8,2186637,CBS,14861,NA,NA,NA,NA,NA,NA,NA,NA,NA,NA,NA,NA,NA,NA,NA,NA,NA,NA,NA,NA,NA,NA,NA,NA,NA,NA,NA,NA,NA,NA,NA,NA,NA,NA,NA,NA,NA
Dalton Schultz,TE,HOU,1,4.5,2.8,30.6,30.6,10.9,0.1,0,3.6,3.6,2136748,CBS,13772,NA,NA,NA,NA,NA,NA,NA,NA,NA,NA,NA,NA,NA,NA,NA,NA,NA,NA,NA,NA,NA,NA,NA,NA,NA,NA,NA,NA,NA,NA,NA,NA,NA,NA,NA,NA,NA
Tyler Conklin,TE,NYJ,1,4.8,3.1,32.8,32.8,10.6,0.1,0,3.6,3.6,2165249,CBS,13675,NA,NA,NA,NA,NA,NA,NA,NA,NA,NA,NA,NA,NA,NA,NA,NA,NA,NA,NA,NA,NA,NA,NA,NA,NA,NA,NA,NA,NA,NA,NA,NA,NA,NA,NA,NA,NA
Tommy Tremble,TE,CAR,1,3.2,2.2,20.2,20.2,9.2,0.3,0.2,3.4,3.4,2969027,CBS,15332,NA,NA,NA,NA,NA,NA,NA,NA,NA,NA,NA,NA,NA,NA,NA,NA,NA,NA,NA,NA,NA,NA,NA,NA,NA,NA,NA,NA,NA,NA,NA,NA,NA,NA,NA,NA,NA
Chigoziem Okonkwo,TE,TEN,1,3.1,2.3,20,20,8.7,0.2,0,3.2,3.2,2965208,CBS,15889,NA,NA,NA,NA,NA,NA,NA,NA,NA,NA,NA,NA,NA,NA,NA,NA,NA,NA,NA,NA,NA,NA,NA,NA,NA,NA,NA,NA,NA,NA,NA,NA,NA,NA,NA,NA,NA
Jordan Akins,TE,CLE,1,3,2.1,23.1,23.1,11,0.2,0,3.2,3.2,2142712,CBS,13753,NA,NA,NA,NA,NA,NA,NA,NA,NA,NA,NA,NA,NA,NA,NA,NA,NA,NA,NA,NA,NA,NA,NA,NA,NA,NA,NA,NA,NA,NA,NA,NA,NA,NA,NA,NA,NA
Charlie Kolar,TE,BAL,1,1.8,1.4,22.6,22.6,16.1,0.2,0,3.2,3.2,2866273,CBS,15795,NA,NA,NA,NA,NA,NA,NA,NA,NA,NA,NA,NA,NA,NA,NA,NA,NA,NA,NA,NA,NA,NA,NA,NA,NA,NA,NA,NA,NA,NA,NA,NA,NA,NA,NA,NA,NA
Hayden Hurst,TE,LAC,1,4,2.7,25.1,25.1,9.3,0.2,0,3.2,3.2,2185053,CBS,13680,NA,NA,NA,NA,NA,NA,NA,NA,NA,NA,NA,NA,NA,NA,NA,NA,NA,NA,NA,NA,NA,NA,NA,NA,NA,NA,NA,NA,NA,NA,NA,NA,NA,NA,NA,NA,NA
T.J. Hockenson,TE,MIN,1,3.4,2.5,29.8,29.8,11.9,0.2,0,3.2,3.2,2251097,CBS,14138,NA,NA,NA,NA,NA,NA,NA,NA,NA,NA,NA,NA,NA,NA,NA,NA,NA,NA,NA,NA,NA,NA,NA,NA,NA,NA,NA,NA,NA,NA,NA,NA,NA,NA,NA,NA,NA
Mo Alie-Cox,TE,IND,1,1.8,1.1,15.9,15.9,14.5,0.3,0,2.8,2.8,2815925,CBS,13246,NA,NA,NA,NA,NA,NA,NA,NA,NA,NA,NA,NA,NA,NA,NA,NA,NA,NA,NA,NA,NA,NA,NA,NA,NA,NA,NA,NA,NA,NA,NA,NA,NA,NA,NA,NA,NA
Theo Johnson,TE,NYG,1,3.9,2.6,26,26,10,0.1,0,2.6,2.6,3162129,CBS,16649,NA,NA,NA,NA,NA,NA,NA,NA,NA,NA,NA,NA,NA,NA,NA,NA,NA,NA,NA,NA,NA,NA,NA,NA,NA,NA,NA,NA,NA,NA,NA,NA,NA,NA,NA,NA,NA
Mike Gesicki,TE,CIN,1,3.3,2.4,24.8,24.8,10.3,0.1,0,2.6,2.6,2139298,CBS,13672,NA,NA,NA,NA,NA,NA,NA,NA,NA,NA,NA,NA,NA,NA,NA,NA,NA,NA,NA,NA,NA,NA,NA,NA,NA,NA,NA,NA,NA,NA,NA,NA,NA,NA,NA,NA,NA
Grant Calcaterra,TE,PHI,1,2.4,2,27.7,27.7,13.9,0.1,0,2.6,2.6,2804129,CBS,15804,NA,NA,NA,NA,NA,NA,NA,NA,NA,NA,NA,NA,NA,NA,NA,NA,NA,NA,NA,NA,NA,NA,NA,NA,NA,NA,NA,NA,NA,NA,NA,NA,NA,NA,NA,NA,NA
Jonnu Smith,TE,MIA,1,3.4,2.3,25,25,10.9,0.1,0,2.6,2.6,2081506,CBS,13193,NA,NA,NA,NA,NA,NA,NA,NA,NA,NA,NA,NA,NA,NA,NA,NA,NA,NA,NA,NA,NA,NA,NA,NA,NA,NA,NA,NA,NA,NA,NA,NA,NA,NA,NA,NA,NA
Noah Gray,TE,KC,1,2.4,1.9,20.9,20.9,11,0.1,0,2.6,2.6,2866903,CBS,15337,NA,NA,NA,NA,NA,NA,NA,NA,NA,NA,NA,NA,NA,NA,NA,NA,NA,NA,NA,NA,NA,NA,NA,NA,NA,NA,NA,NA,NA,NA,NA,NA,NA,NA,NA,NA,NA
Noah Fant,TE,SEA,1,3.5,2.8,27.2,27.2,9.7,0.1,0,2.6,2.6,2251095,CBS,14137,NA,NA,NA,NA,NA,NA,NA,NA,NA,NA,NA,NA,NA,NA,NA,NA,NA,NA,NA,NA,NA,NA,NA,NA,NA,NA,NA,NA,NA,NA,NA,NA,NA,NA,NA,NA,NA
Brenton Strange,TE,JAC,1,2.7,1.7,15.9,15.9,9.4,0.2,0,2.2,2.2,3121696,CBS,16269,NA,NA,NA,NA,NA,NA,NA,NA,NA,NA,NA,NA,NA,NA,NA,NA,NA,NA,NA,NA,NA,NA,NA,NA,NA,NA,NA,NA,NA,NA,NA,NA,NA,NA,NA,NA,NA
Dawson Knox,TE,BUF,1,1.8,1.3,12.6,12.6,9.7,0.2,0,2.2,2.2,2186345,CBS,14143,NA,NA,NA,NA,NA,NA,NA,NA,NA,NA,NA,NA,NA,NA,NA,NA,NA,NA,NA,NA,NA,NA,NA,NA,NA,NA,NA,NA,NA,NA,NA,NA,NA,NA,NA,NA,NA
Darnell Washington,TE,PIT,1,1.5,1.2,10,10,8.3,0.2,0,2.2,2.2,3163963,CBS,16216,NA,NA,NA,NA,NA,NA,NA,NA,NA,NA,NA,NA,NA,NA,NA,NA,NA,NA,NA,NA,NA,NA,NA,NA,NA,NA,NA,NA,NA,NA,NA,NA,NA,NA,NA,NA,NA
AJ Barner,TE,SEA,1,2.7,2.1,19,19,9.1,0.2,0,2.2,2.2,3169283,CBS,16723,NA,NA,NA,NA,NA,NA,NA,NA,NA,NA,NA,NA,NA,NA,NA,NA,NA,NA,NA,NA,NA,NA,NA,NA,NA,NA,NA,NA,NA,NA,NA,NA,NA,NA,NA,NA,NA
Kylen Granson,TE,IND,1,1.8,1.1,16.3,16.3,14.8,0.1,0,1.6,1.6,2247146,CBS,15419,NA,NA,NA,NA,NA,NA,NA,NA,NA,NA,NA,NA,NA,NA,NA,NA,NA,NA,NA,NA,NA,NA,NA,NA,NA,NA,NA,NA,NA,NA,NA,NA,NA,NA,NA,NA,NA
Johnny Mundt,TE,MIN,1,1.7,1.3,12.5,12.5,9.6,0.1,0,1.6,1.6,2818622,CBS,13940,NA,NA,NA,NA,NA,NA,NA,NA,NA,NA,NA,NA,NA,NA,NA,NA,NA,NA,NA,NA,NA,NA,NA,NA,NA,NA,NA,NA,NA,NA,NA,NA,NA,NA,NA,NA,NA
Ian Thomas,TE,CAR,1,3,1.5,14.9,14.9,9.9,0.1,0,1.6,1.6,2253359,CBS,13678,NA,NA,NA,NA,NA,NA,NA,NA,NA,NA,NA,NA,NA,NA,NA,NA,NA,NA,NA,NA,NA,NA,NA,NA,NA,NA,NA,NA,NA,NA,NA,NA,NA,NA,NA,NA,NA
Brock Wright,TE,DET,1,2.1,1.7,14.2,14.2,8.4,0.1,0,1.6,1.6,2807423,CBS,15626,NA,NA,NA,NA,NA,NA,NA,NA,NA,NA,NA,NA,NA,NA,NA,NA,NA,NA,NA,NA,NA,NA,NA,NA,NA,NA,NA,NA,NA,NA,NA,NA,NA,NA,NA,NA,NA
Harrison Bryant,TE,LV,1,2.5,1.7,15.4,15.4,9.1,0.1,0,1.6,1.6,2241240,CBS,14875,NA,NA,NA,NA,NA,NA,NA,NA,NA,NA,NA,NA,NA,NA,NA,NA,NA,NA,NA,NA,NA,NA,NA,NA,NA,NA,NA,NA,NA,NA,NA,NA,NA,NA,NA,NA,NA
Ja'Tavion Sanders,TE,CAR,1,3,2.1,19,19,9.1,0.1,0,1.6,1.6,26731381,CBS,16643,NA,NA,NA,NA,NA,NA,NA,NA,NA,NA,NA,NA,NA,NA,NA,NA,NA,NA,NA,NA,NA,NA,NA,NA,NA,NA,NA,NA,NA,NA,NA,NA,NA,NA,NA,NA,NA
Adam Trautman,TE,DEN,1,1.6,1.1,13.4,13.4,12.2,0.1,0,1.6,1.6,2182228,CBS,14870,NA,NA,NA,NA,NA,NA,NA,NA,NA,NA,NA,NA,NA,NA,NA,NA,NA,NA,NA,NA,NA,NA,NA,NA,NA,NA,NA,NA,NA,NA,NA,NA,NA,NA,NA,NA,NA
Foster Moreau,TE,NO,1,1.6,1.2,13.1,13.1,10.9,0.1,0,1.6,1.6,2180634,CBS,14239,NA,NA,NA,NA,NA,NA,NA,NA,NA,NA,NA,NA,NA,NA,NA,NA,NA,NA,NA,NA,NA,NA,NA,NA,NA,NA,NA,NA,NA,NA,NA,NA,NA,NA,NA,NA,NA
Josh Oliver,TE,MIN,1,1.6,1.1,12.7,12.7,11.6,0.1,0,1.6,1.6,2184618,CBS,14209,NA,NA,NA,NA,NA,NA,NA,NA,NA,NA,NA,NA,NA,NA,NA,NA,NA,NA,NA,NA,NA,NA,NA,NA,NA,NA,NA,NA,NA,NA,NA,NA,NA,NA,NA,NA,NA
Erick All,TE,CIN,1,2.7,2.1,18.3,18.3,8.7,0.1,0,1.6,1.6,3121555,CBS,16645,NA,NA,NA,NA,NA,NA,NA,NA,NA,NA,NA,NA,NA,NA,NA,NA,NA,NA,NA,NA,NA,NA,NA,NA,NA,NA,NA,NA,NA,NA,NA,NA,NA,NA,NA,NA,NA
Tyler Higbee,TE,LAR,1,2.9,1.9,17.8,17.8,9.4,0.1,0,1.6,1.6,1853103,CBS,12678,NA,NA,NA,NA,NA,NA,NA,NA,NA,NA,NA,NA,NA,NA,NA,NA,NA,NA,NA,NA,NA,NA,NA,NA,NA,NA,NA,NA,NA,NA,NA,NA,NA,NA,NA,NA,NA
Will Dissly,TE,LAC,1,2.3,2,17.8,17.8,8.9,0.1,0,1.6,1.6,2139628,CBS,13763,NA,NA,NA,NA,NA,NA,NA,NA,NA,NA,NA,NA,NA,NA,NA,NA,NA,NA,NA,NA,NA,NA,NA,NA,NA,NA,NA,NA,NA,NA,NA,NA,NA,NA,NA,NA,NA
Durham Smythe,TE,MIA,1,2.1,1.3,11.4,11.4,8.8,0.1,0,1.6,1.6,2082845,CBS,13676,NA,NA,NA,NA,NA,NA,NA,NA,NA,NA,NA,NA,NA,NA,NA,NA,NA,NA,NA,NA,NA,NA,NA,NA,NA,NA,NA,NA,NA,NA,NA,NA,NA,NA,NA,NA,NA
Josh Whyle,TE,TEN,1,2,1.6,13.4,13.4,8.4,0.1,0,1.6,1.6,2962513,CBS,16312,NA,NA,NA,NA,NA,NA,NA,NA,NA,NA,NA,NA,NA,NA,NA,NA,NA,NA,NA,NA,NA,NA,NA,NA,NA,NA,NA,NA,NA,NA,NA,NA,NA,NA,NA,NA,NA
Austin Hooper,TE,NE,1,2.9,1.8,17.9,17.9,9.9,0.1,0.1,1.4,1.4,2067004,CBS,12677,NA,NA,NA,NA,NA,NA,NA,NA,NA,NA,NA,NA,NA,NA,NA,NA,NA,NA,NA,NA,NA,NA,NA,NA,NA,NA,NA,NA,NA,NA,NA,NA,NA,NA,NA,NA,NA
Nick Vannett,TE,TEN,1,0.7,0.5,3.7,3.7,7.4,0.1,0,0.6,0.6,1871322,CBS,12680,NA,NA,NA,NA,NA,NA,NA,NA,NA,NA,NA,NA,NA,NA,NA,NA,NA,NA,NA,NA,NA,NA,NA,NA,NA,NA,NA,NA,NA,NA,NA,NA,NA,NA,NA,NA,NA
Elijah Higgins,TE,ARI,1,0.7,0.6,5.5,5.5,9.2,0.1,0,0.6,0.6,3122914,CBS,16333,NA,NA,NA,NA,NA,NA,NA,NA,NA,NA,NA,NA,NA,NA,NA,NA,NA,NA,NA,NA,NA,NA,NA,NA,NA,NA,NA,NA,NA,NA,NA,NA,NA,NA,NA,NA,NA
Blake Whiteheart,TE,CLE,1,0.8,0.6,5.5,5.5,9.2,0.1,0,0.6,0.6,2964419,CBS,16940,NA,NA,NA,NA,NA,NA,NA,NA,NA,NA,NA,NA,NA,NA,NA,NA,NA,NA,NA,NA,NA,NA,NA,NA,NA,NA,NA,NA,NA,NA,NA,NA,NA,NA,NA,NA,NA
Andrew Ogletree,TE,IND,1,0.8,0.5,7.2,7.2,14.4,0.1,0,0.6,0.6,26725942,CBS,15916,NA,NA,NA,NA,NA,NA,NA,NA,NA,NA,NA,NA,NA,NA,NA,NA,NA,NA,NA,NA,NA,NA,NA,NA,NA,NA,NA,NA,NA,NA,NA,NA,NA,NA,NA,NA,NA
Daniel Bellinger,TE,NYG,1,0.7,0.6,6.1,6.1,10.2,0.1,0,0.6,0.6,2963615,CBS,15873,NA,NA,NA,NA,NA,NA,NA,NA,NA,NA,NA,NA,NA,NA,NA,NA,NA,NA,NA,NA,NA,NA,NA,NA,NA,NA,NA,NA,NA,NA,NA,NA,NA,NA,NA,NA,NA
Ben Sinnott,TE,WAS,1,1,0.7,7.4,7.4,10.6,0.1,0,0.6,0.6,3168647,CBS,16644,NA,NA,NA,NA,NA,NA,NA,NA,NA,NA,NA,NA,NA,NA,NA,NA,NA,NA,NA,NA,NA,NA,NA,NA,NA,NA,NA,NA,NA,NA,NA,NA,NA,NA,NA,NA,NA
Davis Allen,TE,LAR,1,1,0.7,7.3,7.3,10.4,0.1,0,0.6,0.6,3123267,CBS,16219,NA,NA,NA,NA,NA,NA,NA,NA,NA,NA,NA,NA,NA,NA,NA,NA,NA,NA,NA,NA,NA,NA,NA,NA,NA,NA,NA,NA,NA,NA,NA,NA,NA,NA,NA,NA,NA
MyCole Pruitt,TE,PIT,1,0.8,0.5,4.9,4.9,9.8,0.1,0,0.6,0.6,1760327,CBS,12309,NA,NA,NA,NA,NA,NA,NA,NA,NA,NA,NA,NA,NA,NA,NA,NA,NA,NA,NA,NA,NA,NA,NA,NA,NA,NA,NA,NA,NA,NA,NA,NA,NA,NA,NA,NA,NA
Ross Dwelley,TE,ATL,1,0.6,0.5,9.6,9.6,19.2,0.1,0,0.6,0.6,2924888,CBS,13988,NA,NA,NA,NA,NA,NA,NA,NA,NA,NA,NA,NA,NA,NA,NA,NA,NA,NA,NA,NA,NA,NA,NA,NA,NA,NA,NA,NA,NA,NA,NA,NA,NA,NA,NA,NA,NA
Albert Okwuegbunam,TE,PHI,1,0.8,0.6,5.5,5.5,9.2,0.1,0,0.6,0.6,2245117,CBS,14873,NA,NA,NA,NA,NA,NA,NA,NA,NA,NA,NA,NA,NA,NA,NA,NA,NA,NA,NA,NA,NA,NA,NA,NA,NA,NA,NA,NA,NA,NA,NA,NA,NA,NA,NA,NA,NA
Connor Heyward,TE,PIT,1,0.8,0.5,4,4,8,0.1,0,0.6,0.6,2867599,CBS,15800,NA,NA,NA,NA,NA,NA,NA,NA,NA,NA,NA,NA,NA,NA,NA,NA,NA,NA,NA,NA,NA,NA,NA,NA,NA,NA,NA,NA,NA,NA,NA,NA,NA,NA,NA,NA,NA
Ben Sims,TE,GB,1,0.8,0.6,9.2,9.2,15.3,0.1,0,0.6,0.6,2964709,CBS,16483,NA,NA,NA,NA,NA,NA,NA,NA,NA,NA,NA,NA,NA,NA,NA,NA,NA,NA,NA,NA,NA,NA,NA,NA,NA,NA,NA,NA,NA,NA,NA,NA,NA,NA,NA,NA,NA
Ko Kieft,TE,TB,1,0.5,0.3,2.9,2.9,9.7,0.1,0,0.6,0.6,2239763,CBS,15929,NA,NA,NA,NA,NA,NA,NA,NA,NA,NA,NA,NA,NA,NA,NA,NA,NA,NA,NA,NA,NA,NA,NA,NA,NA,NA,NA,NA,NA,NA,NA,NA,NA,NA,NA,NA,NA
Stone Smartt,TE,LAC,1,1,0.7,7.1,7.1,10.1,0.1,0,0.6,0.6,2864800,CBS,16113,NA,NA,NA,NA,NA,NA,NA,NA,NA,NA,NA,NA,NA,NA,NA,NA,NA,NA,NA,NA,NA,NA,NA,NA,NA,NA,NA,NA,NA,NA,NA,NA,NA,NA,NA,NA,NA
Tanner McLachlan,TE,CIN,1,0.8,0.6,6.7,6.7,11.2,0.1,0,0.6,0.6,2980252,CBS,16765,NA,NA,NA,NA,NA,NA,NA,NA,NA,NA,NA,NA,NA,NA,NA,NA,NA,NA,NA,NA,NA,NA,NA,NA,NA,NA,NA,NA,NA,NA,NA,NA,NA,NA,NA,NA,NA
Eric Tomlinson,TE,LAC,1,1.1,0.7,5.6,5.6,8,0.1,0,0.6,0.6,1759992,CBS,13065,NA,NA,NA,NA,NA,NA,NA,NA,NA,NA,NA,NA,NA,NA,NA,NA,NA,NA,NA,NA,NA,NA,NA,NA,NA,NA,NA,NA,NA,NA,NA,NA,NA,NA,NA,NA,NA
Jody Fortson,TE,KC,1,0.7,0.5,4.7,4.7,9.4,0.1,0,0.6,0.6,3117124,CBS,15070,NA,NA,NA,NA,NA,NA,NA,NA,NA,NA,NA,NA,NA,NA,NA,NA,NA,NA,NA,NA,NA,NA,NA,NA,NA,NA,NA,NA,NA,NA,NA,NA,NA,NA,NA,NA,NA
John FitzPatrick,TE,GB,1,0.8,0.6,7.2,7.2,12,0.1,0,0.6,0.6,2975736,CBS,15925,NA,NA,NA,NA,NA,NA,NA,NA,NA,NA,NA,NA,NA,NA,NA,NA,NA,NA,NA,NA,NA,NA,NA,NA,NA,NA,NA,NA,NA,NA,NA,NA,NA,NA,NA,NA,NA
Quintin Morris,TE,BUF,1,0.8,0.6,6,6,10,0.1,0.1,0.4,0.4,2864581,CBS,15341,NA,NA,NA,NA,NA,NA,NA,NA,NA,NA,NA,NA,NA,NA,NA,NA,NA,NA,NA,NA,NA,NA,NA,NA,NA,NA,NA,NA,NA,NA,NA,NA,NA,NA,NA,NA,NA
Trey McBride,TE,ARI,NA,7,5,50,NA,NA,0,NA,NA,NA,4361307,ESPN,15794,NA,NA,NA,NA,NA,NA,NA,NA,NA,NA,NA,NA,NA,NA,NA,NA,NA,NA,NA,NA,NA,NA,NA,NA,NA,NA,NA,NA,NA,NA,NA,NA,NA,NA,NA,NA,NA
Jake Ferguson,TE,DAL,NA,NA,NA,NA,NA,NA,NA,NA,NA,NA,4242355,ESPN,15799,NA,NA,NA,NA,NA,NA,NA,NA,NA,NA,NA,NA,NA,NA,NA,NA,NA,NA,NA,NA,NA,NA,NA,NA,NA,NA,NA,NA,NA,NA,NA,NA,NA,NA,NA,NA,NA
George Kittle,TE,SF,NA,7,5,60,NA,NA,0,NA,NA,NA,3040151,ESPN,13299,NA,NA,NA,NA,NA,NA,NA,NA,NA,NA,NA,NA,NA,NA,NA,NA,NA,NA,NA,NA,NA,NA,NA,NA,NA,NA,NA,NA,NA,NA,NA,NA,NA,NA,NA,NA,NA
Travis Kelce,TE,KCC,NA,7,5,57,NA,NA,0,NA,NA,NA,15847,ESPN,11244,0,0,0,NA,NA,NA,NA,NA,NA,NA,NA,NA,NA,NA,NA,NA,NA,NA,NA,NA,NA,NA,NA,NA,NA,NA,NA,NA,NA,NA,NA,NA,NA,NA,NA,NA,NA
Dalton Kincaid,TE,BUF,NA,6,4,38,NA,NA,0,NA,NA,NA,4385690,ESPN,16213,NA,NA,NA,NA,NA,NA,NA,NA,NA,NA,NA,NA,NA,NA,NA,NA,NA,NA,NA,NA,NA,NA,NA,NA,NA,NA,NA,NA,NA,NA,NA,NA,NA,NA,NA,NA,NA
Dallas Goedert,TE,PHI,NA,6,5,48,NA,NA,0,NA,NA,NA,3121023,ESPN,13674,NA,NA,NA,NA,NA,NA,NA,NA,NA,NA,NA,NA,NA,NA,NA,NA,NA,NA,NA,NA,NA,NA,NA,NA,NA,NA,NA,NA,NA,NA,NA,NA,NA,NA,NA,NA,NA
T.J. Hockenson,TE,MIN,NA,5,3,33,NA,NA,0,NA,NA,NA,4036133,ESPN,14138,NA,NA,NA,NA,NA,NA,NA,NA,NA,NA,NA,NA,NA,NA,NA,NA,NA,NA,NA,NA,NA,NA,NA,NA,NA,NA,NA,NA,NA,NA,NA,NA,NA,NA,NA,NA,NA
David Njoku,TE,CLE,NA,7,4,45,NA,NA,0,NA,NA,NA,3123076,ESPN,13192,NA,NA,NA,NA,NA,NA,NA,NA,NA,NA,NA,NA,NA,NA,NA,NA,NA,NA,NA,NA,NA,NA,NA,NA,NA,NA,NA,NA,NA,NA,NA,NA,NA,NA,NA,NA,NA
Evan Engram,TE,JAC,NA,7,5,50,NA,NA,0,NA,NA,NA,3051876,ESPN,13189,NA,NA,NA,NA,NA,NA,NA,NA,NA,NA,NA,NA,NA,NA,NA,NA,NA,NA,NA,NA,NA,NA,NA,NA,NA,NA,NA,NA,NA,NA,NA,NA,NA,NA,NA,NA,NA
Brock Bowers,TE,LV,NA,8,6,66,NA,NA,0,NA,NA,NA,4432665,ESPN,16641,NA,NA,NA,NA,NA,NA,NA,NA,NA,NA,NA,NA,NA,NA,NA,NA,NA,NA,NA,NA,NA,NA,NA,NA,NA,NA,NA,NA,NA,NA,NA,NA,NA,NA,NA,NA,NA
Sam LaPorta,TE,DET,NA,5,3,33,NA,NA,0,NA,NA,NA,4430027,ESPN,16214,NA,NA,NA,NA,NA,NA,NA,NA,NA,NA,NA,NA,NA,NA,NA,NA,NA,NA,NA,NA,NA,NA,NA,NA,NA,NA,NA,NA,NA,NA,NA,NA,NA,NA,NA,NA,NA
Tucker Kraft,TE,GB,NA,6,4,39,NA,NA,0,NA,NA,NA,4572680,ESPN,16222,NA,NA,NA,NA,NA,NA,NA,NA,NA,NA,NA,NA,NA,NA,NA,NA,NA,NA,NA,NA,NA,NA,NA,NA,NA,NA,NA,NA,NA,NA,NA,NA,NA,NA,NA,NA,NA
Tyler Conklin,TE,NYJ,NA,4,3,29,NA,NA,0,NA,NA,NA,3915486,ESPN,13675,NA,NA,NA,NA,NA,NA,NA,NA,NA,NA,NA,NA,NA,NA,NA,NA,NA,NA,NA,NA,NA,NA,NA,NA,NA,NA,NA,NA,NA,NA,NA,NA,NA,NA,NA,NA,NA
Pat Freiermuth,TE,PIT,NA,5,3,28,NA,NA,0,NA,NA,NA,4361411,ESPN,15331,NA,NA,NA,NA,NA,NA,NA,NA,NA,NA,NA,NA,NA,NA,NA,NA,NA,NA,NA,NA,NA,NA,NA,NA,NA,NA,NA,NA,NA,NA,NA,NA,NA,NA,NA,NA,NA
Taysom Hill,TE,NO,NA,2,2,13,NA,NA,0,NA,NA,NA,2468609,ESPN,13424,4,17,0,0,0,2,0,0,NA,NA,NA,NA,NA,NA,NA,NA,NA,NA,NA,NA,NA,NA,NA,NA,NA,NA,NA,NA,NA,NA,NA,NA,NA,NA,NA,NA,NA
Cade Otton,TE,TB,NA,6,4,42,NA,NA,0,NA,NA,NA,4243331,ESPN,15802,NA,NA,NA,NA,NA,NA,NA,NA,NA,NA,NA,NA,NA,NA,NA,NA,NA,NA,NA,NA,NA,NA,NA,NA,NA,NA,NA,NA,NA,NA,NA,NA,NA,NA,NA,NA,NA
Zach Ertz,TE,WAS,NA,5,3,36,NA,NA,0,NA,NA,NA,15835,ESPN,11247,NA,NA,NA,NA,NA,NA,NA,NA,NA,NA,NA,NA,NA,NA,NA,NA,NA,NA,NA,NA,NA,NA,NA,NA,NA,NA,NA,NA,NA,NA,NA,NA,NA,NA,NA,NA,NA
Cole Kmet,TE,CHI,NA,NA,NA,NA,NA,NA,NA,NA,NA,NA,4258595,ESPN,14867,NA,NA,NA,NA,NA,NA,NA,NA,NA,NA,NA,NA,NA,NA,NA,NA,NA,NA,NA,NA,NA,NA,NA,NA,NA,NA,NA,NA,NA,NA,NA,NA,NA,NA,NA,NA,NA
Kyle Pitts,TE,ATL,NA,5,3,48,NA,NA,0,NA,NA,NA,4360248,ESPN,15329,NA,NA,NA,NA,NA,NA,NA,NA,NA,NA,NA,NA,NA,NA,NA,NA,NA,NA,NA,NA,NA,NA,NA,NA,NA,NA,NA,NA,NA,NA,NA,NA,NA,NA,NA,NA,NA
Dalton Schultz,TE,HOU,NA,6,4,42,NA,NA,0,NA,NA,NA,3117256,ESPN,13772,NA,NA,NA,NA,NA,NA,NA,NA,NA,NA,NA,NA,NA,NA,NA,NA,NA,NA,NA,NA,NA,NA,NA,NA,NA,NA,NA,NA,NA,NA,NA,NA,NA,NA,NA,NA,NA
Mike Gesicki,TE,CIN,NA,3,2,20,NA,NA,0,NA,NA,NA,3116164,ESPN,13672,NA,NA,NA,NA,NA,NA,NA,NA,NA,NA,NA,NA,NA,NA,NA,NA,NA,NA,NA,NA,NA,NA,NA,NA,NA,NA,NA,NA,NA,NA,NA,NA,NA,NA,NA,NA,NA
Hunter Henry,TE,NE,NA,4,3,33,NA,NA,0,NA,NA,NA,3046439,ESPN,12676,NA,NA,NA,NA,NA,NA,NA,NA,NA,NA,NA,NA,NA,NA,NA,NA,NA,NA,NA,NA,NA,NA,NA,NA,NA,NA,NA,NA,NA,NA,NA,NA,NA,NA,NA,NA,NA
Tyler Higbee,TE,LAR,NA,2,2,16,NA,NA,0,NA,NA,NA,2573401,ESPN,12678,NA,NA,NA,NA,NA,NA,NA,NA,NA,NA,NA,NA,NA,NA,NA,NA,NA,NA,NA,NA,NA,NA,NA,NA,NA,NA,NA,NA,NA,NA,NA,NA,NA,NA,NA,NA,NA
Erick All Jr.,TE,CIN,NA,4,3,28,NA,NA,0,NA,NA,NA,4427834,ESPN,16645,NA,NA,NA,NA,NA,NA,NA,NA,NA,NA,NA,NA,NA,NA,NA,NA,NA,NA,NA,NA,NA,NA,NA,NA,NA,NA,NA,NA,NA,NA,NA,NA,NA,NA,NA,NA,NA
Noah Fant,TE,SEA,NA,4,3,25,NA,NA,0,NA,NA,NA,4036131,ESPN,14137,NA,NA,NA,NA,NA,NA,NA,NA,NA,NA,NA,NA,NA,NA,NA,NA,NA,NA,NA,NA,NA,NA,NA,NA,NA,NA,NA,NA,NA,NA,NA,NA,NA,NA,NA,NA,NA
Isaiah Likely,TE,BAL,NA,3,2,24,NA,NA,0,NA,NA,NA,4361050,ESPN,15798,NA,NA,NA,NA,NA,NA,NA,NA,NA,NA,NA,NA,NA,NA,NA,NA,NA,NA,NA,NA,NA,NA,NA,NA,NA,NA,NA,NA,NA,NA,NA,NA,NA,NA,NA,NA,NA
Hayden Hurst,TE,LAC,NA,4,3,22,NA,NA,0,NA,NA,NA,3924365,ESPN,13680,NA,NA,NA,NA,NA,NA,NA,NA,NA,NA,NA,NA,NA,NA,NA,NA,NA,NA,NA,NA,NA,NA,NA,NA,NA,NA,NA,NA,NA,NA,NA,NA,NA,NA,NA,NA,NA
Jonnu Smith,TE,MIA,NA,3,2,25,NA,NA,0,NA,NA,NA,3054212,ESPN,13193,NA,NA,NA,NA,NA,NA,NA,NA,NA,NA,NA,NA,NA,NA,NA,NA,NA,NA,NA,NA,NA,NA,NA,NA,NA,NA,NA,NA,NA,NA,NA,NA,NA,NA,NA,NA,NA
Mark Andrews,TE,BAL,NA,3,2,27,NA,NA,0,NA,NA,NA,3116365,ESPN,13671,NA,NA,NA,NA,NA,NA,NA,NA,NA,NA,NA,NA,NA,NA,NA,NA,NA,NA,NA,NA,NA,NA,NA,NA,NA,NA,NA,NA,NA,NA,NA,NA,NA,NA,NA,NA,NA
Will Dissly,TE,LAC,NA,3,3,23,NA,NA,0,NA,NA,NA,3127292,ESPN,13763,NA,NA,NA,NA,NA,NA,NA,NA,NA,NA,NA,NA,NA,NA,NA,NA,NA,NA,NA,NA,NA,NA,NA,NA,NA,NA,NA,NA,NA,NA,NA,NA,NA,NA,NA,NA,NA
Austin Hooper,TE,NE,NA,3,2,20,NA,NA,0,NA,NA,NA,3043275,ESPN,12677,NA,NA,NA,NA,NA,NA,NA,NA,NA,NA,NA,NA,NA,NA,NA,NA,NA,NA,NA,NA,NA,NA,NA,NA,NA,NA,NA,NA,NA,NA,NA,NA,NA,NA,NA,NA,NA
Chig Okonkwo,TE,TEN,NA,3,2,25,NA,NA,0,NA,NA,NA,4360635,ESPN,15889,NA,NA,NA,NA,NA,NA,NA,NA,NA,NA,NA,NA,NA,NA,NA,NA,NA,NA,NA,NA,NA,NA,NA,NA,NA,NA,NA,NA,NA,NA,NA,NA,NA,NA,NA,NA,NA
Tommy Tremble,TE,CAR,NA,3,2,18,NA,NA,0,NA,NA,NA,4372780,ESPN,15332,NA,NA,NA,NA,NA,NA,NA,NA,NA,NA,NA,NA,NA,NA,NA,NA,NA,NA,NA,NA,NA,NA,NA,NA,NA,NA,NA,NA,NA,NA,NA,NA,NA,NA,NA,NA,NA
Theo Johnson,TE,NYG,NA,3,2,17,NA,NA,0,NA,NA,NA,4429148,ESPN,16649,NA,NA,NA,NA,NA,NA,NA,NA,NA,NA,NA,NA,NA,NA,NA,NA,NA,NA,NA,NA,NA,NA,NA,NA,NA,NA,NA,NA,NA,NA,NA,NA,NA,NA,NA,NA,NA
Juwan Johnson,TE,NO,NA,3,2,15,NA,NA,0,NA,NA,NA,3929645,ESPN,14861,NA,NA,NA,NA,NA,NA,NA,NA,NA,NA,NA,NA,NA,NA,NA,NA,NA,NA,NA,NA,NA,NA,NA,NA,NA,NA,NA,NA,NA,NA,NA,NA,NA,NA,NA,NA,NA
Colby Parkinson,TE,LAR,NA,3,2,22,NA,NA,0,NA,NA,NA,4242557,ESPN,14871,NA,NA,NA,NA,NA,NA,NA,NA,NA,NA,NA,NA,NA,NA,NA,NA,NA,NA,NA,NA,NA,NA,NA,NA,NA,NA,NA,NA,NA,NA,NA,NA,NA,NA,NA,NA,NA
Michael Mayer,TE,LV,NA,NA,NA,NA,NA,NA,NA,NA,NA,NA,4429086,ESPN,16212,NA,NA,NA,NA,NA,NA,NA,NA,NA,NA,NA,NA,NA,NA,NA,NA,NA,NA,NA,NA,NA,NA,NA,NA,NA,NA,NA,NA,NA,NA,NA,NA,NA,NA,NA,NA,NA
Noah Gray,TE,KCC,NA,2,2,16,NA,NA,0,NA,NA,NA,4240472,ESPN,15337,NA,NA,NA,NA,NA,NA,NA,NA,NA,NA,NA,NA,NA,NA,NA,NA,NA,NA,NA,NA,NA,NA,NA,NA,NA,NA,NA,NA,NA,NA,NA,NA,NA,NA,NA,NA,NA
Josh Whyle,TE,TEN,NA,2,1,12,NA,NA,0,NA,NA,NA,4360086,ESPN,16312,NA,NA,NA,NA,NA,NA,NA,NA,NA,NA,NA,NA,NA,NA,NA,NA,NA,NA,NA,NA,NA,NA,NA,NA,NA,NA,NA,NA,NA,NA,NA,NA,NA,NA,NA,NA,NA
Luke Musgrave,TE,GB,NA,NA,NA,NA,NA,NA,NA,NA,NA,NA,4428085,ESPN,16215,NA,NA,NA,NA,NA,NA,NA,NA,NA,NA,NA,NA,NA,NA,NA,NA,NA,NA,NA,NA,NA,NA,NA,NA,NA,NA,NA,NA,NA,NA,NA,NA,NA,NA,NA,NA,NA
Greg Dulcich,TE,DEN,NA,NA,NA,NA,NA,NA,NA,NA,NA,NA,4367209,ESPN,15797,NA,NA,NA,NA,NA,NA,NA,NA,NA,NA,NA,NA,NA,NA,NA,NA,NA,NA,NA,NA,NA,NA,NA,NA,NA,NA,NA,NA,NA,NA,NA,NA,NA,NA,NA,NA,NA
Dawson Knox,TE,BUF,NA,1,1,5,NA,NA,0,NA,NA,NA,3930086,ESPN,14143,NA,NA,NA,NA,NA,NA,NA,NA,NA,NA,NA,NA,NA,NA,NA,NA,NA,NA,NA,NA,NA,NA,NA,NA,NA,NA,NA,NA,NA,NA,NA,NA,NA,NA,NA,NA,NA
Jeremy Ruckert,TE,NYJ,NA,1,1,7,NA,NA,0,NA,NA,NA,4361372,ESPN,15796,NA,NA,NA,NA,NA,NA,NA,NA,NA,NA,NA,NA,NA,NA,NA,NA,NA,NA,NA,NA,NA,NA,NA,NA,NA,NA,NA,NA,NA,NA,NA,NA,NA,NA,NA,NA,NA
Ja'Tavion Sanders,TE,CAR,NA,3,2,21,NA,NA,0,NA,NA,NA,4431588,ESPN,16643,NA,NA,NA,NA,NA,NA,NA,NA,NA,NA,NA,NA,NA,NA,NA,NA,NA,NA,NA,NA,NA,NA,NA,NA,NA,NA,NA,NA,NA,NA,NA,NA,NA,NA,NA,NA,NA
Kylen Granson,TE,IND,NA,1,0,4,NA,NA,0,NA,NA,NA,4039160,ESPN,15419,NA,NA,NA,NA,NA,NA,NA,NA,NA,NA,NA,NA,NA,NA,NA,NA,NA,NA,NA,NA,NA,NA,NA,NA,NA,NA,NA,NA,NA,NA,NA,NA,NA,NA,NA,NA,NA
Mo Alie-Cox,TE,IND,NA,2,1,15,NA,NA,0,NA,NA,NA,2998565,ESPN,13246,NA,NA,NA,NA,NA,NA,NA,NA,NA,NA,NA,NA,NA,NA,NA,NA,NA,NA,NA,NA,NA,NA,NA,NA,NA,NA,NA,NA,NA,NA,NA,NA,NA,NA,NA,NA,NA
Foster Moreau,TE,NO,NA,2,1,10,NA,NA,0,NA,NA,NA,3843945,ESPN,14239,NA,NA,NA,NA,NA,NA,NA,NA,NA,NA,NA,NA,NA,NA,NA,NA,NA,NA,NA,NA,NA,NA,NA,NA,NA,NA,NA,NA,NA,NA,NA,NA,NA,NA,NA,NA,NA
Julian Hill,TE,MIA,NA,1,0,4,NA,NA,0,NA,NA,NA,4365395,ESPN,16425,NA,NA,NA,NA,NA,NA,NA,NA,NA,NA,NA,NA,NA,NA,NA,NA,NA,NA,NA,NA,NA,NA,NA,NA,NA,NA,NA,NA,NA,NA,NA,NA,NA,NA,NA,NA,NA
Elijah Higgins,TE,ARI,NA,1,0,4,NA,NA,0,NA,NA,NA,4426844,ESPN,16333,NA,NA,NA,NA,NA,NA,NA,NA,NA,NA,NA,NA,NA,NA,NA,NA,NA,NA,NA,NA,NA,NA,NA,NA,NA,NA,NA,NA,NA,NA,NA,NA,NA,NA,NA,NA,NA
Brock Wright,TE,DET,NA,1,1,6,NA,NA,0,NA,NA,NA,4242392,ESPN,15626,NA,NA,NA,NA,NA,NA,NA,NA,NA,NA,NA,NA,NA,NA,NA,NA,NA,NA,NA,NA,NA,NA,NA,NA,NA,NA,NA,NA,NA,NA,NA,NA,NA,NA,NA,NA,NA
Durham Smythe,TE,MIA,NA,1,1,5,NA,NA,0,NA,NA,NA,3052897,ESPN,13676,NA,NA,NA,NA,NA,NA,NA,NA,NA,NA,NA,NA,NA,NA,NA,NA,NA,NA,NA,NA,NA,NA,NA,NA,NA,NA,NA,NA,NA,NA,NA,NA,NA,NA,NA,NA,NA
Luke Schoonmaker,TE,DAL,NA,NA,NA,NA,NA,NA,NA,NA,NA,NA,4372096,ESPN,16221,NA,NA,NA,NA,NA,NA,NA,NA,NA,NA,NA,NA,NA,NA,NA,NA,NA,NA,NA,NA,NA,NA,NA,NA,NA,NA,NA,NA,NA,NA,NA,NA,NA,NA,NA,NA,NA
MyCole Pruitt,TE,PIT,NA,1,1,6,NA,NA,0,NA,NA,NA,2508256,ESPN,12309,NA,NA,NA,NA,NA,NA,NA,NA,NA,NA,NA,NA,NA,NA,NA,NA,NA,NA,NA,NA,NA,NA,NA,NA,NA,NA,NA,NA,NA,NA,NA,NA,NA,NA,NA,NA,NA
Nate Adkins,TE,DEN,NA,1,1,7,NA,NA,0,NA,NA,NA,4383440,ESPN,16474,NA,NA,NA,NA,NA,NA,NA,NA,NA,NA,NA,NA,NA,NA,NA,NA,NA,NA,NA,NA,NA,NA,NA,NA,NA,NA,NA,NA,NA,NA,NA,NA,NA,NA,NA,NA,NA
AJ Barner,TE,SEA,NA,1,1,8,NA,NA,0,NA,NA,NA,4576297,ESPN,16723,NA,NA,NA,NA,NA,NA,NA,NA,NA,NA,NA,NA,NA,NA,NA,NA,NA,NA,NA,NA,NA,NA,NA,NA,NA,NA,NA,NA,NA,NA,NA,NA,NA,NA,NA,NA,NA
Pharaoh Brown,TE,SEA,NA,1,1,5,NA,NA,0,NA,NA,NA,2971281,ESPN,13994,NA,NA,NA,NA,NA,NA,NA,NA,NA,NA,NA,NA,NA,NA,NA,NA,NA,NA,NA,NA,NA,NA,NA,NA,NA,NA,NA,NA,NA,NA,NA,NA,NA,NA,NA,NA,NA
Drew Sample,TE,CIN,NA,1,0,5,NA,NA,0,NA,NA,NA,3127310,ESPN,14146,NA,NA,NA,NA,NA,NA,NA,NA,NA,NA,NA,NA,NA,NA,NA,NA,NA,NA,NA,NA,NA,NA,NA,NA,NA,NA,NA,NA,NA,NA,NA,NA,NA,NA,NA,NA,NA
Grant Calcaterra,TE,PHI,NA,1,1,6,NA,NA,0,NA,NA,NA,4241374,ESPN,15804,NA,NA,NA,NA,NA,NA,NA,NA,NA,NA,NA,NA,NA,NA,NA,NA,NA,NA,NA,NA,NA,NA,NA,NA,NA,NA,NA,NA,NA,NA,NA,NA,NA,NA,NA,NA,NA
Nick Vannett,TE,TEN,NA,1,0,4,NA,NA,0,NA,NA,NA,2576399,ESPN,12680,NA,NA,NA,NA,NA,NA,NA,NA,NA,NA,NA,NA,NA,NA,NA,NA,NA,NA,NA,NA,NA,NA,NA,NA,NA,NA,NA,NA,NA,NA,NA,NA,NA,NA,NA,NA,NA
Drew Ogletree,TE,IND,NA,1,1,6,NA,NA,0,NA,NA,NA,4722908,ESPN,15916,NA,NA,NA,NA,NA,NA,NA,NA,NA,NA,NA,NA,NA,NA,NA,NA,NA,NA,NA,NA,NA,NA,NA,NA,NA,NA,NA,NA,NA,NA,NA,NA,NA,NA,NA,NA,NA
George Kittle,TE,SF,NA,NA,4.7,58.2,NA,NA,0.4,0,8.3,NA,16499,FantasyPros,13299,NA,NA,NA,NA,NA,NA,NA,NA,NA,NA,NA,NA,NA,NA,NA,NA,NA,NA,NA,NA,NA,NA,NA,NA,NA,NA,NA,NA,NA,NA,NA,NA,NA,NA,NA,NA,NA
Travis Kelce,TE,KC,NA,NA,5.6,58.9,NA,NA,0.4,0.1,8.2,NA,11594,FantasyPros,11244,NA,NA,NA,NA,NA,NA,NA,NA,NA,NA,NA,NA,NA,NA,NA,NA,NA,NA,NA,NA,NA,NA,NA,NA,NA,NA,NA,NA,NA,NA,NA,NA,NA,NA,NA,NA,NA
Brock Bowers,TE,LV,NA,NA,5.7,62.9,NA,NA,0.3,0.1,8,NA,22955,FantasyPros,16641,NA,NA,NA,NA,NA,NA,NA,NA,NA,NA,NA,NA,NA,NA,NA,NA,NA,NA,NA,NA,NA,NA,NA,NA,NA,NA,NA,NA,NA,NA,NA,NA,NA,NA,NA,NA,NA
Trey McBride,TE,ARI,NA,NA,5.4,51,NA,NA,0.3,0.1,6.8,NA,22936,FantasyPros,15794,NA,NA,NA,NA,NA,NA,NA,NA,NA,NA,NA,NA,NA,NA,NA,NA,NA,NA,NA,NA,NA,NA,NA,NA,NA,NA,NA,NA,NA,NA,NA,NA,NA,NA,NA,NA,NA
Evan Engram,TE,JAC,NA,NA,5.3,48.7,NA,NA,0.3,0.1,6.4,NA,16411,FantasyPros,13189,NA,NA,NA,NA,NA,NA,NA,NA,NA,NA,NA,NA,NA,NA,NA,NA,NA,NA,NA,NA,NA,NA,NA,NA,NA,NA,NA,NA,NA,NA,NA,NA,NA,NA,NA,NA,NA
Kyle Pitts,TE,ATL,NA,NA,3.3,43.1,NA,NA,0.3,0,5.9,NA,20164,FantasyPros,15329,NA,NA,NA,NA,NA,NA,NA,NA,NA,NA,NA,NA,NA,NA,NA,NA,NA,NA,NA,NA,NA,NA,NA,NA,NA,NA,NA,NA,NA,NA,NA,NA,NA,NA,NA,NA,NA
David Njoku,TE,CLE,NA,NA,4.2,43,NA,NA,0.3,0,5.7,NA,16399,FantasyPros,13192,NA,NA,NA,NA,NA,NA,NA,NA,NA,NA,NA,NA,NA,NA,NA,NA,NA,NA,NA,NA,NA,NA,NA,NA,NA,NA,NA,NA,NA,NA,NA,NA,NA,NA,NA,NA,NA
Dalton Schultz,TE,HOU,NA,NA,3.9,41.9,NA,NA,0.3,0.1,5.6,NA,17349,FantasyPros,13772,NA,NA,NA,NA,NA,NA,NA,NA,NA,NA,NA,NA,NA,NA,NA,NA,NA,NA,NA,NA,NA,NA,NA,NA,NA,NA,NA,NA,NA,NA,NA,NA,NA,NA,NA,NA,NA
Tucker Kraft,TE,GB,NA,NA,3.5,37.7,NA,NA,0.3,0,5.4,NA,25298,FantasyPros,16222,NA,NA,NA,NA,NA,NA,NA,NA,NA,NA,NA,NA,NA,NA,NA,NA,NA,NA,NA,NA,NA,NA,NA,NA,NA,NA,NA,NA,NA,NA,NA,NA,NA,NA,NA,NA,NA
Dalton Kincaid,TE,BUF,NA,NA,4,39.4,NA,NA,0.3,0,5.4,NA,25247,FantasyPros,16213,NA,NA,NA,NA,NA,NA,NA,NA,NA,NA,NA,NA,NA,NA,NA,NA,NA,NA,NA,NA,NA,NA,NA,NA,NA,NA,NA,NA,NA,NA,NA,NA,NA,NA,NA,NA,NA
Sam LaPorta,TE,DET,NA,NA,3.7,38.3,NA,NA,0.3,0,5.3,NA,22978,FantasyPros,16214,NA,NA,NA,NA,NA,NA,NA,NA,NA,NA,NA,NA,NA,NA,NA,NA,NA,NA,NA,NA,NA,NA,NA,NA,NA,NA,NA,NA,NA,NA,NA,NA,NA,NA,NA,NA,NA
Cade Otton,TE,TB,NA,NA,3.5,36.5,NA,NA,0.3,0,5.1,NA,23181,FantasyPros,15802,NA,NA,NA,NA,NA,NA,NA,NA,NA,NA,NA,NA,NA,NA,NA,NA,NA,NA,NA,NA,NA,NA,NA,NA,NA,NA,NA,NA,NA,NA,NA,NA,NA,NA,NA,NA,NA
Zach Ertz,TE,WAS,NA,NA,3.4,32.4,NA,NA,0.3,0,4.8,NA,11689,FantasyPros,11247,NA,NA,NA,NA,NA,NA,NA,NA,NA,NA,NA,NA,NA,NA,NA,NA,NA,NA,NA,NA,NA,NA,NA,NA,NA,NA,NA,NA,NA,NA,NA,NA,NA,NA,NA,NA,NA
Mark Andrews,TE,BAL,NA,NA,2.6,32.1,NA,NA,0.2,0,4.6,NA,17269,FantasyPros,13671,NA,NA,NA,NA,NA,NA,NA,NA,NA,NA,NA,NA,NA,NA,NA,NA,NA,NA,NA,NA,NA,NA,NA,NA,NA,NA,NA,NA,NA,NA,NA,NA,NA,NA,NA,NA,NA
Hunter Henry,TE,NE,NA,NA,3,31.9,NA,NA,0.2,0,4.6,NA,15561,FantasyPros,12676,NA,NA,NA,NA,NA,NA,NA,NA,NA,NA,NA,NA,NA,NA,NA,NA,NA,NA,NA,NA,NA,NA,NA,NA,NA,NA,NA,NA,NA,NA,NA,NA,NA,NA,NA,NA,NA
Pat Freiermuth,TE,PIT,NA,NA,3.3,32.6,NA,NA,0.2,0,4.4,NA,20163,FantasyPros,15331,NA,NA,NA,NA,NA,NA,NA,NA,NA,NA,NA,NA,NA,NA,NA,NA,NA,NA,NA,NA,NA,NA,NA,NA,NA,NA,NA,NA,NA,NA,NA,NA,NA,NA,NA,NA,NA
T.J. Hockenson,TE,MIN,NA,NA,3.2,32,NA,NA,0.2,0,4.3,NA,18290,FantasyPros,14138,NA,NA,NA,NA,NA,NA,NA,NA,NA,NA,NA,NA,NA,NA,NA,NA,NA,NA,NA,NA,NA,NA,NA,NA,NA,NA,NA,NA,NA,NA,NA,NA,NA,NA,NA,NA,NA
Dallas Goedert,TE,PHI,NA,NA,3.3,34.5,NA,NA,0.2,0,4.3,NA,17270,FantasyPros,13674,NA,NA,NA,NA,NA,NA,NA,NA,NA,NA,NA,NA,NA,NA,NA,NA,NA,NA,NA,NA,NA,NA,NA,NA,NA,NA,NA,NA,NA,NA,NA,NA,NA,NA,NA,NA,NA
Isaiah Likely,TE,BAL,NA,NA,2.4,28.6,NA,NA,0.2,0,4.2,NA,23781,FantasyPros,15798,NA,NA,NA,NA,NA,NA,NA,NA,NA,NA,NA,NA,NA,NA,NA,NA,NA,NA,NA,NA,NA,NA,NA,NA,NA,NA,NA,NA,NA,NA,NA,NA,NA,NA,NA,NA,NA
Colby Parkinson,TE,LAR,NA,NA,2.9,29.5,NA,NA,0.2,0,4.1,NA,19372,FantasyPros,14871,NA,NA,NA,NA,NA,NA,NA,NA,NA,NA,NA,NA,NA,NA,NA,NA,NA,NA,NA,NA,NA,NA,NA,NA,NA,NA,NA,NA,NA,NA,NA,NA,NA,NA,NA,NA,NA
Noah Fant,TE,SEA,NA,NA,3.3,31.1,NA,NA,0.2,0,4,NA,17527,FantasyPros,14137,NA,NA,NA,NA,NA,NA,NA,NA,NA,NA,NA,NA,NA,NA,NA,NA,NA,NA,NA,NA,NA,NA,NA,NA,NA,NA,NA,NA,NA,NA,NA,NA,NA,NA,NA,NA,NA
Taysom Hill,TE,NO,NA,NA,1.2,11.1,NA,NA,0.1,0,4,NA,17115,FantasyPros,13424,NA,NA,NA,NA,NA,NA,NA,NA,NA,NA,NA,NA,NA,NA,NA,NA,NA,NA,NA,NA,NA,NA,NA,NA,NA,NA,NA,NA,NA,NA,NA,NA,NA,NA,NA,NA,NA
Tyler Conklin,TE,NYJ,NA,NA,2.6,26,NA,NA,0.2,0,3.5,NA,17598,FantasyPros,13675,NA,NA,NA,NA,NA,NA,NA,NA,NA,NA,NA,NA,NA,NA,NA,NA,NA,NA,NA,NA,NA,NA,NA,NA,NA,NA,NA,NA,NA,NA,NA,NA,NA,NA,NA,NA,NA
Erick All Jr.,TE,CIN,NA,NA,2.4,22.7,NA,NA,0.2,0,3.3,NA,23837,FantasyPros,16645,NA,NA,NA,NA,NA,NA,NA,NA,NA,NA,NA,NA,NA,NA,NA,NA,NA,NA,NA,NA,NA,NA,NA,NA,NA,NA,NA,NA,NA,NA,NA,NA,NA,NA,NA,NA,NA
Jonnu Smith,TE,MIA,NA,NA,2.4,23.8,NA,NA,0.1,0,3.3,NA,16460,FantasyPros,13193,NA,NA,NA,NA,NA,NA,NA,NA,NA,NA,NA,NA,NA,NA,NA,NA,NA,NA,NA,NA,NA,NA,NA,NA,NA,NA,NA,NA,NA,NA,NA,NA,NA,NA,NA,NA,NA
Ja'Tavion Sanders,TE,CAR,NA,NA,2.2,22,NA,NA,0.1,0,3.1,NA,24334,FantasyPros,16643,NA,NA,NA,NA,NA,NA,NA,NA,NA,NA,NA,NA,NA,NA,NA,NA,NA,NA,NA,NA,NA,NA,NA,NA,NA,NA,NA,NA,NA,NA,NA,NA,NA,NA,NA,NA,NA
Juwan Johnson,TE,NO,NA,NA,2.1,21.6,NA,NA,0.1,0,3,NA,19562,FantasyPros,14861,NA,NA,NA,NA,NA,NA,NA,NA,NA,NA,NA,NA,NA,NA,NA,NA,NA,NA,NA,NA,NA,NA,NA,NA,NA,NA,NA,NA,NA,NA,NA,NA,NA,NA,NA,NA,NA
Hayden Hurst,TE,LAC,NA,NA,2.2,20,NA,NA,0.2,0,3,NA,17283,FantasyPros,13680,NA,NA,NA,NA,NA,NA,NA,NA,NA,NA,NA,NA,NA,NA,NA,NA,NA,NA,NA,NA,NA,NA,NA,NA,NA,NA,NA,NA,NA,NA,NA,NA,NA,NA,NA,NA,NA
Will Dissly,TE,LAC,NA,NA,2.2,20.7,NA,NA,0.2,0,3,NA,18049,FantasyPros,13763,NA,NA,NA,NA,NA,NA,NA,NA,NA,NA,NA,NA,NA,NA,NA,NA,NA,NA,NA,NA,NA,NA,NA,NA,NA,NA,NA,NA,NA,NA,NA,NA,NA,NA,NA,NA,NA
Chig Okonkwo,TE,TEN,NA,NA,2.4,23.1,NA,NA,0.1,0,2.9,NA,23982,FantasyPros,15889,NA,NA,NA,NA,NA,NA,NA,NA,NA,NA,NA,NA,NA,NA,NA,NA,NA,NA,NA,NA,NA,NA,NA,NA,NA,NA,NA,NA,NA,NA,NA,NA,NA,NA,NA,NA,NA
Theo Johnson,TE,NYG,NA,NA,2.2,20.8,NA,NA,0.1,0,2.7,NA,23104,FantasyPros,16649,NA,NA,NA,NA,NA,NA,NA,NA,NA,NA,NA,NA,NA,NA,NA,NA,NA,NA,NA,NA,NA,NA,NA,NA,NA,NA,NA,NA,NA,NA,NA,NA,NA,NA,NA,NA,NA
Noah Gray,TE,KC,NA,NA,1.8,17.7,NA,NA,0.1,0,2.5,NA,19539,FantasyPros,15337,NA,NA,NA,NA,NA,NA,NA,NA,NA,NA,NA,NA,NA,NA,NA,NA,NA,NA,NA,NA,NA,NA,NA,NA,NA,NA,NA,NA,NA,NA,NA,NA,NA,NA,NA,NA,NA
Johnny Mundt,TE,MIN,NA,NA,1.8,17.3,NA,NA,0.1,0,2.5,NA,16743,FantasyPros,13940,NA,NA,NA,NA,NA,NA,NA,NA,NA,NA,NA,NA,NA,NA,NA,NA,NA,NA,NA,NA,NA,NA,NA,NA,NA,NA,NA,NA,NA,NA,NA,NA,NA,NA,NA,NA,NA
Harrison Bryant,TE,LV,NA,NA,1.7,17,NA,NA,0.1,0,2.4,NA,19389,FantasyPros,14875,NA,NA,NA,NA,NA,NA,NA,NA,NA,NA,NA,NA,NA,NA,NA,NA,NA,NA,NA,NA,NA,NA,NA,NA,NA,NA,NA,NA,NA,NA,NA,NA,NA,NA,NA,NA,NA
Mike Gesicki,TE,CIN,NA,NA,1.5,15.8,NA,NA,0.1,0,2.3,NA,17272,FantasyPros,13672,NA,NA,NA,NA,NA,NA,NA,NA,NA,NA,NA,NA,NA,NA,NA,NA,NA,NA,NA,NA,NA,NA,NA,NA,NA,NA,NA,NA,NA,NA,NA,NA,NA,NA,NA,NA,NA
Austin Hooper,TE,NE,NA,NA,1.6,16.4,NA,NA,0.1,0,2.3,NA,15581,FantasyPros,12677,NA,NA,NA,NA,NA,NA,NA,NA,NA,NA,NA,NA,NA,NA,NA,NA,NA,NA,NA,NA,NA,NA,NA,NA,NA,NA,NA,NA,NA,NA,NA,NA,NA,NA,NA,NA,NA
Tyler Higbee,TE,LAR,NA,NA,1.7,16,NA,NA,0.1,0,2.1,NA,15623,FantasyPros,12678,NA,NA,NA,NA,NA,NA,NA,NA,NA,NA,NA,NA,NA,NA,NA,NA,NA,NA,NA,NA,NA,NA,NA,NA,NA,NA,NA,NA,NA,NA,NA,NA,NA,NA,NA,NA,NA
Foster Moreau,TE,NO,NA,NA,1.4,14.2,NA,NA,0.1,0,1.9,NA,18397,FantasyPros,14239,NA,NA,NA,NA,NA,NA,NA,NA,NA,NA,NA,NA,NA,NA,NA,NA,NA,NA,NA,NA,NA,NA,NA,NA,NA,NA,NA,NA,NA,NA,NA,NA,NA,NA,NA,NA,NA
Mo Alie-Cox,TE,IND,NA,NA,1,12.1,NA,NA,0.1,0,1.9,NA,16579,FantasyPros,13246,NA,NA,NA,NA,NA,NA,NA,NA,NA,NA,NA,NA,NA,NA,NA,NA,NA,NA,NA,NA,NA,NA,NA,NA,NA,NA,NA,NA,NA,NA,NA,NA,NA,NA,NA,NA,NA
Lucas Krull,TE,DEN,NA,NA,1.3,13.6,NA,NA,0.1,0,1.8,NA,24240,FantasyPros,15970,NA,NA,NA,NA,NA,NA,NA,NA,NA,NA,NA,NA,NA,NA,NA,NA,NA,NA,NA,NA,NA,NA,NA,NA,NA,NA,NA,NA,NA,NA,NA,NA,NA,NA,NA,NA,NA
Tommy Tremble,TE,CAR,NA,NA,1.2,12,NA,NA,0.1,0,1.6,NA,22795,FantasyPros,15332,NA,NA,NA,NA,NA,NA,NA,NA,NA,NA,NA,NA,NA,NA,NA,NA,NA,NA,NA,NA,NA,NA,NA,NA,NA,NA,NA,NA,NA,NA,NA,NA,NA,NA,NA,NA,NA
Dawson Knox,TE,BUF,NA,NA,0.9,9.1,NA,NA,0.1,0,1.4,NA,18631,FantasyPros,14143,NA,NA,NA,NA,NA,NA,NA,NA,NA,NA,NA,NA,NA,NA,NA,NA,NA,NA,NA,NA,NA,NA,NA,NA,NA,NA,NA,NA,NA,NA,NA,NA,NA,NA,NA,NA,NA
Josh Whyle,TE,TEN,NA,NA,1.1,10.7,NA,NA,0.1,0,1.4,NA,22923,FantasyPros,16312,NA,NA,NA,NA,NA,NA,NA,NA,NA,NA,NA,NA,NA,NA,NA,NA,NA,NA,NA,NA,NA,NA,NA,NA,NA,NA,NA,NA,NA,NA,NA,NA,NA,NA,NA,NA,NA
Brenton Strange,TE,JAC,NA,NA,0.9,9.1,NA,NA,0.1,0,1.4,NA,25345,FantasyPros,16269,NA,NA,NA,NA,NA,NA,NA,NA,NA,NA,NA,NA,NA,NA,NA,NA,NA,NA,NA,NA,NA,NA,NA,NA,NA,NA,NA,NA,NA,NA,NA,NA,NA,NA,NA,NA,NA
Cade Stover,TE,HOU,NA,NA,0.9,9.9,NA,NA,0.1,0,1.3,NA,25269,FantasyPros,16642,NA,NA,NA,NA,NA,NA,NA,NA,NA,NA,NA,NA,NA,NA,NA,NA,NA,NA,NA,NA,NA,NA,NA,NA,NA,NA,NA,NA,NA,NA,NA,NA,NA,NA,NA,NA,NA
Grant Calcaterra,TE,PHI,NA,NA,1,9.1,NA,NA,0,0,1.2,NA,24180,FantasyPros,15804,NA,NA,NA,NA,NA,NA,NA,NA,NA,NA,NA,NA,NA,NA,NA,NA,NA,NA,NA,NA,NA,NA,NA,NA,NA,NA,NA,NA,NA,NA,NA,NA,NA,NA,NA,NA,NA
Josh Oliver,TE,MIN,NA,NA,0.8,7.6,NA,NA,0.1,0,1.1,NA,18487,FantasyPros,14209,NA,NA,NA,NA,NA,NA,NA,NA,NA,NA,NA,NA,NA,NA,NA,NA,NA,NA,NA,NA,NA,NA,NA,NA,NA,NA,NA,NA,NA,NA,NA,NA,NA,NA,NA,NA,NA
Ian Thomas,TE,CAR,NA,NA,0.9,9.1,NA,NA,0,0,1.1,NA,17387,FantasyPros,13678,NA,NA,NA,NA,NA,NA,NA,NA,NA,NA,NA,NA,NA,NA,NA,NA,NA,NA,NA,NA,NA,NA,NA,NA,NA,NA,NA,NA,NA,NA,NA,NA,NA,NA,NA,NA,NA
Kylen Granson,TE,IND,NA,NA,0.8,8,NA,NA,0.1,0,1.1,NA,22841,FantasyPros,15419,NA,NA,NA,NA,NA,NA,NA,NA,NA,NA,NA,NA,NA,NA,NA,NA,NA,NA,NA,NA,NA,NA,NA,NA,NA,NA,NA,NA,NA,NA,NA,NA,NA,NA,NA,NA,NA
Brock Wright,TE,DET,NA,NA,0.8,7.4,NA,NA,0.1,0,1.1,NA,23341,FantasyPros,15626,NA,NA,NA,NA,NA,NA,NA,NA,NA,NA,NA,NA,NA,NA,NA,NA,NA,NA,NA,NA,NA,NA,NA,NA,NA,NA,NA,NA,NA,NA,NA,NA,NA,NA,NA,NA,NA
Darnell Washington,TE,PIT,NA,NA,0.7,7,NA,NA,0.1,0,1,NA,22967,FantasyPros,16216,NA,NA,NA,NA,NA,NA,NA,NA,NA,NA,NA,NA,NA,NA,NA,NA,NA,NA,NA,NA,NA,NA,NA,NA,NA,NA,NA,NA,NA,NA,NA,NA,NA,NA,NA,NA,NA
Jeremy Ruckert,TE,NYJ,NA,NA,0.7,7.2,NA,NA,0,0,1,NA,23742,FantasyPros,15796,NA,NA,NA,NA,NA,NA,NA,NA,NA,NA,NA,NA,NA,NA,NA,NA,NA,NA,NA,NA,NA,NA,NA,NA,NA,NA,NA,NA,NA,NA,NA,NA,NA,NA,NA,NA,NA
Adam Trautman,TE,DEN,NA,NA,0.6,6.4,NA,NA,0,0,0.9,NA,19423,FantasyPros,14870,NA,NA,NA,NA,NA,NA,NA,NA,NA,NA,NA,NA,NA,NA,NA,NA,NA,NA,NA,NA,NA,NA,NA,NA,NA,NA,NA,NA,NA,NA,NA,NA,NA,NA,NA,NA,NA
MyCole Pruitt,TE,PIT,NA,NA,0.6,5.5,NA,NA,0.1,0,0.9,NA,13964,FantasyPros,12309,NA,NA,NA,NA,NA,NA,NA,NA,NA,NA,NA,NA,NA,NA,NA,NA,NA,NA,NA,NA,NA,NA,NA,NA,NA,NA,NA,NA,NA,NA,NA,NA,NA,NA,NA,NA,NA
Connor Heyward,TE,PIT,NA,NA,0.7,6.5,NA,NA,0,0,0.9,NA,24562,FantasyPros,15800,NA,NA,NA,NA,NA,NA,NA,NA,NA,NA,NA,NA,NA,NA,NA,NA,NA,NA,NA,NA,NA,NA,NA,NA,NA,NA,NA,NA,NA,NA,NA,NA,NA,NA,NA,NA,NA
Durham Smythe,TE,MIA,NA,NA,0.7,6.2,NA,NA,0,0,0.9,NA,17508,FantasyPros,13676,NA,NA,NA,NA,NA,NA,NA,NA,NA,NA,NA,NA,NA,NA,NA,NA,NA,NA,NA,NA,NA,NA,NA,NA,NA,NA,NA,NA,NA,NA,NA,NA,NA,NA,NA,NA,NA
Will Mallory,TE,IND,NA,NA,0.6,5.8,NA,NA,0,0,0.8,NA,23821,FantasyPros,16220,NA,NA,NA,NA,NA,NA,NA,NA,NA,NA,NA,NA,NA,NA,NA,NA,NA,NA,NA,NA,NA,NA,NA,NA,NA,NA,NA,NA,NA,NA,NA,NA,NA,NA,NA,NA,NA
Ben Sims,TE,GB,NA,NA,0.5,5.2,NA,NA,0.1,0,0.8,NA,25349,FantasyPros,16483,NA,NA,NA,NA,NA,NA,NA,NA,NA,NA,NA,NA,NA,NA,NA,NA,NA,NA,NA,NA,NA,NA,NA,NA,NA,NA,NA,NA,NA,NA,NA,NA,NA,NA,NA,NA,NA
Drew Ogletree,TE,IND,NA,NA,0.5,5.2,NA,NA,0,0,0.8,NA,24561,FantasyPros,15916,NA,NA,NA,NA,NA,NA,NA,NA,NA,NA,NA,NA,NA,NA,NA,NA,NA,NA,NA,NA,NA,NA,NA,NA,NA,NA,NA,NA,NA,NA,NA,NA,NA,NA,NA,NA,NA
Charlie Kolar,TE,BAL,NA,NA,0.5,5.3,NA,NA,0,0,0.7,NA,22756,FantasyPros,15795,NA,NA,NA,NA,NA,NA,NA,NA,NA,NA,NA,NA,NA,NA,NA,NA,NA,NA,NA,NA,NA,NA,NA,NA,NA,NA,NA,NA,NA,NA,NA,NA,NA,NA,NA,NA,NA
Jordan Akins,TE,CLE,NA,NA,0.6,5.3,NA,NA,0,0,0.7,NA,17415,FantasyPros,13753,NA,NA,NA,NA,NA,NA,NA,NA,NA,NA,NA,NA,NA,NA,NA,NA,NA,NA,NA,NA,NA,NA,NA,NA,NA,NA,NA,NA,NA,NA,NA,NA,NA,NA,NA,NA,NA
AJ Barner,TE,SEA,NA,NA,0.6,5.4,NA,NA,0,0,0.7,NA,26335,FantasyPros,16723,NA,NA,NA,NA,NA,NA,NA,NA,NA,NA,NA,NA,NA,NA,NA,NA,NA,NA,NA,NA,NA,NA,NA,NA,NA,NA,NA,NA,NA,NA,NA,NA,NA,NA,NA,NA,NA
Nate Adkins,TE,DEN,NA,NA,0.5,5.4,NA,NA,0,0,0.7,NA,25881,FantasyPros,16474,NA,NA,NA,NA,NA,NA,NA,NA,NA,NA,NA,NA,NA,NA,NA,NA,NA,NA,NA,NA,NA,NA,NA,NA,NA,NA,NA,NA,NA,NA,NA,NA,NA,NA,NA,NA,NA
Elijah Higgins,TE,ARI,NA,NA,0.5,4.8,NA,NA,0,0,0.7,NA,23119,FantasyPros,16333,NA,NA,NA,NA,NA,NA,NA,NA,NA,NA,NA,NA,NA,NA,NA,NA,NA,NA,NA,NA,NA,NA,NA,NA,NA,NA,NA,NA,NA,NA,NA,NA,NA,NA,NA,NA,NA
Davis Allen,TE,LAR,NA,NA,0.5,4.9,NA,NA,0,0,0.7,NA,23761,FantasyPros,16219,NA,NA,NA,NA,NA,NA,NA,NA,NA,NA,NA,NA,NA,NA,NA,NA,NA,NA,NA,NA,NA,NA,NA,NA,NA,NA,NA,NA,NA,NA,NA,NA,NA,NA,NA,NA,NA
Drew Sample,TE,CIN,NA,NA,0.5,4.4,NA,NA,0,0,0.7,NA,18561,FantasyPros,14146,NA,NA,NA,NA,NA,NA,NA,NA,NA,NA,NA,NA,NA,NA,NA,NA,NA,NA,NA,NA,NA,NA,NA,NA,NA,NA,NA,NA,NA,NA,NA,NA,NA,NA,NA,NA,NA
Nick Vannett,TE,TEN,NA,NA,0.4,4.2,NA,NA,0,0,0.5,NA,15645,FantasyPros,12680,NA,NA,NA,NA,NA,NA,NA,NA,NA,NA,NA,NA,NA,NA,NA,NA,NA,NA,NA,NA,NA,NA,NA,NA,NA,NA,NA,NA,NA,NA,NA,NA,NA,NA,NA,NA,NA
Julian Hill,TE,MIA,NA,NA,0.4,3.6,NA,NA,0,0,0.5,NA,25824,FantasyPros,16425,NA,NA,NA,NA,NA,NA,NA,NA,NA,NA,NA,NA,NA,NA,NA,NA,NA,NA,NA,NA,NA,NA,NA,NA,NA,NA,NA,NA,NA,NA,NA,NA,NA,NA,NA,NA,NA
Pharaoh Brown,TE,SEA,NA,NA,0.4,3.6,NA,NA,0,0,0.5,NA,16937,FantasyPros,13994,NA,NA,NA,NA,NA,NA,NA,NA,NA,NA,NA,NA,NA,NA,NA,NA,NA,NA,NA,NA,NA,NA,NA,NA,NA,NA,NA,NA,NA,NA,NA,NA,NA,NA,NA,NA,NA
Stone Smartt,TE,LAC,NA,NA,0.3,3.5,NA,NA,0,0,0.5,NA,24621,FantasyPros,16113,NA,NA,NA,NA,NA,NA,NA,NA,NA,NA,NA,NA,NA,NA,NA,NA,NA,NA,NA,NA,NA,NA,NA,NA,NA,NA,NA,NA,NA,NA,NA,NA,NA,NA,NA,NA,NA
Hunter Long,TE,LAR,NA,NA,0.4,3.6,NA,NA,0,0,0.5,NA,22783,FantasyPros,15334,NA,NA,NA,NA,NA,NA,NA,NA,NA,NA,NA,NA,NA,NA,NA,NA,NA,NA,NA,NA,NA,NA,NA,NA,NA,NA,NA,NA,NA,NA,NA,NA,NA,NA,NA,NA,NA
Jody Fortson Jr.,TE,KC,NA,NA,0.4,3.3,NA,NA,0,0,0.5,NA,18831,FantasyPros,15070,NA,NA,NA,NA,NA,NA,NA,NA,NA,NA,NA,NA,NA,NA,NA,NA,NA,NA,NA,NA,NA,NA,NA,NA,NA,NA,NA,NA,NA,NA,NA,NA,NA,NA,NA,NA,NA
Luke Farrell,TE,JAC,NA,NA,0.3,3.2,NA,NA,0,0,0.5,NA,19501,FantasyPros,15335,NA,NA,NA,NA,NA,NA,NA,NA,NA,NA,NA,NA,NA,NA,NA,NA,NA,NA,NA,NA,NA,NA,NA,NA,NA,NA,NA,NA,NA,NA,NA,NA,NA,NA,NA,NA,NA
Quintin Morris,TE,BUF,NA,NA,0.3,2.5,NA,NA,0,0,0.4,NA,22820,FantasyPros,15341,NA,NA,NA,NA,NA,NA,NA,NA,NA,NA,NA,NA,NA,NA,NA,NA,NA,NA,NA,NA,NA,NA,NA,NA,NA,NA,NA,NA,NA,NA,NA,NA,NA,NA,NA,NA,NA
Jack Stoll,TE,PHI,NA,NA,0.3,2.9,NA,NA,0,0,0.4,NA,23193,FantasyPros,15541,NA,NA,NA,NA,NA,NA,NA,NA,NA,NA,NA,NA,NA,NA,NA,NA,NA,NA,NA,NA,NA,NA,NA,NA,NA,NA,NA,NA,NA,NA,NA,NA,NA,NA,NA,NA,NA
Jared Wiley,TE,KC,NA,NA,0.2,2.6,NA,NA,0,0,0.4,NA,26343,FantasyPros,16648,NA,NA,NA,NA,NA,NA,NA,NA,NA,NA,NA,NA,NA,NA,NA,NA,NA,NA,NA,NA,NA,NA,NA,NA,NA,NA,NA,NA,NA,NA,NA,NA,NA,NA,NA,NA,NA
Eric Saubert,TE,SF,NA,NA,0.2,2.2,NA,NA,0,0,0.3,NA,16706,FantasyPros,13315,NA,NA,NA,NA,NA,NA,NA,NA,NA,NA,NA,NA,NA,NA,NA,NA,NA,NA,NA,NA,NA,NA,NA,NA,NA,NA,NA,NA,NA,NA,NA,NA,NA,NA,NA,NA,NA
Tanner Hudson,TE,CIN,NA,NA,0.2,2.2,NA,NA,0,0,0.3,NA,17826,FantasyPros,14370,NA,NA,NA,NA,NA,NA,NA,NA,NA,NA,NA,NA,NA,NA,NA,NA,NA,NA,NA,NA,NA,NA,NA,NA,NA,NA,NA,NA,NA,NA,NA,NA,NA,NA,NA,NA,NA
Ben Sinnott,TE,WAS,NA,NA,0.2,2.2,NA,NA,0,0,0.3,NA,26310,FantasyPros,16644,NA,NA,NA,NA,NA,NA,NA,NA,NA,NA,NA,NA,NA,NA,NA,NA,NA,NA,NA,NA,NA,NA,NA,NA,NA,NA,NA,NA,NA,NA,NA,NA,NA,NA,NA,NA,NA
Daniel Bellinger,TE,NYG,NA,NA,0.2,2.2,NA,NA,0,0,0.3,NA,24238,FantasyPros,15873,NA,NA,NA,NA,NA,NA,NA,NA,NA,NA,NA,NA,NA,NA,NA,NA,NA,NA,NA,NA,NA,NA,NA,NA,NA,NA,NA,NA,NA,NA,NA,NA,NA,NA,NA,NA,NA
Payne Durham,TE,TB,NA,NA,0.2,2.1,NA,NA,0,0,0.3,NA,25346,FantasyPros,16218,NA,NA,NA,NA,NA,NA,NA,NA,NA,NA,NA,NA,NA,NA,NA,NA,NA,NA,NA,NA,NA,NA,NA,NA,NA,NA,NA,NA,NA,NA,NA,NA,NA,NA,NA,NA,NA
John Bates,TE,WAS,NA,NA,0.2,2.1,NA,NA,0,0,0.3,NA,22833,FantasyPros,15344,NA,NA,NA,NA,NA,NA,NA,NA,NA,NA,NA,NA,NA,NA,NA,NA,NA,NA,NA,NA,NA,NA,NA,NA,NA,NA,NA,NA,NA,NA,NA,NA,NA,NA,NA,NA,NA
Charlie Woerner,TE,ATL,NA,NA,0.2,1.6,NA,NA,0,0,0.2,NA,19665,FantasyPros,14984,NA,NA,NA,NA,NA,NA,NA,NA,NA,NA,NA,NA,NA,NA,NA,NA,NA,NA,NA,NA,NA,NA,NA,NA,NA,NA,NA,NA,NA,NA,NA,NA,NA,NA,NA,NA,NA
Jaheim Bell,TE,NE,NA,NA,0.1,1.3,NA,NA,0,0,0.2,NA,24747,FantasyPros,16646,NA,NA,NA,NA,NA,NA,NA,NA,NA,NA,NA,NA,NA,NA,NA,NA,NA,NA,NA,NA,NA,NA,NA,NA,NA,NA,NA,NA,NA,NA,NA,NA,NA,NA,NA,NA,NA
Greg Dulcich,TE,DEN,NA,NA,0.1,1.4,NA,NA,0,0,0.2,NA,23153,FantasyPros,15797,NA,NA,NA,NA,NA,NA,NA,NA,NA,NA,NA,NA,NA,NA,NA,NA,NA,NA,NA,NA,NA,NA,NA,NA,NA,NA,NA,NA,NA,NA,NA,NA,NA,NA,NA,NA,NA
Tip Reiman,TE,ARI,NA,NA,0.1,0.8,NA,NA,0,0,0.1,NA,26432,FantasyPros,16706,NA,NA,NA,NA,NA,NA,NA,NA,NA,NA,NA,NA,NA,NA,NA,NA,NA,NA,NA,NA,NA,NA,NA,NA,NA,NA,NA,NA,NA,NA,NA,NA,NA,NA,NA,NA,NA
Josiah Deguara,TE,JAC,NA,NA,0.1,0.5,NA,NA,0,0,0.1,NA,19456,FantasyPros,14876,NA,NA,NA,NA,NA,NA,NA,NA,NA,NA,NA,NA,NA,NA,NA,NA,NA,NA,NA,NA,NA,NA,NA,NA,NA,NA,NA,NA,NA,NA,NA,NA,NA,NA,NA,NA,NA
Blake Whiteheart,TE,CLE,NA,NA,0.1,0.5,NA,NA,0,0,0.1,NA,25657,FantasyPros,16940,NA,NA,NA,NA,NA,NA,NA,NA,NA,NA,NA,NA,NA,NA,NA,NA,NA,NA,NA,NA,NA,NA,NA,NA,NA,NA,NA,NA,NA,NA,NA,NA,NA,NA,NA,NA,NA
Tanner McLachlan,TE,CIN,NA,NA,0.1,0.7,NA,NA,0,0,0.1,NA,26352,FantasyPros,16765,NA,NA,NA,NA,NA,NA,NA,NA,NA,NA,NA,NA,NA,NA,NA,NA,NA,NA,NA,NA,NA,NA,NA,NA,NA,NA,NA,NA,NA,NA,NA,NA,NA,NA,NA,NA,NA
Devin Culp,TE,TB,NA,NA,0.1,0.7,NA,NA,0,0,0.1,NA,26440,FantasyPros,16796,NA,NA,NA,NA,NA,NA,NA,NA,NA,NA,NA,NA,NA,NA,NA,NA,NA,NA,NA,NA,NA,NA,NA,NA,NA,NA,NA,NA,NA,NA,NA,NA,NA,NA,NA,NA,NA
"Kittle, George",TE,SFO,NA,6.9,5,64,NA,NA,0.7,0,10.6,NA,NA,FantasySharks,13299,NA,0,0,NA,NA,NA,NA,NA,KCC,1.6,0.4,0.2,0,0.1,0,0,0,1.2,NA,NA,NA,NA,NA,NA,NA,NA,NA,NA,NA,NA,NA,NA,NA,NA,NA,NA,NA
"LaPorta, Sam",TE,DET,NA,5.6,4,47,NA,NA,0.4,0,7.1,NA,NA,FantasySharks,16214,NA,0,0,NA,NA,NA,NA,NA,@MIN,0.8,0.2,0.1,0,0,0,0.1,0,0.7,NA,NA,NA,NA,NA,NA,NA,NA,NA,NA,NA,NA,NA,NA,NA,NA,NA,NA,NA
"Kelce, Travis",TE,KCC,NA,7.5,5.7,57,NA,NA,0.2,0,7.1,NA,NA,FantasySharks,11244,NA,0,0,NA,NA,NA,NA,NA,@SFO,1.2,0.2,0.1,0,0,0,0,0,0.8,NA,NA,NA,NA,NA,NA,NA,NA,NA,NA,NA,NA,NA,NA,NA,NA,NA,NA,NA
"Bowers, Brock",TE,LVR,NA,6.9,5.1,55,NA,NA,0.2,0,6.7,NA,NA,FantasySharks,16641,NA,1,0,NA,NA,NA,NA,NA,@LAR,0.8,0,0,0,0,0,0.1,0,0.6,NA,NA,NA,NA,NA,NA,NA,NA,NA,NA,NA,NA,NA,NA,NA,NA,NA,NA,NA
"Engram, Evan",TE,JAC,NA,7.4,5.5,50,NA,NA,0.3,0.1,6.3,NA,NA,FantasySharks,13189,NA,0,0,NA,NA,NA,NA,NA,NEP,0.6,0.2,0.1,0,0,0,0,0,0.4,NA,NA,NA,NA,NA,NA,NA,NA,NA,NA,NA,NA,NA,NA,NA,NA,NA,NA,NA
"Andrews, Mark",TE,BAL,NA,4.8,3.2,41,NA,NA,0.3,0,5.8,NA,NA,FantasySharks,13671,NA,0,0,NA,NA,NA,NA,NA,@TBB,0.8,0.1,0.1,0,0,0,0,0,0.6,NA,NA,NA,NA,NA,NA,NA,NA,NA,NA,NA,NA,NA,NA,NA,NA,NA,NA,NA
"McBride, Trey",TE,ARI,NA,7,5.3,52,NA,NA,0.1,0,5.8,NA,NA,FantasySharks,15794,NA,0,0,NA,NA,NA,NA,NA,LAC,0.6,0.1,0,0,0,0,0,0,0.4,NA,NA,NA,NA,NA,NA,NA,NA,NA,NA,NA,NA,NA,NA,NA,NA,NA,NA,NA
"Njoku, David",TE,CLE,NA,7.1,4.3,42,NA,NA,0.2,0.1,5.6,NA,NA,FantasySharks,13192,NA,0,0,NA,NA,NA,NA,NA,CIN,1.1,0.1,0.1,0,0,0,0,0,0.8,NA,NA,NA,NA,NA,NA,NA,NA,NA,NA,NA,NA,NA,NA,NA,NA,NA,NA,NA
"Henry, Hunter",TE,NEP,NA,5.1,3.3,37,NA,NA,0.3,0,5.4,NA,NA,FantasySharks,12676,NA,0,0,NA,NA,NA,NA,NA,@JAC,0.8,0.2,0.1,0,0,0,0,0,0.5,NA,NA,NA,NA,NA,NA,NA,NA,NA,NA,NA,NA,NA,NA,NA,NA,NA,NA,NA
"Pitts, Kyle",TE,ATL,NA,5.5,3.1,42,NA,NA,0.2,0,5.3,NA,NA,FantasySharks,15329,NA,-0.1,0,NA,NA,NA,NA,NA,SEA,0.5,0.1,0.1,0,0,0,0,0,0.5,NA,NA,NA,NA,NA,NA,NA,NA,NA,NA,NA,NA,NA,NA,NA,NA,NA,NA,NA
"Likely, Isaiah",TE,BAL,NA,3.3,2.3,28,NA,NA,0.4,0,5.1,NA,NA,FantasySharks,15798,NA,0,0,NA,NA,NA,NA,NA,@TBB,0.7,0.2,0,0,0,0.1,0,0,0.6,NA,NA,NA,NA,NA,NA,NA,NA,NA,NA,NA,NA,NA,NA,NA,NA,NA,NA,NA
"Johnson, Juwan",TE,NOS,NA,4.1,2.7,29,NA,NA,0.3,0,4.9,NA,NA,FantasySharks,14861,NA,1,0,NA,NA,NA,NA,NA,DEN,0.4,0.1,0.1,0.1,0,0,0,0,0.4,NA,NA,NA,NA,NA,NA,NA,NA,NA,NA,NA,NA,NA,NA,NA,NA,NA,NA,NA
"Kraft, Tucker",TE,GBP,NA,3.7,2.5,31,NA,NA,0.3,0.1,4.8,NA,NA,FantasySharks,16222,NA,0,0,NA,NA,NA,NA,NA,HOU,0.6,0.1,0.1,0,0,0,0.1,0,0.5,NA,NA,NA,NA,NA,NA,NA,NA,NA,NA,NA,NA,NA,NA,NA,NA,NA,NA,NA
"Moreau, Foster",TE,NOS,NA,2.5,2.1,27,NA,NA,0.3,0,4.8,NA,NA,FantasySharks,14239,NA,1,0,NA,NA,NA,NA,NA,DEN,0.5,0.3,0,0,0,0,0,0,0.5,NA,NA,NA,NA,NA,NA,NA,NA,NA,NA,NA,NA,NA,NA,NA,NA,NA,NA,NA
"Schultz, Dalton",TE,HOU,NA,6.2,3.7,35,NA,NA,0.2,0,4.7,NA,NA,FantasySharks,13772,NA,0,0,NA,NA,NA,NA,NA,@GBP,0.7,0.1,0.1,0,0,0,0,0,0.6,NA,NA,NA,NA,NA,NA,NA,NA,NA,NA,NA,NA,NA,NA,NA,NA,NA,NA,NA
"Goedert, Dallas",TE,PHI,NA,5,3.7,40,NA,NA,0.1,0,4.7,NA,NA,FantasySharks,13674,NA,0,0,NA,NA,NA,NA,NA,@NYG,0.7,0.1,0.1,0,0,0,0,0,0.5,NA,NA,NA,NA,NA,NA,NA,NA,NA,NA,NA,NA,NA,NA,NA,NA,NA,NA,NA
"Mundt, Johnny",TE,MIN,NA,4,2.8,27,NA,NA,0.3,0,4.5,NA,NA,FantasySharks,13940,NA,0,0,NA,NA,NA,NA,NA,DET,0.6,0.3,0,0,0,0,0,0,0.4,NA,NA,NA,NA,NA,NA,NA,NA,NA,NA,NA,NA,NA,NA,NA,NA,NA,NA,NA
"Freiermuth, Pat",TE,PIT,NA,4.4,3.1,30,NA,NA,0.2,0.1,4.3,NA,NA,FantasySharks,15331,NA,0,0,NA,NA,NA,NA,NA,NYJ,0.7,0.2,0.1,0,0,0,0,0,0.4,NA,NA,NA,NA,NA,NA,NA,NA,NA,NA,NA,NA,NA,NA,NA,NA,NA,NA,NA
"Ertz, Zach",TE,WAS,NA,5.1,3.3,34,NA,NA,0.1,0,4.1,NA,NA,FantasySharks,11247,NA,0,0,NA,NA,NA,NA,NA,CAR,0.8,0.1,0,0,0,0,0,0,0.5,NA,NA,NA,NA,NA,NA,NA,NA,NA,NA,NA,NA,NA,NA,NA,NA,NA,NA,NA
"Kincaid, Dalton",TE,BUF,NA,4.9,3.4,33,NA,NA,0.1,0,4,NA,NA,FantasySharks,16213,NA,0,0,NA,NA,NA,NA,NA,TEN,0.5,0.1,0,0,0,0,0,0,0.4,NA,NA,NA,NA,NA,NA,NA,NA,NA,NA,NA,NA,NA,NA,NA,NA,NA,NA,NA
"Otton, Cade",TE,TBB,NA,5,3,27,NA,NA,0.2,0.1,3.6,NA,NA,FantasySharks,15802,NA,-0.3,0,NA,NA,NA,NA,NA,BAL,1,0.1,0,0,0,0,0,0,0.5,NA,NA,NA,NA,NA,NA,NA,NA,NA,NA,NA,NA,NA,NA,NA,NA,NA,NA,NA
"Kolar, Charlie",TE,BAL,NA,1.4,1.2,21,NA,NA,0.2,0,3.5,NA,NA,FantasySharks,15795,NA,0,0,NA,NA,NA,NA,NA,@TBB,0.3,0.2,0.1,0,0,0,0,0,0.4,NA,NA,NA,NA,NA,NA,NA,NA,NA,NA,NA,NA,NA,NA,NA,NA,NA,NA,NA
"Fant, Noah",TE,SEA,NA,3.7,2.7,29,NA,NA,0.1,0,3.4,NA,NA,FantasySharks,14137,NA,0,0,NA,NA,NA,NA,NA,@ATL,0.4,0.1,0,0,0,0,0,0,0.2,NA,NA,NA,NA,NA,NA,NA,NA,NA,NA,NA,NA,NA,NA,NA,NA,NA,NA,NA
"Smith, Jonnu",TE,MIA,NA,4.4,3.1,31,NA,NA,0.1,0,3.4,NA,NA,FantasySharks,13193,NA,-0.1,0,NA,NA,NA,NA,NA,@IND,0.3,0,0,0,0,0,0,0,0.2,NA,NA,NA,NA,NA,NA,NA,NA,NA,NA,NA,NA,NA,NA,NA,NA,NA,NA,NA
"Granson, Kylen",TE,IND,NA,2.4,1.4,21,NA,NA,0.2,0,3.4,NA,NA,FantasySharks,15419,NA,0.1,0,NA,NA,NA,NA,NA,MIA,0.6,0,0.2,0,0,0,0,0,0.3,NA,NA,NA,NA,NA,NA,NA,NA,NA,NA,NA,NA,NA,NA,NA,NA,NA,NA,NA
"Conklin, Tyler",TE,NYJ,NA,5.3,3.5,34,NA,NA,0,0,3.4,NA,NA,FantasySharks,13675,NA,0.1,0,NA,NA,NA,NA,NA,@PIT,0.5,0,0,0,0,0,0,0,0.4,NA,NA,NA,NA,NA,NA,NA,NA,NA,NA,NA,NA,NA,NA,NA,NA,NA,NA,NA
"Higgins, Elijah",TE,ARI,NA,1.8,1.5,16,NA,NA,0.3,0,3.3,NA,NA,FantasySharks,16333,NA,0,0,NA,NA,NA,NA,NA,LAC,0.4,0.2,0.1,0,0,0,0,0,0.3,NA,NA,NA,NA,NA,NA,NA,NA,NA,NA,NA,NA,NA,NA,NA,NA,NA,NA,NA
"Okonkwo, Chigoziem",TE,TEN,NA,3.6,2.7,25,NA,NA,0.1,0,3.3,NA,NA,FantasySharks,15889,NA,0,0,NA,NA,NA,NA,NA,@BUF,0.3,0,0.1,0,0,0,0,0,0.3,NA,NA,NA,NA,NA,NA,NA,NA,NA,NA,NA,NA,NA,NA,NA,NA,NA,NA,NA
"Higbee, Tyler",TE,LAR,NA,3.9,2.4,23,NA,NA,0.1,0,2.8,NA,NA,FantasySharks,12678,NA,0,0,NA,NA,NA,NA,NA,LVR,0.6,0.1,0,0,0,0,0,0,0.4,NA,NA,NA,NA,NA,NA,NA,NA,NA,NA,NA,NA,NA,NA,NA,NA,NA,NA,NA
"Alie-Cox, Mo",TE,IND,NA,1.9,1.2,16,NA,NA,0.2,0,2.8,NA,NA,FantasySharks,13246,NA,0,0,NA,NA,NA,NA,NA,MIA,0.6,0.1,0.1,0,0,0,0,0,0.4,NA,NA,NA,NA,NA,NA,NA,NA,NA,NA,NA,NA,NA,NA,NA,NA,NA,NA,NA
"Gesicki, Mike",TE,CIN,NA,3.3,2.4,23,NA,NA,0.1,0,2.7,NA,NA,FantasySharks,13672,NA,0,0,NA,NA,NA,NA,NA,@CLE,0.5,0,0,0,0,0,0,0,0.2,NA,NA,NA,NA,NA,NA,NA,NA,NA,NA,NA,NA,NA,NA,NA,NA,NA,NA,NA
"Parkinson, Colby",TE,LAR,NA,3.8,2.5,22,NA,NA,0.1,0,2.7,NA,NA,FantasySharks,14871,NA,0,0,NA,NA,NA,NA,NA,LVR,0.6,0,0,0,0,0,0,0,0.4,NA,NA,NA,NA,NA,NA,NA,NA,NA,NA,NA,NA,NA,NA,NA,NA,NA,NA,NA
"Akins, Jordan",TE,CLE,NA,2.3,1.7,16,NA,NA,0.2,0,2.6,NA,NA,FantasySharks,13753,NA,0.1,0,NA,NA,NA,NA,NA,CIN,0.3,0,0.1,0,0,0,0,0,0.2,NA,NA,NA,NA,NA,NA,NA,NA,NA,NA,NA,NA,NA,NA,NA,NA,NA,NA,NA
"Hurst, Hayden",TE,LAC,NA,3.2,2.3,23,NA,NA,0,0,2.6,NA,NA,FantasySharks,13680,NA,0,0,NA,NA,NA,NA,NA,@ARI,0.4,0,0,0,0,0,0,0,0.2,NA,NA,NA,NA,NA,NA,NA,NA,NA,NA,NA,NA,NA,NA,NA,NA,NA,NA,NA
"Johnson, Theo",TE,NYG,NA,3.4,2.4,25,NA,NA,0,0,2.6,NA,NA,FantasySharks,16649,NA,0,0,NA,NA,NA,NA,NA,PHI,0.2,0,0,0,0,0,0,0,0.1,NA,NA,NA,NA,NA,NA,NA,NA,NA,NA,NA,NA,NA,NA,NA,NA,NA,NA,NA
"Strange, Brenton",TE,JAC,NA,2.3,1.5,17,NA,NA,0.1,0,2.5,NA,NA,FantasySharks,16269,NA,0,0,NA,NA,NA,NA,NA,NEP,0.6,0.1,0.1,0,0,0,0,0,0.4,NA,NA,NA,NA,NA,NA,NA,NA,NA,NA,NA,NA,NA,NA,NA,NA,NA,NA,NA
"Knox, Dawson",TE,BUF,NA,2.3,1.3,13,NA,NA,0.2,0,2.4,NA,NA,FantasySharks,14143,NA,0,0,NA,NA,NA,NA,NA,TEN,0.8,0.1,0.1,0,0,0,0,0,0.3,NA,NA,NA,NA,NA,NA,NA,NA,NA,NA,NA,NA,NA,NA,NA,NA,NA,NA,NA
"Gray, Noah",TE,KCC,NA,2.7,1.8,19,NA,NA,0,0,2.1,NA,NA,FantasySharks,15337,NA,0.1,0,NA,NA,NA,NA,NA,@SFO,0.5,0,0,0,0,0,0,0,0.4,NA,NA,NA,NA,NA,NA,NA,NA,NA,NA,NA,NA,NA,NA,NA,NA,NA,NA,NA
"Hudson, Tanner",TE,CIN,NA,3,2.5,21,NA,NA,0,0,2.1,NA,NA,FantasySharks,14370,NA,0,0,NA,NA,NA,NA,NA,@CLE,0.2,0,0,0,0,0,0,0,0.1,NA,NA,NA,NA,NA,NA,NA,NA,NA,NA,NA,NA,NA,NA,NA,NA,NA,NA,NA
"Trautman, Adam",TE,DEN,NA,2.4,1.4,13,NA,NA,0.1,0,2,NA,NA,FantasySharks,14870,NA,0,0,NA,NA,NA,NA,NA,@NOS,0.4,0.1,0,0,0,0,0,0,0.4,NA,NA,NA,NA,NA,NA,NA,NA,NA,NA,NA,NA,NA,NA,NA,NA,NA,NA,NA
"Calcaterra, Grant",TE,PHI,NA,1.7,1.4,20,NA,NA,0,0,2,NA,NA,FantasySharks,15804,NA,0,0,NA,NA,NA,NA,NA,@NYG,0.2,0,0,0,0,0,0,0,0,NA,NA,NA,NA,NA,NA,NA,NA,NA,NA,NA,NA,NA,NA,NA,NA,NA,NA,NA
"Barner, AJ",TE,SEA,NA,1.4,1.2,10,NA,NA,0.1,0,1.8,NA,NA,FantasySharks,16723,NA,0,0,NA,NA,NA,NA,NA,@ATL,0.2,0.1,0,0,0,0,0,0,0.2,NA,NA,NA,NA,NA,NA,NA,NA,NA,NA,NA,NA,NA,NA,NA,NA,NA,NA,NA
"Hooper, Austin",TE,NEP,NA,2.7,1.4,14,NA,NA,0.1,0.1,1.8,NA,NA,FantasySharks,12677,NA,0,0,NA,NA,NA,NA,NA,@JAC,0.4,0.1,0,0,0,0,0,0,0.3,NA,NA,NA,NA,NA,NA,NA,NA,NA,NA,NA,NA,NA,NA,NA,NA,NA,NA,NA
"Mayer, Michael",TE,LVR,NA,2.4,1.6,16,NA,NA,0,0,1.8,NA,NA,FantasySharks,16212,NA,0,0,NA,NA,NA,NA,NA,@LAR,0.2,0,0,0,0,0,0,0,0.2,NA,NA,NA,NA,NA,NA,NA,NA,NA,NA,NA,NA,NA,NA,NA,NA,NA,NA,NA
"Dissly, Will",TE,LAC,NA,2.2,1.7,16,NA,NA,0,0,1.7,NA,NA,FantasySharks,13763,NA,0,0,NA,NA,NA,NA,NA,@ARI,0.2,0,0,0,0,0,0,0,0.1,NA,NA,NA,NA,NA,NA,NA,NA,NA,NA,NA,NA,NA,NA,NA,NA,NA,NA,NA
"Oliver, Josh",TE,MIN,NA,1.5,1.1,11,NA,NA,0.1,0,1.7,NA,NA,FantasySharks,14209,NA,0,0,NA,NA,NA,NA,NA,DET,0.3,0.1,0,0,0,0,0,0,0.2,NA,NA,NA,NA,NA,NA,NA,NA,NA,NA,NA,NA,NA,NA,NA,NA,NA,NA,NA
"Vannett, Nick",TE,TEN,NA,0.8,0.7,4,NA,NA,0.2,0,1.7,NA,NA,FantasySharks,12680,NA,0,0,NA,NA,NA,NA,NA,@BUF,0.3,0.2,0,0,0,0,0,0,0.2,NA,NA,NA,NA,NA,NA,NA,NA,NA,NA,NA,NA,NA,NA,NA,NA,NA,NA,NA
"Thomas, Ian",TE,CAR,NA,3,1.7,15,NA,NA,0,0,1.6,NA,NA,FantasySharks,13678,NA,0,0,NA,NA,NA,NA,NA,@WAS,0.5,0,0,0,0,0,0,0,0.3,NA,NA,NA,NA,NA,NA,NA,NA,NA,NA,NA,NA,NA,NA,NA,NA,NA,NA,NA
"Sample, Drew",TE,CIN,NA,1.8,1.5,12,NA,NA,0.1,0,1.5,NA,NA,FantasySharks,14146,NA,0,0,NA,NA,NA,NA,NA,@CLE,0.2,0,0,0,0,0,0,0,0.2,NA,NA,NA,NA,NA,NA,NA,NA,NA,NA,NA,NA,NA,NA,NA,NA,NA,NA,NA
"Heyward, Connor",TE,PIT,NA,2.5,1.8,12,NA,NA,0,0,1.5,NA,NA,FantasySharks,15800,NA,0,0,NA,NA,NA,NA,NA,NYJ,0.2,0,0,0,0,0,0,0,0.2,NA,NA,NA,NA,NA,NA,NA,NA,NA,NA,NA,NA,NA,NA,NA,NA,NA,NA,NA
"Bellinger, Daniel",TE,NYG,NA,1.5,1.3,15,NA,NA,0,0,1.5,NA,NA,FantasySharks,15873,NA,0,0,NA,NA,NA,NA,NA,PHI,0,0,0,0,0,0,0,0,0,NA,NA,NA,NA,NA,NA,NA,NA,NA,NA,NA,NA,NA,NA,NA,NA,NA,NA,NA
"Woerner, Charlie",TE,ATL,NA,2.2,1.3,13,NA,NA,0,0,1.4,NA,NA,FantasySharks,14984,NA,0,0,NA,NA,NA,NA,NA,SEA,0.1,0,0,0,0,0,0,0,0.1,NA,NA,NA,NA,NA,NA,NA,NA,NA,NA,NA,NA,NA,NA,NA,NA,NA,NA,NA
"Tremble, Tommy",TE,CAR,NA,2.3,1.3,11,NA,NA,0.1,0.1,1.4,NA,NA,FantasySharks,15332,NA,0,0,NA,NA,NA,NA,NA,@WAS,0.3,0.1,0,0,0,0,0,0,0.1,NA,NA,NA,NA,NA,NA,NA,NA,NA,NA,NA,NA,NA,NA,NA,NA,NA,NA,NA
"Washington, Darnell",TE,PIT,NA,1.3,1,8,NA,NA,0.1,0,1.4,NA,NA,FantasySharks,16216,NA,0,0,NA,NA,NA,NA,NA,NYJ,0.2,0.1,0,0,0,0,0,0,0.1,NA,NA,NA,NA,NA,NA,NA,NA,NA,NA,NA,NA,NA,NA,NA,NA,NA,NA,NA
"Stover, Cade",TE,HOU,NA,1.5,1.1,13,NA,NA,0,0,1.4,NA,NA,FantasySharks,16642,NA,0,0,NA,NA,NA,NA,NA,@GBP,0.1,0,0,0,0,0,0,0,0,NA,NA,NA,NA,NA,NA,NA,NA,NA,NA,NA,NA,NA,NA,NA,NA,NA,NA,NA
"Farrell, Luke",TE,JAC,NA,1.7,1.2,12,NA,NA,0,0,1.3,NA,NA,FantasySharks,15335,NA,0,0,NA,NA,NA,NA,NA,NEP,0.2,0,0,0,0,0,0,0,0.2,NA,NA,NA,NA,NA,NA,NA,NA,NA,NA,NA,NA,NA,NA,NA,NA,NA,NA,NA
"All, Erick",TE,CIN,NA,2.5,2.3,15,NA,NA,0,0.1,1.3,NA,NA,FantasySharks,16645,NA,0,0,NA,NA,NA,NA,NA,@CLE,0.2,0,0,0,0,0,0,0,0.1,NA,NA,NA,NA,NA,NA,NA,NA,NA,NA,NA,NA,NA,NA,NA,NA,NA,NA,NA
"Smythe, Durham",TE,MIA,NA,2.4,1.4,13,NA,NA,0,0,1.3,NA,NA,FantasySharks,13676,NA,0,0,NA,NA,NA,NA,NA,@IND,0.5,0,0,0,0,0,0,0,0.3,NA,NA,NA,NA,NA,NA,NA,NA,NA,NA,NA,NA,NA,NA,NA,NA,NA,NA,NA
"Ogletree, Andrew",TE,IND,NA,1.7,0.9,10,NA,NA,0,0,1.2,NA,NA,FantasySharks,15916,NA,0,0,NA,NA,NA,NA,NA,MIA,0.2,0,0,0,0,0,0,0,0.1,NA,NA,NA,NA,NA,NA,NA,NA,NA,NA,NA,NA,NA,NA,NA,NA,NA,NA,NA
"Ruckert, Jeremy",TE,NYJ,NA,2.3,1.5,11,NA,NA,0,0,1.2,NA,NA,FantasySharks,15796,NA,0,0,NA,NA,NA,NA,NA,@PIT,0.2,0,0,0,0,0,0,0,0,NA,NA,NA,NA,NA,NA,NA,NA,NA,NA,NA,NA,NA,NA,NA,NA,NA,NA,NA
"Whyle, Josh",TE,TEN,NA,1.9,1.4,12,NA,NA,0,0,1.2,NA,NA,FantasySharks,16312,NA,0,0,NA,NA,NA,NA,NA,@BUF,0.3,0,0,0,0,0,0,0,0.2,NA,NA,NA,NA,NA,NA,NA,NA,NA,NA,NA,NA,NA,NA,NA,NA,NA,NA,NA
"Wright, Brock",TE,DET,NA,1.8,1.5,11,NA,NA,0,0,1.1,NA,NA,FantasySharks,15626,NA,0,0,NA,NA,NA,NA,NA,@MIN,0.3,0,0,0,0,0,0,0,0.3,NA,NA,NA,NA,NA,NA,NA,NA,NA,NA,NA,NA,NA,NA,NA,NA,NA,NA,NA
"Mallory, Will",TE,IND,NA,1.5,0.7,10,NA,NA,0,0,1.1,NA,NA,FantasySharks,16220,NA,0,0,NA,NA,NA,NA,NA,MIA,0.1,0,0,0,0,0,0,0,0,NA,NA,NA,NA,NA,NA,NA,NA,NA,NA,NA,NA,NA,NA,NA,NA,NA,NA,NA
"Bryant, Harrison",TE,LVR,NA,1.4,0.7,5,NA,NA,0.1,0,1.1,NA,NA,FantasySharks,14875,NA,0,0,NA,NA,NA,NA,NA,@LAR,0.3,0.1,0,0,0,0,0,0,0.1,NA,NA,NA,NA,NA,NA,NA,NA,NA,NA,NA,NA,NA,NA,NA,NA,NA,NA,NA
"Saubert, Eric",TE,SFO,NA,1.1,0.8,10,NA,NA,0,0,1,NA,NA,FantasySharks,13315,NA,0,0,NA,NA,NA,NA,NA,KCC,0.1,0,0,0,0,0,0,0,0,NA,NA,NA,NA,NA,NA,NA,NA,NA,NA,NA,NA,NA,NA,NA,NA,NA,NA,NA
"Bates, John",TE,WAS,NA,1.8,1,8,NA,NA,0,0,0.9,NA,NA,FantasySharks,15344,NA,0,0,NA,NA,NA,NA,NA,CAR,0.2,0,0,0,0,0,0,0,0.1,NA,NA,NA,NA,NA,NA,NA,NA,NA,NA,NA,NA,NA,NA,NA,NA,NA,NA,NA
"Sims, Ben",TE,GBP,NA,1.3,0.9,6,NA,NA,0,0,0.8,NA,NA,FantasySharks,16483,NA,0,0,NA,NA,NA,NA,NA,HOU,0.2,0,0,0,0,0,0,0,0.1,NA,NA,NA,NA,NA,NA,NA,NA,NA,NA,NA,NA,NA,NA,NA,NA,NA,NA,NA
"Pruitt, MyCole",TE,PIT,NA,1.1,0.7,7,NA,NA,0,0,0.8,NA,NA,FantasySharks,12309,NA,0,0,NA,NA,NA,NA,NA,NYJ,0.2,0,0,0,0,0,0,0,0.2,NA,NA,NA,NA,NA,NA,NA,NA,NA,NA,NA,NA,NA,NA,NA,NA,NA,NA,NA
"Brown, Pharaoh",TE,SEA,NA,1.4,1,8,NA,NA,0,0,0.8,NA,NA,FantasySharks,13994,NA,0,0,NA,NA,NA,NA,NA,@ATL,0,0,0,0,0,0,0,0,0,NA,NA,NA,NA,NA,NA,NA,NA,NA,NA,NA,NA,NA,NA,NA,NA,NA,NA,NA
"Durham, Payne",TE,TBB,NA,1.1,0.8,8,NA,NA,0,0,0.8,NA,NA,FantasySharks,16218,NA,0,0,NA,NA,NA,NA,NA,BAL,0.2,0,0,0,0,0,0,0,0.2,NA,NA,NA,NA,NA,NA,NA,NA,NA,NA,NA,NA,NA,NA,NA,NA,NA,NA,NA
"Dulcich, Greg",TE,DEN,NA,2,1,7,NA,NA,0,0,0.8,NA,NA,FantasySharks,15797,NA,0,0,NA,NA,NA,NA,NA,@NOS,0.2,0,0,0,0,0,0,0,0,NA,NA,NA,NA,NA,NA,NA,NA,NA,NA,NA,NA,NA,NA,NA,NA,NA,NA,NA
"Swaim, Geoff",TE,CLE,NA,1.2,1,7,NA,NA,0,0,0.7,NA,NA,FantasySharks,12378,NA,0.1,0,NA,NA,NA,NA,NA,CIN,0.2,0,0,0,0,0,0,0,0.1,NA,NA,NA,NA,NA,NA,NA,NA,NA,NA,NA,NA,NA,NA,NA,NA,NA,NA,NA
"Holker, Dallin",TE,NOS,NA,1.1,0.8,6,NA,NA,0,0,0.7,NA,NA,FantasySharks,16807,NA,1,0,NA,NA,NA,NA,NA,DEN,0.1,0,0,0,0,0,0,0,0.1,NA,NA,NA,NA,NA,NA,NA,NA,NA,NA,NA,NA,NA,NA,NA,NA,NA,NA,NA
"Smartt, Stone",TE,LAC,NA,1.4,0.9,6,NA,NA,0,0,0.7,NA,NA,FantasySharks,16113,NA,0,0,NA,NA,NA,NA,NA,@ARI,0,0,0,0,0,0,0,0,0,NA,NA,NA,NA,NA,NA,NA,NA,NA,NA,NA,NA,NA,NA,NA,NA,NA,NA,NA
"Krull, Lucas",TE,DEN,NA,1.1,0.6,6,NA,NA,0,0,0.7,NA,NA,FantasySharks,15970,NA,0,0,NA,NA,NA,NA,NA,@NOS,0.1,0,0,0,0,0,0,0,0.1,NA,NA,NA,NA,NA,NA,NA,NA,NA,NA,NA,NA,NA,NA,NA,NA,NA,NA,NA
"Dwelley, Ross",TE,ATL,NA,1.2,0.6,6,NA,NA,0,0,0.6,NA,NA,FantasySharks,13988,NA,0,0,NA,NA,NA,NA,NA,SEA,0.3,0,0,0,0,0,0,0,0.2,NA,NA,NA,NA,NA,NA,NA,NA,NA,NA,NA,NA,NA,NA,NA,NA,NA,NA,NA
"Manhertz, Chris",TE,NYG,NA,1.2,0.5,6,NA,NA,0,0,0.6,NA,NA,FantasySharks,12955,NA,0,0,NA,NA,NA,NA,NA,PHI,0.2,0,0,0,0,0,0,0.1,0.1,NA,NA,NA,NA,NA,NA,NA,NA,NA,NA,NA,NA,NA,NA,NA,NA,NA,NA,NA
"Adkins, Nate",TE,DEN,NA,1.2,0.7,5,NA,NA,0,0,0.5,NA,NA,FantasySharks,16474,NA,0,0,NA,NA,NA,NA,NA,@NOS,0.1,0,0,0,0,0,0,0,0,NA,NA,NA,NA,NA,NA,NA,NA,NA,NA,NA,NA,NA,NA,NA,NA,NA,NA,NA
"Tomlinson, Eric",TE,LAC,NA,1,0.3,2,NA,NA,0.1,0,0.5,NA,NA,FantasySharks,13065,NA,0,0,NA,NA,NA,NA,NA,@ARI,0.2,0.1,0,0,0,0,0,0,0.2,NA,NA,NA,NA,NA,NA,NA,NA,NA,NA,NA,NA,NA,NA,NA,NA,NA,NA,NA
"Hill, Julian",TE,MIA,NA,1.2,0.7,5,NA,NA,0,0,0.5,NA,NA,FantasySharks,16425,NA,0,0,NA,NA,NA,NA,NA,@IND,0.3,0,0,0,0,0,0,0,0.1,NA,NA,NA,NA,NA,NA,NA,NA,NA,NA,NA,NA,NA,NA,NA,NA,NA,NA,NA
"Stoll, Jack",TE,PHI,NA,0.9,0.6,4,NA,NA,0,0,0.4,NA,NA,FantasySharks,15541,NA,0,0,NA,NA,NA,NA,NA,@NYG,0.2,0,0,0,0,0,0,0,0.1,NA,NA,NA,NA,NA,NA,NA,NA,NA,NA,NA,NA,NA,NA,NA,NA,NA,NA,NA
"Reiman, Tip",TE,ARI,NA,0.8,0.6,4,NA,NA,0,0,0.4,NA,NA,FantasySharks,16706,NA,0,0,NA,NA,NA,NA,NA,LAC,0,0,0,0,0,0,0,0,0,NA,NA,NA,NA,NA,NA,NA,NA,NA,NA,NA,NA,NA,NA,NA,NA,NA,NA,NA
"Bell, Jaheim",TE,NEP,NA,0.9,0.4,4,NA,NA,0,0,0.4,NA,NA,FantasySharks,16646,NA,0,0,NA,NA,NA,NA,NA,@JAC,0,0,0,0,0,0,0,0,0,NA,NA,NA,NA,NA,NA,NA,NA,NA,NA,NA,NA,NA,NA,NA,NA,NA,NA,NA
"Firkser, Anthony",TE,NYJ,NA,0.7,0.4,3,NA,NA,0,0,0.3,NA,NA,FantasySharks,13919,NA,0,0,NA,NA,NA,NA,NA,@PIT,0.1,0,0,0,0,0,0,0,0,NA,NA,NA,NA,NA,NA,NA,NA,NA,NA,NA,NA,NA,NA,NA,NA,NA,NA,NA
"Morris, Quintin",TE,BUF,NA,0,0,0,NA,NA,0,0,0.2,NA,NA,FantasySharks,15341,NA,0,0,NA,NA,NA,NA,NA,TEN,0,0,0,0,0,0,0,0,0,NA,NA,NA,NA,NA,NA,NA,NA,NA,NA,NA,NA,NA,NA,NA,NA,NA,NA,NA
"Sanders, Ja'Tavion",TE,CAR,NA,1,0.3,2,NA,NA,0,0,0.2,NA,NA,FantasySharks,16643,NA,0,0,NA,NA,NA,NA,NA,@WAS,0.1,0,0,0,0,0,0,0,0.1,NA,NA,NA,NA,NA,NA,NA,NA,NA,NA,NA,NA,NA,NA,NA,NA,NA,NA,NA
"FitzPatrick, John",TE,GBP,NA,0.1,0.1,1,NA,NA,0,0,0.1,NA,NA,FantasySharks,15925,NA,0,0,NA,NA,NA,NA,NA,HOU,0,0,0,0,0,0,0,0,0,NA,NA,NA,NA,NA,NA,NA,NA,NA,NA,NA,NA,NA,NA,NA,NA,NA,NA,NA
"Wiley, Jared",TE,KCC,NA,0.8,0.5,3,NA,NA,0,0.1,0.1,NA,NA,FantasySharks,16648,NA,0,0,NA,NA,NA,NA,NA,@SFO,0,0,0,0,0,0,0,0,0,NA,NA,NA,NA,NA,NA,NA,NA,NA,NA,NA,NA,NA,NA,NA,NA,NA,NA,NA
"Deguara, Josiah",TE,JAC,NA,0.2,0.2,1,NA,NA,0,0,0.1,NA,NA,FantasySharks,14876,NA,0,0,NA,NA,NA,NA,NA,NEP,0.1,0,0,0,0,0,0,0,0,NA,NA,NA,NA,NA,NA,NA,NA,NA,NA,NA,NA,NA,NA,NA,NA,NA,NA,NA
"Okwuegbunam, Albert",TE,PHI,NA,0.7,0.2,1,NA,NA,0,0,0.1,NA,NA,FantasySharks,14873,NA,0,0,NA,NA,NA,NA,NA,@NYG,0,0,0,0,0,0,0,0,0,NA,NA,NA,NA,NA,NA,NA,NA,NA,NA,NA,NA,NA,NA,NA,NA,NA,NA,NA
"Sinnott, Ben",TE,WAS,NA,0.5,0.1,1,NA,NA,0,0,0.1,NA,NA,FantasySharks,16644,NA,0,0,NA,NA,NA,NA,NA,CAR,0,0,0,0,0,0,0,0,0,NA,NA,NA,NA,NA,NA,NA,NA,NA,NA,NA,NA,NA,NA,NA,NA,NA,NA,NA
George Kittle,TE,SF,NA,4.7,4.7,58.2,NA,NA,0.4,0.1,8.24,NA,13023,FleaFlicker,13299,0,0,0,NA,NA,NA,NA,NA,KCSun 4:25 PM,NA,NA,NA,NA,NA,NA,NA,NA,NA,9,TE2,0.4,58.2,98%,NA,NA,NA,NA,NA,NA,NA,NA,NA,NA,NA,NA,NA,NA
Travis Kelce,TE,KC,NA,5.6,5.6,58.9,NA,NA,0.4,0.1,8.19,NA,9360,FleaFlicker,11244,0,0,0,NA,NA,NA,NA,NA,@SFSun 4:25 PM,NA,NA,NA,NA,NA,NA,NA,NA,NA,6,TE1,0.4,58.9,99%,NA,NA,NA,NA,NA,NA,NA,NA,NA,NA,NA,NA,NA,NA
Brock Bowers,TE,LV,NA,5.7,5.7,62.9,NA,NA,0.3,0.1,7.99,NA,18364,FleaFlicker,16641,0,0,0,NA,NA,NA,NA,NA,@LARSun 4:05 PM,NA,NA,NA,NA,NA,NA,NA,NA,NA,0,TE3,0.3,62.9,94%,NA,NA,NA,NA,NA,NA,NA,NA,NA,NA,NA,NA,NA,NA
Trey McBride,TE,ARI,NA,5.3,5.3,51,NA,NA,0.3,0.1,6.86,NA,16895,FleaFlicker,15794,0,0,0,NA,NA,NA,NA,NA,LACMon 9:00 PM,NA,NA,NA,NA,NA,NA,NA,NA,NA,1,TE4,0.3,51,96%,NA,NA,NA,NA,NA,NA,NA,NA,NA,NA,NA,NA,NA,NA
Evan Engram,TE,JAC,NA,5.3,5.3,48.7,NA,NA,0.3,0.1,6.43,NA,12906,FleaFlicker,13189,0,0,0,NA,NA,NA,NA,NA,NESun 9:30 AM,NA,NA,NA,NA,NA,NA,NA,NA,NA,2,TE8,0.3,48.7,87%,NA,NA,NA,NA,NA,NA,NA,NA,NA,NA,NA,NA,NA,NA
Kyle Pitts,TE,ATL,NA,3.3,3.3,43.1,NA,NA,0.3,0,5.97,NA,16256,FleaFlicker,15329,0,0,0,NA,NA,NA,NA,NA,SEASun 1:00 PM,NA,NA,NA,NA,NA,NA,NA,NA,NA,2,TE10,0.3,43.1,95%,NA,NA,NA,NA,NA,NA,NA,NA,NA,NA,NA,NA,NA,NA
David Njoku,TE,CLE,NA,4.2,4.2,43,NA,NA,0.2,0.1,5.7,NA,12904,FleaFlicker,13192,0,0,0,NA,NA,NA,NA,NA,CINSun 1:00 PM,NA,NA,NA,NA,NA,NA,NA,NA,NA,0,TE11,0.2,43,83%,NA,NA,NA,NA,NA,NA,NA,NA,NA,NA,NA,NA,NA,NA
Dalton Schultz,TE,HOU,NA,3.9,3.9,41.9,NA,NA,0.3,0.1,5.65,NA,13853,FleaFlicker,13772,0,0,0,NA,NA,NA,NA,NA,@GBSun 1:00 PM,NA,NA,NA,NA,NA,NA,NA,NA,NA,4,TE19,0.3,41.9,74%,NA,NA,NA,NA,NA,NA,NA,NA,NA,NA,NA,NA,NA,NA
Tucker Kraft,TE,GB,NA,3.5,3.5,37.7,NA,NA,0.3,0,5.35,NA,17675,FleaFlicker,16222,0,0,0,NA,NA,NA,NA,NA,HOUSun 1:00 PM,NA,NA,NA,NA,NA,NA,NA,NA,NA,0,TE9,0.3,37.7,80%,NA,NA,NA,NA,NA,NA,NA,NA,NA,NA,NA,NA,NA,NA
Dalton Kincaid,TE,BUF,NA,4,4,39.4,NA,NA,0.2,0.1,5.34,NA,17585,FleaFlicker,16213,0,0,0,NA,NA,NA,NA,NA,TENSun 1:00 PM,NA,NA,NA,NA,NA,NA,NA,NA,NA,2,TE7,0.2,39.4,94%,NA,NA,NA,NA,NA,NA,NA,NA,NA,NA,NA,NA,NA,NA
Sam LaPorta,TE,DET,NA,3.7,3.7,38.3,NA,NA,0.3,0,5.31,NA,17681,FleaFlicker,16214,0,0,0,NA,NA,NA,NA,NA,@MINSun 1:00 PM,NA,NA,NA,NA,NA,NA,NA,NA,NA,5,TE6,0.3,38.3,96%,NA,NA,NA,NA,NA,NA,NA,NA,NA,NA,NA,NA,NA,NA
Cade Otton,TE,TB,NA,3.5,3.5,36.5,NA,NA,0.2,0,5.11,NA,16937,FleaFlicker,15802,0,0,0,NA,NA,NA,NA,NA,BALMon 8:15 PM,NA,NA,NA,NA,NA,NA,NA,NA,NA,1,TE22,0.2,36.5,49%,NA,NA,NA,NA,NA,NA,NA,NA,NA,NA,NA,NA,NA,NA
Zach Ertz,TE,WAS,NA,3.4,3.4,32.5,NA,NA,0.3,0,4.85,NA,9376,FleaFlicker,11247,0,0,0,NA,NA,NA,NA,NA,CARSun 4:05 PM,NA,NA,NA,NA,NA,NA,NA,NA,NA,4,TE21,0.3,32.5,56%,NA,NA,NA,NA,NA,NA,NA,NA,NA,NA,NA,NA,NA,NA
Mark Andrews,TE,BAL,NA,2.5,2.5,32.1,NA,NA,0.2,0,4.63,NA,13829,FleaFlicker,13671,0,0,0,NA,NA,NA,NA,NA,@TBMon 8:15 PM,NA,NA,NA,NA,NA,NA,NA,NA,NA,4,TE14,0.2,32.1,91%,NA,NA,NA,NA,NA,NA,NA,NA,NA,NA,NA,NA,NA,NA
Hunter Henry,TE,NE,NA,3,3,31.9,NA,NA,0.2,0,4.61,NA,12088,FleaFlicker,12676,0,0,0,NA,NA,NA,NA,NA,@JACSun 9:30 AM,NA,NA,NA,NA,NA,NA,NA,NA,NA,4,TE20,0.2,31.9,67%,NA,NA,NA,NA,NA,NA,NA,NA,NA,NA,NA,NA,NA,NA
Pat Freiermuth,TE,PIT,NA,3.3,3.3,32.6,NA,NA,0.2,0,4.44,NA,16293,FleaFlicker,15331,0,0,0,NA,NA,NA,NA,NA,NYJSun 8:20 PM,NA,NA,NA,NA,NA,NA,NA,NA,NA,9,TE16,0.2,32.6,85%,NA,NA,NA,NA,NA,NA,NA,NA,NA,NA,NA,NA,NA,NA
PUPT.J. Hockenson,TE,MIN,NA,3.2,3.2,32,NA,NA,0.2,0,4.32,NA,14677,FleaFlicker,14138,0,0,0,NA,NA,NA,NA,NA,DETSun 1:00 PM,NA,NA,NA,NA,NA,NA,NA,NA,NA,6,TE12,0.2,32,83%,NA,NA,NA,NA,NA,NA,NA,NA,NA,NA,NA,NA,NA,NA
Dallas Goedert,TE,PHI,NA,3.3,3.3,34.5,NA,NA,0.1,0,4.27,NA,13813,FleaFlicker,13674,0,0,0,NA,NA,NA,NA,NA,@NYGSun 1:00 PM,NA,NA,NA,NA,NA,NA,NA,NA,NA,5,TE17,0.1,34.5,93%,NA,NA,NA,NA,NA,NA,NA,NA,NA,NA,NA,NA,NA,NA
Isaiah Likely,TE,BAL,NA,2.4,2.4,28.6,NA,NA,0.2,0,4.16,NA,16927,FleaFlicker,15798,0,0,0,NA,NA,NA,NA,NA,@TBMon 8:15 PM,NA,NA,NA,NA,NA,NA,NA,NA,NA,4,TE15,0.2,28.6,77%,NA,NA,NA,NA,NA,NA,NA,NA,NA,NA,NA,NA,NA,NA
Colby Parkinson,TE,LAR,NA,2.9,2.9,29.5,NA,NA,0.2,0,4.07,NA,15679,FleaFlicker,14871,0,0,0,NA,NA,NA,NA,NA,LVSun 4:05 PM,NA,NA,NA,NA,NA,NA,NA,NA,NA,6,TE23,0.2,29.5,40%,NA,NA,NA,NA,NA,NA,NA,NA,NA,NA,NA,NA,NA,NA
Noah Fant,TE,SEA,NA,3.3,3.3,31.1,NA,NA,0.1,0,3.99,NA,14665,FleaFlicker,14137,0,0,0,NA,NA,NA,NA,NA,@ATLSun 1:00 PM,NA,NA,NA,NA,NA,NA,NA,NA,NA,0,TE25,0.1,31.1,35%,NA,NA,NA,NA,NA,NA,NA,NA,NA,NA,NA,NA,NA,NA
Tyler Conklin,TE,NYJ,NA,2.6,2.6,25.9,NA,NA,0.1,0,3.48,NA,13980,FleaFlicker,13847,0,0,0,NA,NA,NA,NA,NA,@PITSun 8:20 PM,NA,NA,NA,NA,NA,NA,NA,NA,NA,2,TE24,0.1,25.9,48%,NA,NA,NA,NA,NA,NA,NA,NA,NA,NA,NA,NA,NA,NA
Erick All,TE,CIN,NA,2.4,2.4,22.7,NA,NA,0.2,0,3.33,NA,18474,FleaFlicker,16645,0,0,0,NA,NA,NA,NA,NA,@CLESun 1:00 PM,NA,NA,NA,NA,NA,NA,NA,NA,NA,2,TE27,0.2,22.7,26%,NA,NA,NA,NA,NA,NA,NA,NA,NA,NA,NA,NA,NA,NA
Jonnu Smith,TE,MIA,NA,2.4,2.4,23.8,NA,NA,0.1,0,3.14,NA,12974,FleaFlicker,13193,0,0,0,NA,NA,NA,NA,NA,@INDSun 1:00 PM,NA,NA,NA,NA,NA,NA,NA,NA,NA,6,TE26,0.1,23.8,26%,NA,NA,NA,NA,NA,NA,NA,NA,NA,NA,NA,NA,NA,NA
Juwan Johnson,TE,NO,NA,2.1,2.1,21.6,NA,NA,0.1,0,3.04,NA,16036,FleaFlicker,14861,0,0,0,NA,NA,NA,NA,NA,DENThu 8:15 PM,NA,NA,NA,NA,NA,NA,NA,NA,NA,2,TE29,0.1,21.6,31%,NA,NA,NA,NA,NA,NA,NA,NA,NA,NA,NA,NA,NA,NA
Ja'Tavion Sanders,TE,CAR,NA,2.2,2.2,22,NA,NA,0.1,0,3.02,NA,18477,FleaFlicker,16643,0,0,0,NA,NA,NA,NA,NA,@WASSun 4:05 PM,NA,NA,NA,NA,NA,NA,NA,NA,NA,1,TE34,0.1,22,27%,NA,NA,NA,NA,NA,NA,NA,NA,NA,NA,NA,NA,NA,NA
Hayden Hurst,TE,LAC,NA,2.2,2.2,20,NA,NA,0.2,0,3,NA,13774,FleaFlicker,13680,0,0,0,NA,NA,NA,NA,NA,@ARIMon 9:00 PM,NA,NA,NA,NA,NA,NA,NA,NA,NA,5,TE39,0.2,20,16%,NA,NA,NA,NA,NA,NA,NA,NA,NA,NA,NA,NA,NA,NA
Will Dissly,TE,LAC,NA,2.1,2.1,20.7,NA,NA,0.1,0,2.95,NA,14475,FleaFlicker,13763,0,0,0,NA,NA,NA,NA,NA,@ARIMon 9:00 PM,NA,NA,NA,NA,NA,NA,NA,NA,NA,5,TE35,0.1,20.7,8%,NA,NA,NA,NA,NA,NA,NA,NA,NA,NA,NA,NA,NA,NA
Chig Okonkwo,TE,TEN,NA,2.4,2.4,23.1,NA,NA,0.1,0,2.91,NA,16912,FleaFlicker,15889,0,0,0,NA,NA,NA,NA,NA,@BUFSun 1:00 PM,NA,NA,NA,NA,NA,NA,NA,NA,NA,5,TE31,0.1,23.1,30%,NA,NA,NA,NA,NA,NA,NA,NA,NA,NA,NA,NA,NA,NA
Theo Johnson,TE,NYG,NA,2.2,2.2,20.8,NA,NA,0.1,0,2.78,NA,18475,FleaFlicker,16649,0,0,0,NA,NA,NA,NA,NA,PHISun 1:00 PM,NA,NA,NA,NA,NA,NA,NA,NA,NA,1,TE33,0.1,20.8,26%,NA,NA,NA,NA,NA,NA,NA,NA,NA,NA,NA,NA,NA,NA
Noah Gray,TE,KC,NA,1.8,1.8,17.7,NA,NA,0.1,0,2.53,NA,16430,FleaFlicker,15337,0,0,0,NA,NA,NA,NA,NA,@SFSun 4:25 PM,NA,NA,NA,NA,NA,NA,NA,NA,NA,6,TE30,0.1,17.7,14%,NA,NA,NA,NA,NA,NA,NA,NA,NA,NA,NA,NA,NA,NA
Johnny Mundt,TE,MIN,NA,1.8,1.8,17.3,NA,NA,0.1,0,2.43,NA,13239,FleaFlicker,13940,0,0,0,NA,NA,NA,NA,NA,DETSun 1:00 PM,NA,NA,NA,NA,NA,NA,NA,NA,NA,6,TE32,0.1,17.3,8%,NA,NA,NA,NA,NA,NA,NA,NA,NA,NA,NA,NA,NA,NA
Harrison Bryant,TE,LV,NA,1.7,1.7,17,NA,NA,0.1,0,2.4,NA,15644,FleaFlicker,14875,0,0,0,NA,NA,NA,NA,NA,@LARSun 4:05 PM,NA,NA,NA,NA,NA,NA,NA,NA,NA,0,NA,0.1,17,2%,NA,NA,NA,NA,NA,NA,NA,NA,NA,NA,NA,NA,NA,NA
Mike Gesicki,TE,CIN,NA,1.5,1.5,15.8,NA,NA,0.1,0,2.28,NA,13845,FleaFlicker,13672,0,0,0,NA,NA,NA,NA,NA,@CLESun 1:00 PM,NA,NA,NA,NA,NA,NA,NA,NA,NA,2,TE28,0.1,15.8,43%,NA,NA,NA,NA,NA,NA,NA,NA,NA,NA,NA,NA,NA,NA
Austin Hooper,TE,NE,NA,1.6,1.6,16.4,NA,NA,0.1,0,2.28,NA,12069,FleaFlicker,12677,0,0,0,NA,NA,NA,NA,NA,@JACSun 9:30 AM,NA,NA,NA,NA,NA,NA,NA,NA,NA,4,NA,0.1,16.4,9%,NA,NA,NA,NA,NA,NA,NA,NA,NA,NA,NA,NA,NA,NA
PUPTyler Higbee,TE,LAR,NA,1.7,1.7,16,NA,NA,0.1,0,2.06,NA,12140,FleaFlicker,12678,0,0,0,NA,NA,NA,NA,NA,LVSun 4:05 PM,NA,NA,NA,NA,NA,NA,NA,NA,NA,6,TE37,0.1,16,22%,NA,NA,NA,NA,NA,NA,NA,NA,NA,NA,NA,NA,NA,NA
Foster Moreau,TE,NO,NA,1.4,1.4,14.2,NA,NA,0.1,0,1.94,NA,14781,FleaFlicker,14239,0,0,0,NA,NA,NA,NA,NA,DENThu 8:15 PM,NA,NA,NA,NA,NA,NA,NA,NA,NA,2,TE40,0.1,14.2,15%,NA,NA,NA,NA,NA,NA,NA,NA,NA,NA,NA,NA,NA,NA
Mo Alie-Cox,TE,IND,NA,1,1,12.1,NA,NA,0.1,0,1.85,NA,12887,FleaFlicker,13246,0,0,0,NA,NA,NA,NA,NA,MIASun 1:00 PM,NA,NA,NA,NA,NA,NA,NA,NA,NA,4,TE41,0.1,12.1,4%,NA,NA,NA,NA,NA,NA,NA,NA,NA,NA,NA,NA,NA,NA
Lucas Krull,TE,DEN,NA,1.3,1.3,13.6,NA,NA,0.1,0,1.82,NA,17235,FleaFlicker,15970,0,0,0,NA,NA,NA,NA,NA,@NOThu 8:15 PM,NA,NA,NA,NA,NA,NA,NA,NA,NA,4,NA,0.1,13.6,1%,NA,NA,NA,NA,NA,NA,NA,NA,NA,NA,NA,NA,NA,NA
Tommy Tremble,TE,CAR,NA,1.2,1.2,12,NA,NA,0.1,0,1.66,NA,16314,FleaFlicker,15332,0,0,0,NA,NA,NA,NA,NA,@WASSun 4:05 PM,NA,NA,NA,NA,NA,NA,NA,NA,NA,1,NA,0.1,12,7%,NA,NA,NA,NA,NA,NA,NA,NA,NA,NA,NA,NA,NA,NA
Taysom Hill,TE,NO,NA,1.2,1.2,11.1,NA,NA,0.1,0,1.47,NA,13653,FleaFlicker,13424,0,0,0,NA,NA,NA,NA,NA,DENThu 8:15 PM,NA,NA,NA,NA,NA,NA,NA,NA,NA,2,TE18,0.1,11.1,55%,NA,NA,NA,NA,NA,NA,NA,NA,NA,NA,NA,NA,NA,NA
Dawson Knox,TE,BUF,NA,0.9,0.9,9.1,NA,NA,0.1,0,1.45,NA,14734,FleaFlicker,14143,0,0,0,NA,NA,NA,NA,NA,TENSun 1:00 PM,NA,NA,NA,NA,NA,NA,NA,NA,NA,2,TE36,0.1,9.1,18%,NA,NA,NA,NA,NA,NA,NA,NA,NA,NA,NA,NA,NA,NA
Josh Whyle,TE,TEN,NA,1.1,1.1,10.7,NA,NA,0.1,0,1.41,NA,17734,FleaFlicker,16312,0,0,0,NA,NA,NA,NA,NA,@BUFSun 1:00 PM,NA,NA,NA,NA,NA,NA,NA,NA,NA,5,NA,0.1,10.7,3%,NA,NA,NA,NA,NA,NA,NA,NA,NA,NA,NA,NA,NA,NA
Brenton Strange,TE,JAC,NA,0.9,0.9,9.1,NA,NA,0.1,0,1.33,NA,17626,FleaFlicker,16269,0,0,0,NA,NA,NA,NA,NA,NESun 9:30 AM,NA,NA,NA,NA,NA,NA,NA,NA,NA,2,TE43,0.1,9.1,24%,NA,NA,NA,NA,NA,NA,NA,NA,NA,NA,NA,NA,NA,NA
Cade Stover,TE,HOU,NA,0.9,0.9,9.9,NA,NA,0.1,0,1.33,NA,18465,FleaFlicker,16642,0,0,0,NA,NA,NA,NA,NA,@GBSun 1:00 PM,NA,NA,NA,NA,NA,NA,NA,NA,NA,4,NA,0.1,9.9,16%,NA,NA,NA,NA,NA,NA,NA,NA,NA,NA,NA,NA,NA,NA
Grant Calcaterra,TE,PHI,NA,1,1,9.1,NA,NA,0.1,0,1.21,NA,16986,FleaFlicker,15804,0,0,0,NA,NA,NA,NA,NA,@NYGSun 1:00 PM,NA,NA,NA,NA,NA,NA,NA,NA,NA,5,NA,0.1,9.1,4%,NA,NA,NA,NA,NA,NA,NA,NA,NA,NA,NA,NA,NA,NA
Ian Thomas,TE,CAR,NA,0.9,0.9,9.1,NA,NA,0,0,1.15,NA,13874,FleaFlicker,13678,0,0,0,NA,NA,NA,NA,NA,@WASSun 4:05 PM,NA,NA,NA,NA,NA,NA,NA,NA,NA,1,NA,0,9.1,1%,NA,NA,NA,NA,NA,NA,NA,NA,NA,NA,NA,NA,NA,NA
Josh Oliver,TE,MIN,NA,0.8,0.8,7.6,NA,NA,0.1,0,1.1,NA,14749,FleaFlicker,14209,0,0,0,NA,NA,NA,NA,NA,DETSun 1:00 PM,NA,NA,NA,NA,NA,NA,NA,NA,NA,6,NA,0.1,7.6,4%,NA,NA,NA,NA,NA,NA,NA,NA,NA,NA,NA,NA,NA,NA
Kylen Granson,TE,IND,NA,0.8,0.8,8,NA,NA,0.1,0,1.1,NA,16340,FleaFlicker,15419,0,0,0,NA,NA,NA,NA,NA,MIASun 1:00 PM,NA,NA,NA,NA,NA,NA,NA,NA,NA,4,TE45,0.1,8,7%,NA,NA,NA,NA,NA,NA,NA,NA,NA,NA,NA,NA,NA,NA
Brock Wright,TE,DET,NA,0.8,0.8,7.4,NA,NA,0.1,0,1.1,NA,16572,FleaFlicker,15626,0,0,0,NA,NA,NA,NA,NA,@MINSun 1:00 PM,NA,NA,NA,NA,NA,NA,NA,NA,NA,5,NA,0.1,7.4,3%,NA,NA,NA,NA,NA,NA,NA,NA,NA,NA,NA,NA,NA,NA
Jeremy Ruckert,TE,NYJ,NA,0.7,0.7,7.2,NA,NA,0.1,0,1,NA,16833,FleaFlicker,15796,0,0,0,NA,NA,NA,NA,NA,@PITSun 8:20 PM,NA,NA,NA,NA,NA,NA,NA,NA,NA,2,NA,0.1,7.2,4%,NA,NA,NA,NA,NA,NA,NA,NA,NA,NA,NA,NA,NA,NA
Darnell Washington,TE,PIT,NA,0.7,0.7,7,NA,NA,0.1,0,1,NA,17639,FleaFlicker,16216,0,0,0,NA,NA,NA,NA,NA,NYJSun 8:20 PM,NA,NA,NA,NA,NA,NA,NA,NA,NA,9,NA,0.1,7,10%,NA,NA,NA,NA,NA,NA,NA,NA,NA,NA,NA,NA,NA,NA
MyCole Pruitt,TE,PIT,NA,0.7,0.7,5.5,NA,NA,0.1,0,0.89,NA,11331,FleaFlicker,12309,0,0,0,NA,NA,NA,NA,NA,NYJSun 8:20 PM,NA,NA,NA,NA,NA,NA,NA,NA,NA,9,NA,0.1,5.5,0%,NA,NA,NA,NA,NA,NA,NA,NA,NA,NA,NA,NA,NA,NA
Connor Heyward,TE,PIT,NA,0.7,0.7,6.5,NA,NA,0,0,0.89,NA,16971,FleaFlicker,15800,0,0,0,NA,NA,NA,NA,NA,NYJSun 8:20 PM,NA,NA,NA,NA,NA,NA,NA,NA,NA,9,NA,0,6.5,2%,NA,NA,NA,NA,NA,NA,NA,NA,NA,NA,NA,NA,NA,NA
Adam Trautman,TE,DEN,NA,0.6,0.6,6.4,NA,NA,0,0,0.88,NA,15575,FleaFlicker,14870,0,0,0,NA,NA,NA,NA,NA,@NOThu 8:15 PM,NA,NA,NA,NA,NA,NA,NA,NA,NA,4,NA,0,6.4,5%,NA,NA,NA,NA,NA,NA,NA,NA,NA,NA,NA,NA,NA,NA
Durham Smythe,TE,MIA,NA,0.7,0.7,6.2,NA,NA,0,0,0.86,NA,13905,FleaFlicker,13676,0,0,0,NA,NA,NA,NA,NA,@INDSun 1:00 PM,NA,NA,NA,NA,NA,NA,NA,NA,NA,6,NA,0,6.2,2%,NA,NA,NA,NA,NA,NA,NA,NA,NA,NA,NA,NA,NA,NA
Will Mallory,TE,IND,NA,0.6,0.6,5.8,NA,NA,0,0,0.82,NA,17730,FleaFlicker,16220,0,0,0,NA,NA,NA,NA,NA,MIASun 1:00 PM,NA,NA,NA,NA,NA,NA,NA,NA,NA,4,NA,0,5.8,2%,NA,NA,NA,NA,NA,NA,NA,NA,NA,NA,NA,NA,NA,NA
Ben Sims,TE,GB,NA,0.5,0.5,5.2,NA,NA,0.1,0,0.82,NA,17886,FleaFlicker,16483,0,0,0,NA,NA,NA,NA,NA,HOUSun 1:00 PM,NA,NA,NA,NA,NA,NA,NA,NA,NA,0,NA,0.1,5.2,0%,NA,NA,NA,NA,NA,NA,NA,NA,NA,NA,NA,NA,NA,NA
Drew Ogletree,TE,IND,NA,0.5,0.5,5.2,NA,NA,0,0,0.76,NA,16951,FleaFlicker,15916,0,0,0,NA,NA,NA,NA,NA,MIASun 1:00 PM,NA,NA,NA,NA,NA,NA,NA,NA,NA,4,NA,0,5.2,1%,NA,NA,NA,NA,NA,NA,NA,NA,NA,NA,NA,NA,NA,NA
Jordan Akins,TE,CLE,NA,0.6,0.6,5.3,NA,NA,0,0,0.75,NA,13844,FleaFlicker,13753,0,0,0,NA,NA,NA,NA,NA,CINSun 1:00 PM,NA,NA,NA,NA,NA,NA,NA,NA,NA,0,NA,0,5.3,8%,NA,NA,NA,NA,NA,NA,NA,NA,NA,NA,NA,NA,NA,NA
Travis Kelce,TE,KC,NA,NA,5.81,59.54,NA,NA,0.42,NA,8.43,NA,travis-kelce-1,NumberFire,11244,0,0,0,NA,NA,NA,NA,NA,SF,NA,NA,NA,NA,NA,NA,NA,NA,NA,NA,NA,NA,NA,NA,2.35,14.51,#14,78,1,11.34,7100,1.6,14.27,6300,2.27,11.34,21,0.54
Brock Bowers,TE,LV,NA,NA,5.64,64.6,NA,NA,0.33,NA,8.41,NA,brock-bowers,NumberFire,16641,0,0,0,NA,NA,NA,NA,NA,LA,NA,NA,NA,NA,NA,NA,NA,NA,NA,NA,NA,NA,NA,NA,2.34,14.48,#28,79,2,11.22,7000,1.6,14.07,5800,2.43,11.22,20,0.56
George Kittle,TE,SF,NA,NA,4.93,58.12,NA,NA,0.39,NA,8.16,NA,george-kittle,NumberFire,13299,0,0,0,NA,NA,NA,NA,NA,KC,NA,NA,NA,NA,NA,NA,NA,NA,NA,NA,NA,NA,NA,NA,2.18,14.14,#9,82,3,10.6,7500,1.41,13.08,6000,2.18,10.6,25,0.42
Evan Engram,TE,JAC,NA,NA,5.58,48.23,NA,NA,0.29,NA,6.5,NA,evan-engram,NumberFire,13189,0,0,0,NA,NA,NA,NA,NA,NE,NA,NA,NA,NA,NA,NA,NA,NA,NA,NA,NA,NA,NA,NA,1.1,11.9,#25,108,4,9.25,6600,1.4,12.1,4900,2.47,9.25,20,0.46
Trey McBride,TE,ARI,NA,NA,5.52,50.96,NA,NA,0.22,NA,6.37,NA,trey-mcbride,NumberFire,15794,0,0,0,NA,NA,NA,NA,NA,LAC,NA,NA,NA,NA,NA,NA,NA,NA,NA,NA,NA,NA,NA,NA,1.02,11.72,#4,113,5,9.12,6700,1.36,11.92,5700,2.09,9.12,21,0.43
Dalton Schultz,TE,HOU,NA,NA,3.93,44.92,NA,NA,0.24,NA,5.88,NA,dalton-schultz,NumberFire,13772,0,0,0,NA,NA,NA,NA,NA,GB,NA,NA,NA,NA,NA,NA,NA,NA,NA,NA,NA,NA,NA,NA,0.7,11.06,#7,121,6,7.88,5200,1.52,9.86,4200,2.35,7.88,13,0.61
Sam LaPorta,TE,DET,NA,NA,3.95,42.73,NA,NA,0.25,NA,5.75,NA,sam-laporta,NumberFire,16214,0,0,0,NA,NA,NA,NA,NA,MIN,NA,NA,NA,NA,NA,NA,NA,NA,NA,NA,NA,NA,NA,NA,0.62,10.88,#1,130,7,7.75,6500,1.19,9.73,5300,1.84,7.75,16,0.48
David Njoku,TE,CLE,NA,NA,4.28,43.7,NA,NA,0.23,NA,5.69,NA,david-njoku,NumberFire,13192,0,0,0,NA,NA,NA,NA,NA,CIN,NA,NA,NA,NA,NA,NA,NA,NA,NA,NA,NA,NA,NA,NA,0.58,10.8,#27,132,8,7.85,5300,1.48,10.02,4100,2.44,7.85,17,0.46
Kyle Pitts,TE,ATL,NA,NA,3.34,40.39,NA,NA,0.26,NA,5.63,NA,kyle-pitts,NumberFire,15329,0,0,0,NA,NA,NA,NA,NA,SEA,NA,NA,NA,NA,NA,NA,NA,NA,NA,NA,NA,NA,NA,NA,0.54,10.72,#17,134,9,7.27,5900,1.23,8.95,4500,1.99,7.27,15,0.48
Tucker Kraft,TE,GB,NA,NA,3.57,38,NA,NA,0.23,NA,5.15,NA,tucker-kraft,NumberFire,16222,0,0,0,NA,NA,NA,NA,NA,HOU,NA,NA,NA,NA,NA,NA,NA,NA,NA,NA,NA,NA,NA,NA,0.23,10.07,#12,142,10,6.95,5800,1.2,8.75,4600,1.9,6.95,17,0.41
Zach Ertz,TE,WSH,NA,NA,3.51,30.65,NA,NA,0.3,NA,4.87,NA,zach-ertz-1,NumberFire,11247,0,0,0,NA,NA,NA,NA,NA,CAR,NA,NA,NA,NA,NA,NA,NA,NA,NA,NA,NA,NA,NA,NA,0.05,9.69,#31,150,11,6.62,5100,1.3,8.39,3900,2.15,6.62,12,0.55
Dalton Kincaid,TE,BUF,NA,NA,3.85,35.68,NA,NA,0.21,NA,4.8,NA,dalton-kincaid,NumberFire,16213,0,0,0,NA,NA,NA,NA,NA,TEN,NA,NA,NA,NA,NA,NA,NA,NA,NA,NA,NA,NA,NA,NA,0,9.6,#6,152,12,6.73,6300,1.07,8.68,5000,1.74,6.73,16,0.42
Cade Otton,TE,TB,NA,NA,3.8,37.05,NA,NA,0.19,NA,4.8,NA,cade-otton,NumberFire,15802,0,0,0,NA,NA,NA,NA,NA,BAL,NA,NA,NA,NA,NA,NA,NA,NA,NA,NA,NA,NA,NA,NA,0,9.6,#24,152,12,6.71,5400,1.24,8.64,3600,2.4,6.71,13,0.52
Hunter Henry,TE,NE,NA,NA,3.13,35.27,NA,NA,0.21,NA,4.79,NA,hunter-henry,NumberFire,12676,0,0,0,NA,NA,NA,NA,NA,JAC,NA,NA,NA,NA,NA,NA,NA,NA,NA,NA,NA,NA,NA,NA,-0.01,9.59,#32,154,14,6.35,5300,1.2,7.93,3700,2.14,6.35,12,0.53
Mark Andrews,TE,BAL,NA,NA,2.51,33.33,NA,NA,0.23,NA,4.71,NA,mark-andrews,NumberFire,13671,0,0,0,NA,NA,NA,NA,NA,TB,NA,NA,NA,NA,NA,NA,NA,NA,NA,NA,NA,NA,NA,NA,-0.06,9.48,#19,157,15,5.95,5700,1.04,7.21,4000,1.8,5.95,13,0.46
Isaiah Likely,TE,BAL,NA,NA,2.69,34.59,NA,NA,0.19,NA,4.59,NA,isaiah-likely,NumberFire,15798,0,0,0,NA,NA,NA,NA,NA,TB,NA,NA,NA,NA,NA,NA,NA,NA,NA,NA,NA,NA,NA,NA,-0.14,9.32,#19,159,16,5.94,5500,1.08,7.3,4300,1.7,5.94,13,0.46
Noah Fant,TE,SEA,NA,NA,3.37,34.76,NA,NA,0.15,NA,4.42,NA,noah-fant,NumberFire,14137,0,0,0,NA,NA,NA,NA,NA,ATL,NA,NA,NA,NA,NA,NA,NA,NA,NA,NA,NA,NA,NA,NA,-0.25,9.09,#18,160,17,6.08,5100,1.19,7.77,3500,2.22,6.08,12,0.51
Pat Freiermuth,TE,PIT,NA,NA,3.06,30.36,NA,NA,0.18,NA,4.09,NA,pat-freiermuth,NumberFire,15331,0,0,0,NA,NA,NA,NA,NA,NYJ,NA,NA,NA,NA,NA,NA,NA,NA,NA,NA,NA,NA,NA,NA,-0.46,8.64,#11,167,18,5.63,5600,1.01,7.18,4400,1.63,5.63,13,0.43
Colby Parkinson,TE,LA,NA,NA,3.07,29.91,NA,NA,0.15,NA,3.89,NA,colby-parkinson,NumberFire,14871,0,0,0,NA,NA,NA,NA,NA,LV,NA,NA,NA,NA,NA,NA,NA,NA,NA,NA,NA,NA,NA,NA,-0.59,8.37,#20,175,19,5.43,5200,1.04,6.97,3800,1.83,5.43,10,0.54
Johnny Mundt,TE,MIN,NA,NA,2.52,23.11,NA,NA,0.19,NA,3.46,NA,johnny-mundt,NumberFire,13940,0,0,0,NA,NA,NA,NA,NA,DET,NA,NA,NA,NA,NA,NA,NA,NA,NA,NA,NA,NA,NA,NA,-0.87,7.79,#10,188,20,4.69,4700,1,5.96,2800,2.13,4.69,10,0.47
Jonnu Smith,TE,MIA,NA,NA,2.77,24.57,NA,NA,0.12,NA,3.44,NA,jonnu-smith,NumberFire,13193,0.29,1.55,0.03,NA,NA,NA,NA,NA,IND,NA,NA,NA,NA,NA,NA,NA,NA,NA,NA,NA,NA,NA,NA,-0.88,7.76,#23,189,21,4.88,5000,0.98,6.28,3400,1.85,4.88,10,0.49
Juwan Johnson,TE,NO,NA,NA,2.51,25.52,NA,NA,0.15,NA,3.42,NA,juwan-johnson,NumberFire,14861,0,0,0,NA,NA,NA,NA,NA,DEN,NA,NA,NA,NA,NA,NA,NA,NA,NA,NA,NA,NA,NA,NA,-0.89,7.73,#3,192,22,4.71,5200,0.91,5.97,3300,1.81,4.71,11,0.43
Chigoziem Okonkwo,TE,TEN,NA,NA,2.76,25.42,NA,NA,0.1,NA,3.13,NA,chigoziem-okonkwo,NumberFire,15889,0,0,0,NA,NA,NA,NA,NA,BUF,NA,NA,NA,NA,NA,NA,NA,NA,NA,NA,NA,NA,NA,NA,-1.08,7.34,#15,200,23,4.52,4800,0.94,5.91,3100,1.91,4.52,NA,NA
Erick All Jr.,TE,CIN,NA,NA,2.53,21.14,NA,NA,0.17,NA,3.11,NA,erick-all-jr,NumberFire,16645,0,0,0,NA,NA,NA,NA,NA,CLE,NA,NA,NA,NA,NA,NA,NA,NA,NA,NA,NA,NA,NA,NA,-1.09,7.31,#21,203,24,4.36,4700,0.93,5.64,2700,2.09,4.36,10,0.44
Theo Johnson,TE,NYG,NA,NA,2.59,24.41,NA,NA,0.1,NA,3.04,NA,theo-johnson,NumberFire,16649,0,0,0,NA,NA,NA,NA,NA,PHI,NA,NA,NA,NA,NA,NA,NA,NA,NA,NA,NA,NA,NA,NA,-1.14,7.22,#22,206,25,4.32,4900,0.88,5.62,2800,2.01,4.32,10,0.43
Tyler Conklin,TE,NYJ,NA,NA,2.4,23.55,NA,NA,0.11,NA,3.01,NA,tyler-conklin,NumberFire,13675,0,0,0,NA,NA,NA,NA,NA,PIT,NA,NA,NA,NA,NA,NA,NA,NA,NA,NA,NA,NA,NA,NA,-1.16,7.18,#5,207,26,4.18,5000,0.84,5.4,3500,1.54,4.18,12,0.35
Will Dissly,TE,LAC,NA,NA,2.1,21.41,NA,NA,0.14,NA,2.98,NA,will-dissly,NumberFire,13763,0,0,0,NA,NA,NA,NA,NA,ARI,NA,NA,NA,NA,NA,NA,NA,NA,NA,NA,NA,NA,NA,NA,-1.18,7.14,#29,208,27,3.99,4800,0.83,5.06,2800,1.81,3.99,10,0.4
Ja'Tavion Sanders,TE,CAR,NA,NA,2.31,20.61,NA,NA,0.14,NA,2.89,NA,ja-tavion-sanders,NumberFire,16643,0,0,0,NA,NA,NA,NA,NA,WSH,NA,NA,NA,NA,NA,NA,NA,NA,NA,NA,NA,NA,NA,NA,-1.24,7.02,#30,210,28,4.02,4900,0.82,5.19,2900,1.79,4.02,10,0.4
Hayden Hurst,TE,LAC,NA,NA,2.16,19.81,NA,NA,0.13,NA,2.73,NA,hayden-hurst,NumberFire,13680,0,0,0,NA,NA,NA,NA,NA,ARI,NA,NA,NA,NA,NA,NA,NA,NA,NA,NA,NA,NA,NA,NA,-1.34,6.8,#29,219,29,3.8,4500,0.84,4.9,2600,1.88,3.8,10,0.38
Taysom Hill,TE,NO,NA,NA,0.79,7.34,NA,NA,0.04,NA,2.68,NA,taysom-hill,NumberFire,13424,2.31,10.86,0.11,NA,NA,NA,NA,NA,DEN,NA,NA,NA,NA,NA,NA,NA,NA,NA,NA,NA,NA,NA,NA,-1.37,6.73,#3,221,30,3.08,6000,0.51,3.49,4000,0.87,3.08,14,0.22
Noah Gray,TE,KC,NA,NA,1.91,18.52,NA,NA,0.12,NA,2.57,NA,noah-gray-1,NumberFire,15337,0,0,0,NA,NA,NA,NA,NA,SF,NA,NA,NA,NA,NA,NA,NA,NA,NA,NA,NA,NA,NA,NA,-1.44,6.58,#14,226,31,3.51,4700,0.75,4.47,2800,1.6,3.51,10,0.35
Dallas Goedert,TE,PHI,NA,NA,1.79,17.42,NA,NA,0.08,NA,2.23,NA,dallas-goedert,NumberFire,13674,0,0,0,NA,NA,NA,NA,NA,NYG,NA,NA,NA,NA,NA,NA,NA,NA,NA,NA,NA,NA,NA,NA,-1.67,6.13,#13,236,32,3.1,6100,0.51,4,4700,0.85,3.1,17,0.18
Foster Moreau,TE,NO,NA,NA,1.57,16.84,NA,NA,0.09,NA,2.18,NA,foster-moreau,NumberFire,14239,0,0,0,NA,NA,NA,NA,NA,DEN,NA,NA,NA,NA,NA,NA,NA,NA,NA,NA,NA,NA,NA,NA,-1.7,6.06,#3,238,33,2.99,4800,0.62,3.78,3000,1.26,2.99,10,0.3
Austin Hooper,TE,NE,NA,NA,1.44,14.92,NA,NA,0.09,NA,2.01,NA,austin-hooper,NumberFire,12677,0,0,0,NA,NA,NA,NA,NA,JAC,NA,NA,NA,NA,NA,NA,NA,NA,NA,NA,NA,NA,NA,NA,-1.81,5.83,#32,240,34,2.75,4400,0.63,3.47,2700,1.29,2.75,10,0.28
Lucas Krull,TE,DEN,NA,NA,1.45,14.57,NA,NA,0.09,NA,1.96,NA,lucas-krull,NumberFire,15970,0,0,0,NA,NA,NA,NA,NA,NO,NA,NA,NA,NA,NA,NA,NA,NA,NA,NA,NA,NA,NA,NA,-1.84,5.76,#16,241,35,2.7,4300,0.63,3.44,2500,1.38,2.7,10,0.27
Ian Thomas,TE,CAR,NA,NA,1.46,14.15,NA,NA,0.09,NA,1.95,NA,ian-thomas,NumberFire,13678,0,0,0,NA,NA,NA,NA,NA,WSH,NA,NA,NA,NA,NA,NA,NA,NA,NA,NA,NA,NA,NA,NA,-1.85,5.75,#30,242,36,2.67,4200,0.64,3.41,2500,1.36,2.67,10,0.27
Brenton Strange,TE,JAC,NA,NA,1.34,12.52,NA,NA,0.09,NA,1.78,NA,brenton-strange,NumberFire,16269,0,0,0,NA,NA,NA,NA,NA,NE,NA,NA,NA,NA,NA,NA,NA,NA,NA,NA,NA,NA,NA,NA,-1.96,5.52,#25,246,37,2.44,4700,0.52,3.12,2800,1.11,2.44,10,0.24
Kylen Granson,TE,IND,NA,NA,1.18,12.91,NA,NA,0.08,NA,1.77,NA,kylen-granson,NumberFire,15419,0,0,0,NA,NA,NA,NA,NA,MIA,NA,NA,NA,NA,NA,NA,NA,NA,NA,NA,NA,NA,NA,NA,-1.96,5.5,#8,247,38,2.34,4300,0.54,2.94,2500,1.18,2.34,10,0.23
Harrison Bryant,TE,LV,NA,NA,1.31,12.7,NA,NA,0.09,NA,1.77,NA,harrison-bryant,NumberFire,14875,0,0,0,NA,NA,NA,NA,NA,LA,NA,NA,NA,NA,NA,NA,NA,NA,NA,NA,NA,NA,NA,NA,-1.96,5.5,#28,247,38,2.45,4400,0.56,3.11,2500,1.24,2.45,10,0.25
Mo Alie-Cox,TE,IND,NA,NA,0.95,11.61,NA,NA,0.08,NA,1.62,NA,mo-alie-cox,NumberFire,13246,0,0,0,NA,NA,NA,NA,NA,MIA,NA,NA,NA,NA,NA,NA,NA,NA,NA,NA,NA,NA,NA,NA,-2.06,5.3,#8,254,40,2.1,4700,0.45,2.58,2800,0.92,2.1,10,0.21
Connor Heyward,TE,PIT,NA,NA,1.21,11.03,NA,NA,0.08,NA,1.58,NA,connor-heyward,NumberFire,15800,0,0,0,NA,NA,NA,NA,NA,NYJ,NA,NA,NA,NA,NA,NA,NA,NA,NA,NA,NA,NA,NA,NA,-2.09,5.25,#11,257,41,2.17,4100,0.53,2.78,2500,1.11,2.17,10,0.22
Grant Calcaterra,TE,PHI,NA,NA,1.24,11.75,NA,NA,0.07,NA,1.56,NA,grant-calcaterra,NumberFire,15804,0,0,0,NA,NA,NA,NA,NA,NYG,NA,NA,NA,NA,NA,NA,NA,NA,NA,NA,NA,NA,NA,NA,-2.1,5.22,#13,258,42,2.2,5100,0.43,2.83,3200,0.88,2.2,10,0.22
Darnell Washington,TE,PIT,NA,NA,1.13,10.41,NA,NA,0.08,NA,1.49,NA,darnell-washington,NumberFire,16216,0,0,0,NA,NA,NA,NA,NA,NYJ,NA,NA,NA,NA,NA,NA,NA,NA,NA,NA,NA,NA,NA,NA,-2.14,5.12,#11,262,43,2.07,4500,0.46,2.64,2600,1.02,2.07,10,0.21
Josh Oliver,TE,MIN,NA,NA,1.04,9.83,NA,NA,0.08,NA,1.48,NA,josh-oliver,NumberFire,14209,0,0,0,NA,NA,NA,NA,NA,DET,NA,NA,NA,NA,NA,NA,NA,NA,NA,NA,NA,NA,NA,NA,-2.15,5.11,#10,264,44,1.96,4800,0.41,2.49,2900,0.86,1.96,10,0.2
Mike Gesicki,TE,CIN,NA,NA,1.1,10.03,NA,NA,0.07,NA,1.44,NA,michael-gesicki,NumberFire,13672,0,0,0,NA,NA,NA,NA,NA,CLE,NA,NA,NA,NA,NA,NA,NA,NA,NA,NA,NA,NA,NA,NA,-2.18,5.06,#21,266,45,1.97,5000,0.39,2.52,3000,0.84,1.97,10,0.2
Brock Wright,TE,DET,NA,NA,0.93,8.87,NA,NA,0.07,NA,1.3,NA,brock-wright,NumberFire,15626,0,0,0,NA,NA,NA,NA,NA,MIN,NA,NA,NA,NA,NA,NA,NA,NA,NA,NA,NA,NA,NA,NA,-2.27,4.87,#1,270,46,1.77,4200,0.42,2.24,2600,0.86,1.77,10,0.18
Will Mallory,TE,IND,NA,NA,0.89,9.12,NA,NA,0.06,NA,1.28,NA,will-mallory,NumberFire,16220,0,0,0,NA,NA,NA,NA,NA,MIA,NA,NA,NA,NA,NA,NA,NA,NA,NA,NA,NA,NA,NA,NA,-2.28,4.84,#8,273,47,1.7,4000,0.43,2.15,2500,0.86,1.7,10,0.17
Dawson Knox,TE,BUF,NA,NA,0.85,8.1,NA,NA,0.07,NA,1.25,NA,dawson-knox,NumberFire,14143,0,0,0,NA,NA,NA,NA,NA,TEN,NA,NA,NA,NA,NA,NA,NA,NA,NA,NA,NA,NA,NA,NA,-2.3,4.8,#6,274,48,1.64,4600,0.36,2.07,3000,0.69,1.64,10,0.16
Durham Smythe,TE,MIA,NA,NA,1,8.34,NA,NA,0.04,NA,1.08,NA,durham-smythe,NumberFire,13676,0,0,0,NA,NA,NA,NA,NA,IND,NA,NA,NA,NA,NA,NA,NA,NA,NA,NA,NA,NA,NA,NA,-2.41,4.57,#23,277,49,1.57,4200,0.37,2.07,2600,0.8,1.57,10,0.16
Stone Smartt,TE,LAC,NA,NA,0.77,7.6,NA,NA,0.05,NA,1.07,NA,stone-smartt,NumberFire,16113,0,0,0,NA,NA,NA,NA,NA,ARI,NA,NA,NA,NA,NA,NA,NA,NA,NA,NA,NA,NA,NA,NA,-2.42,4.56,#29,278,50,1.45,4000,0.36,1.83,2500,0.73,1.45,10,0.15
Jody Fortson,TE,KC,NA,NA,0.71,6.59,NA,NA,0.05,NA,0.94,NA,jody-fortson,NumberFire,15070,0,0,0,NA,NA,NA,NA,NA,SF,NA,NA,NA,NA,NA,NA,NA,NA,NA,NA,NA,NA,NA,NA,-2.5,4.38,#14,282,51,1.29,4000,0.32,1.66,2500,0.66,1.29,10,0.13
Davis Allen,TE,LA,NA,NA,0.69,6.27,NA,NA,0.04,NA,0.88,NA,davis-allen,NumberFire,16219,0,0,0,NA,NA,NA,NA,NA,LV,NA,NA,NA,NA,NA,NA,NA,NA,NA,NA,NA,NA,NA,NA,-2.54,4.3,#20,284,52,1.21,4000,0.3,1.56,2500,0.62,1.21,10,0.12
Andrew Ogletree,TE,IND,NA,NA,0.59,6.18,NA,NA,0.04,NA,0.88,NA,andrew-ogletree,NumberFire,15916,0,0,0,NA,NA,NA,NA,NA,MIA,NA,NA,NA,NA,NA,NA,NA,NA,NA,NA,NA,NA,NA,NA,-2.54,4.3,#8,284,52,1.15,4600,0.25,1.45,NA,NA,1.15,NA,NA
Jack Stoll,TE,PHI,NA,NA,0.72,6.32,NA,NA,0.04,NA,0.86,NA,jack-stoll,NumberFire,15541,0,0,0,NA,NA,NA,NA,NA,NYG,NA,NA,NA,NA,NA,NA,NA,NA,NA,NA,NA,NA,NA,NA,-2.55,4.27,#13,286,54,1.23,4000,0.31,1.59,2700,0.59,1.23,10,0.12
Josh Whyle,TE,TEN,NA,NA,0.74,6.54,NA,NA,0.03,NA,0.85,NA,josh-whyle,NumberFire,16312,0,0,0,NA,NA,NA,NA,NA,BUF,NA,NA,NA,NA,NA,NA,NA,NA,NA,NA,NA,NA,NA,NA,-2.56,4.26,#15,288,55,1.2,4300,0.28,1.57,2500,0.63,1.2,10,0.12
Drew Sample,TE,CIN,NA,NA,0.73,5.57,NA,NA,0.05,NA,0.83,NA,drew-sample,NumberFire,14146,0,0,0,NA,NA,NA,NA,NA,CLE,NA,NA,NA,NA,NA,NA,NA,NA,NA,NA,NA,NA,NA,NA,-2.57,4.23,#21,290,56,1.2,4200,0.29,1.58,2500,0.63,1.2,10,0.12
Cade Stover,TE,HOU,NA,NA,0.5,5.56,NA,NA,0.03,NA,0.74,NA,cade-stover,NumberFire,16642,0,0,0,NA,NA,NA,NA,NA,GB,NA,NA,NA,NA,NA,NA,NA,NA,NA,NA,NA,NA,NA,NA,-2.63,4.11,#7,292,57,0.99,4200,0.24,1.24,2500,0.5,0.99,10,0.1
Hunter Long,TE,LA,NA,NA,0.57,5.18,NA,NA,0.03,NA,0.72,NA,hunter-long,NumberFire,15334,0,0,0,NA,NA,NA,NA,NA,LV,NA,NA,NA,NA,NA,NA,NA,NA,NA,NA,NA,NA,NA,NA,-2.64,4.08,#20,295,58,0.98,4300,0.23,1.27,2500,0.51,0.98,10,0.1
AJ Barner,TE,SEA,NA,NA,0.55,5.01,NA,NA,0.03,NA,0.69,NA,aj-barner,NumberFire,16723,0,0,0,NA,NA,NA,NA,NA,ATL,NA,NA,NA,NA,NA,NA,NA,NA,NA,NA,NA,NA,NA,NA,-2.66,4.04,#18,297,59,0.96,4300,0.22,1.23,2500,0.49,0.96,10,0.1
Charlie Kolar,TE,BAL,NA,NA,0.4,4.77,NA,NA,0.03,NA,0.67,NA,charlie-kolar,NumberFire,15795,0,0,0,NA,NA,NA,NA,NA,TB,NA,NA,NA,NA,NA,NA,NA,NA,NA,NA,NA,NA,NA,NA,-2.68,4.02,#19,299,60,0.86,4400,0.2,1.06,2600,0.41,0.86,10,0.09
Tommy Tremble,TE,CAR,NA,NA,0.5,4.81,NA,NA,0.03,NA,0.67,NA,tommy-tremble,NumberFire,15332,0,0,0,NA,NA,NA,NA,NA,WSH,NA,NA,NA,NA,NA,NA,NA,NA,NA,NA,NA,NA,NA,NA,-2.68,4.02,#30,299,60,0.91,4500,0.2,1.16,2900,0.4,0.91,10,0.09
Ben Sims,TE,GB,NA,NA,0.47,4.4,NA,NA,0.04,NA,0.66,NA,ben-sims,NumberFire,16483,0,0,0,NA,NA,NA,NA,NA,HOU,NA,NA,NA,NA,NA,NA,NA,NA,NA,NA,NA,NA,NA,NA,-2.68,4,#12,302,62,0.92,4300,0.21,1.15,2600,0.44,0.92,10,0.09
Jeremy Ruckert,TE,NYJ,NA,NA,0.45,4.11,NA,NA,0.03,NA,0.57,NA,jeremy-ruckert,NumberFire,15796,0,0,0,NA,NA,NA,NA,NA,PIT,NA,NA,NA,NA,NA,NA,NA,NA,NA,NA,NA,NA,NA,NA,-2.74,3.88,#5,307,63,0.82,4500,0.18,1.04,2500,0.42,0.82,10,0.08
Nate Adkins,TE,DEN,NA,NA,0.42,3.92,NA,NA,0.02,NA,0.54,NA,nate-adkins,NumberFire,16474,0,0,0,NA,NA,NA,NA,NA,NO,NA,NA,NA,NA,NA,NA,NA,NA,NA,NA,NA,NA,NA,NA,-2.76,3.84,#16,309,64,0.72,4200,0.17,0.93,2500,0.37,0.72,10,0.07
Jordan Akins,TE,CLE,NA,NA,0.4,4.03,NA,NA,0.02,NA,0.53,NA,jordan-akins,NumberFire,13753,0,0,0,NA,NA,NA,NA,NA,CIN,NA,NA,NA,NA,NA,NA,NA,NA,NA,NA,NA,NA,NA,NA,-2.77,3.83,#27,310,65,0.72,4700,0.15,0.92,2700,0.34,0.72,10,0.07
Adam Trautman,TE,DEN,NA,NA,0.21,2.22,NA,NA,0.01,NA,0.3,NA,adam-trautman,NumberFire,14870,0,0,0,NA,NA,NA,NA,NA,NO,NA,NA,NA,NA,NA,NA,NA,NA,NA,NA,NA,NA,NA,NA,-2.92,3.52,#16,320,66,0.39,4500,0.09,0.49,2600,0.19,0.39,10,0.04
Greg Dulcich,TE,DEN,NA,NA,0.2,2.15,NA,NA,0.01,NA,0.29,NA,greg-dulcich,NumberFire,15797,0,0,0,NA,NA,NA,NA,NA,NO,NA,NA,NA,NA,NA,NA,NA,NA,NA,NA,NA,NA,NA,NA,-2.92,3.5,#16,321,67,0.38,4100,0.09,0.48,2500,0.19,0.38,10,0.04
Daniel Bellinger,TE,NYG,NA,NA,0.24,2.13,NA,NA,0.01,NA,0.28,NA,daniel-bellinger,NumberFire,15873,0,0,0,NA,NA,NA,NA,NA,PHI,NA,NA,NA,NA,NA,NA,NA,NA,NA,NA,NA,NA,NA,NA,-2.93,3.49,#22,324,68,0.39,4400,0.09,0.51,2500,0.2,0.39,10,0.04
Elijah Higgins,TE,ARI,NA,NA,0.21,1.9,NA,NA,0.01,NA,0.26,NA,elijah-higgins,NumberFire,16333,0,0,0,NA,NA,NA,NA,NA,LAC,NA,NA,NA,NA,NA,NA,NA,NA,NA,NA,NA,NA,NA,NA,-2.94,3.46,#4,328,69,0.36,4500,0.08,0.46,2700,0.17,0.36,10,0.04
Charlie Woerner,TE,ATL,NA,NA,0.13,1.24,NA,NA,0.01,NA,0.19,NA,charlie-woerner,NumberFire,14984,0,0,0,NA,NA,NA,NA,NA,SEA,NA,NA,NA,NA,NA,NA,NA,NA,NA,NA,NA,NA,NA,NA,-2.99,3.37,#17,336,70,0.25,4200,0.06,0.31,2500,0.12,0.25,10,0.03
Pharaoh Brown,TE,SEA,NA,NA,0.14,1.32,NA,NA,0.01,NA,0.18,NA,pharaoh-brown,NumberFire,13994,0,0,0,NA,NA,NA,NA,NA,ATL,NA,NA,NA,NA,NA,NA,NA,NA,NA,NA,NA,NA,NA,NA,-2.99,3.35,#18,341,71,0.26,4000,0.07,0.33,2700,0.12,0.26,10,0.03
John Bates,TE,WSH,NA,NA,0.12,1.09,NA,NA,0.01,NA,0.16,NA,john-bates,NumberFire,15344,0,0,0,NA,NA,NA,NA,NA,CAR,NA,NA,NA,NA,NA,NA,NA,NA,NA,NA,NA,NA,NA,NA,-3.01,3.33,#31,346,72,0.23,4200,0.05,0.29,2500,0.12,0.23,10,0.02
Luke Farrell,TE,JAC,NA,NA,0.11,1.07,NA,NA,0.01,NA,0.15,NA,luke-farrell,NumberFire,15335,0,0,0,NA,NA,NA,NA,NA,NE,NA,NA,NA,NA,NA,NA,NA,NA,NA,NA,NA,NA,NA,NA,-3.01,3.31,#25,349,73,0.22,4100,0.05,0.28,2500,0.11,0.22,10,0.02
Josiah Deguara,TE,JAC,NA,NA,0.12,1.06,NA,NA,0.01,NA,0.15,NA,josiah-deguara,NumberFire,14876,0,0,0,NA,NA,NA,NA,NA,NE,NA,NA,NA,NA,NA,NA,NA,NA,NA,NA,NA,NA,NA,NA,-3.01,3.31,#25,349,73,0.23,4000,0.06,0.29,2500,0.12,0.23,10,0.02
Blake Whiteheart,TE,CLE,NA,NA,0.1,0.94,NA,NA,0.01,NA,0.13,NA,blake-whiteheart,NumberFire,16940,0,0,0,NA,NA,NA,NA,NA,CIN,NA,NA,NA,NA,NA,NA,NA,NA,NA,NA,NA,NA,NA,NA,-3.03,3.29,#27,352,75,0.2,4200,0.05,0.25,2500,0.1,0.2,10,0.02
Tip Reiman,TE,ARI,NA,NA,0.1,0.92,NA,NA,0.01,NA,0.13,NA,tip-reiman,NumberFire,16706,0,0,0,NA,NA,NA,NA,NA,LAC,NA,NA,NA,NA,NA,NA,NA,NA,NA,NA,NA,NA,NA,NA,-3.03,3.29,#4,352,75,0.2,4100,0.05,0.25,2500,0.1,0.2,10,0.02
Travis Kelce,TE,KC,NA,NA,5.71,60.34,NA,NA,0.47,0.07,14.45,NA,2540258,NFL,11244,NA,0.27,NA,NA,NA,NA,NA,NA,NA,NA,NA,NA,NA,NA,NA,NA,NA,NA,NA,NA,NA,NA,NA,NA,NA,NA,NA,NA,NA,NA,NA,NA,NA,NA,NA,NA,NA
Brock Bowers,TE,LV,NA,NA,5.28,58.34,NA,NA,0.41,0.06,13.45,NA,2572219,NFL,16641,NA,NA,NA,NA,NA,NA,NA,NA,NA,NA,NA,NA,NA,NA,NA,NA,NA,NA,NA,NA,NA,NA,NA,NA,NA,NA,NA,NA,NA,NA,NA,NA,NA,NA,NA,NA,NA
George Kittle,TE,SF,NA,NA,4.44,58.42,NA,NA,0.43,0.06,12.78,NA,2558266,NFL,13299,NA,0.36,NA,NA,NA,NA,NA,NA,NA,NA,NA,NA,NA,NA,NA,NA,NA,NA,NA,NA,NA,NA,NA,NA,NA,NA,NA,NA,NA,NA,NA,NA,NA,NA,NA,NA,NA
Trey McBride,TE,ARI,NA,NA,5.07,51.5,NA,NA,0.38,0.06,12.38,NA,2568117,NFL,15794,NA,NA,NA,NA,NA,NA,NA,NA,NA,NA,NA,NA,NA,NA,NA,NA,NA,NA,NA,NA,NA,NA,NA,NA,NA,NA,NA,NA,NA,NA,NA,NA,NA,NA,NA,NA,NA
Evan Engram,TE,JAX,NA,NA,4.93,47.62,NA,NA,0.27,0.07,11.17,NA,2557858,NFL,13189,NA,NA,NA,NA,NA,NA,NA,NA,NA,NA,NA,NA,NA,NA,NA,NA,NA,NA,NA,NA,NA,NA,NA,NA,NA,NA,NA,NA,NA,NA,NA,NA,NA,NA,NA,NA,NA
Dalton Kincaid,TE,BUF,NA,NA,4.27,44.29,NA,NA,0.28,0.06,10.26,NA,2569594,NFL,16213,NA,NA,NA,NA,NA,NA,NA,NA,NA,NA,NA,NA,NA,NA,NA,NA,NA,NA,NA,NA,NA,NA,NA,NA,NA,NA,NA,NA,NA,NA,NA,NA,NA,NA,NA,NA,NA
David Njoku,TE,CLE,NA,NA,3.99,40.73,NA,NA,0.25,0.06,9.44,NA,2557986,NFL,13192,NA,NA,NA,NA,NA,NA,NA,NA,NA,NA,NA,NA,NA,NA,NA,NA,NA,NA,NA,NA,NA,NA,NA,NA,NA,NA,NA,NA,NA,NA,NA,NA,NA,NA,NA,NA,NA
Dalton Schultz,TE,HOU,NA,NA,3.68,38.71,NA,NA,0.31,0.07,9.27,NA,2560866,NFL,13772,NA,NA,NA,NA,NA,NA,NA,NA,NA,NA,NA,NA,NA,NA,NA,NA,NA,NA,NA,NA,NA,NA,NA,NA,NA,NA,NA,NA,NA,NA,NA,NA,NA,NA,NA,NA,NA
Sam LaPorta,TE,DET,NA,NA,3.66,38.85,NA,NA,0.29,0.05,9.19,NA,2569726,NFL,16214,NA,NA,NA,NA,NA,NA,NA,NA,NA,NA,NA,NA,NA,NA,NA,NA,NA,NA,NA,NA,NA,NA,NA,NA,NA,NA,NA,NA,NA,NA,NA,NA,NA,NA,NA,NA,NA
Pat Freiermuth,TE,PIT,NA,NA,3.67,39.39,NA,NA,0.28,0.06,9.17,NA,2566442,NFL,15331,NA,NA,NA,NA,NA,NA,NA,NA,NA,NA,NA,NA,NA,NA,NA,NA,NA,NA,NA,NA,NA,NA,NA,NA,NA,NA,NA,NA,NA,NA,NA,NA,NA,NA,NA,NA,NA
Kyle Pitts,TE,ATL,NA,NA,3.3,41.09,NA,NA,0.3,0.06,9.09,NA,2565830,NFL,15329,NA,NA,NA,NA,NA,NA,NA,NA,NA,NA,NA,NA,NA,NA,NA,NA,NA,NA,NA,NA,NA,NA,NA,NA,NA,NA,NA,NA,NA,NA,NA,NA,NA,NA,NA,NA,NA
Tucker Kraft,TE,GB,NA,NA,3.47,36.15,NA,NA,0.3,NA,8.89,NA,2569768,NFL,16222,NA,NA,NA,NA,NA,NA,NA,NA,NA,NA,NA,NA,NA,NA,NA,NA,NA,NA,NA,NA,NA,NA,NA,NA,NA,NA,NA,NA,NA,NA,NA,NA,NA,NA,NA,NA,NA
Dallas Goedert,TE,PHI,NA,NA,3.59,38.69,NA,NA,0.21,0.05,8.62,NA,2560995,NFL,13674,NA,NA,NA,NA,NA,NA,NA,NA,NA,NA,NA,NA,NA,NA,NA,NA,NA,NA,NA,NA,NA,NA,NA,NA,NA,NA,NA,NA,NA,NA,NA,NA,NA,NA,NA,NA,NA
Colby Parkinson,TE,LAR,NA,NA,3.38,36.2,NA,NA,0.24,NA,8.44,NA,2565180,NFL,14871,NA,NA,NA,NA,NA,NA,NA,NA,NA,NA,NA,NA,NA,NA,NA,NA,NA,NA,NA,NA,NA,NA,NA,NA,NA,NA,NA,NA,NA,NA,NA,NA,NA,NA,NA,NA,NA
Mark Andrews,TE,BAL,NA,NA,2.85,35.92,NA,NA,0.29,0.06,8.06,NA,2560957,NFL,13671,NA,NA,NA,NA,NA,NA,NA,NA,NA,NA,NA,NA,NA,NA,NA,NA,NA,NA,NA,NA,NA,NA,NA,NA,NA,NA,NA,NA,NA,NA,NA,NA,NA,NA,NA,NA,NA
Noah Fant,TE,SEA,NA,NA,3.35,33.96,NA,NA,0.2,NA,7.95,NA,2562383,NFL,14137,NA,NA,NA,NA,NA,NA,NA,NA,NA,NA,NA,NA,NA,NA,NA,NA,NA,NA,NA,NA,NA,NA,NA,NA,NA,NA,NA,NA,NA,NA,NA,NA,NA,NA,NA,NA,NA
Cade Otton,TE,TB,NA,NA,3.04,30.6,NA,NA,0.24,NA,7.54,NA,2568312,NFL,15802,NA,NA,NA,NA,NA,NA,NA,NA,NA,NA,NA,NA,NA,NA,NA,NA,NA,NA,NA,NA,NA,NA,NA,NA,NA,NA,NA,NA,NA,NA,NA,NA,NA,NA,NA,NA,NA
Zach Ertz,TE,WAS,NA,NA,3.05,30.3,NA,NA,0.2,NA,7.28,NA,2540158,NFL,11247,NA,NA,NA,NA,NA,NA,NA,NA,NA,NA,NA,NA,NA,NA,NA,NA,NA,NA,NA,NA,NA,NA,NA,NA,NA,NA,NA,NA,NA,NA,NA,NA,NA,NA,NA,NA,NA
T.J. Hockenson,TE,MIN,NA,NA,3.04,31.25,NA,NA,0.2,0.05,7.27,NA,2562378,NFL,14138,NA,NA,NA,NA,NA,NA,NA,NA,NA,NA,NA,NA,NA,NA,NA,NA,NA,NA,NA,NA,NA,NA,NA,NA,NA,NA,NA,NA,NA,NA,NA,NA,NA,NA,NA,NA,NA
Taysom Hill,TE,NO,NA,NA,1.31,13.5,NA,NA,0.1,NA,6.7,NA,2558954,NFL,13424,NA,20.54,0.2,NA,NA,4.6,NA,NA,NA,NA,NA,NA,NA,NA,NA,NA,NA,NA,NA,NA,NA,NA,NA,NA,NA,NA,NA,NA,NA,NA,NA,NA,NA,NA,NA,NA,NA
Hunter Henry,TE,NE,NA,NA,2.74,27.5,NA,NA,0.18,NA,6.57,NA,2555341,NFL,12676,NA,NA,NA,NA,NA,NA,NA,NA,NA,NA,NA,NA,NA,NA,NA,NA,NA,NA,NA,NA,NA,NA,NA,NA,NA,NA,NA,NA,NA,NA,NA,NA,NA,NA,NA,NA,NA
Isaiah Likely,TE,BAL,NA,NA,2.42,26.85,NA,NA,0.21,NA,6.37,NA,2567283,NFL,15798,NA,NA,NA,NA,NA,NA,NA,NA,NA,NA,NA,NA,NA,NA,NA,NA,NA,NA,NA,NA,NA,NA,NA,NA,NA,NA,NA,NA,NA,NA,NA,NA,NA,NA,NA,NA,NA
Tyler Conklin,TE,NYJ,NA,NA,2.52,25.21,NA,NA,0.16,NA,6,NA,2561027,NFL,13675,NA,NA,NA,NA,NA,NA,NA,NA,NA,NA,NA,NA,NA,NA,NA,NA,NA,NA,NA,NA,NA,NA,NA,NA,NA,NA,NA,NA,NA,NA,NA,NA,NA,NA,NA,NA,NA
Juwan Johnson,TE,NO,NA,NA,2.17,24.37,NA,NA,0.2,NA,5.81,NA,2564676,NFL,14861,NA,NA,NA,NA,NA,NA,NA,NA,NA,NA,NA,NA,NA,NA,NA,NA,NA,NA,NA,NA,NA,NA,NA,NA,NA,NA,NA,NA,NA,NA,NA,NA,NA,NA,NA,NA,NA
Ja'Tavion Sanders,TE,CAR,NA,NA,2.18,24.2,NA,NA,0.2,NA,5.8,NA,2571892,NFL,16643,NA,NA,NA,NA,NA,NA,NA,NA,NA,NA,NA,NA,NA,NA,NA,NA,NA,NA,NA,NA,NA,NA,NA,NA,NA,NA,NA,NA,NA,NA,NA,NA,NA,NA,NA,NA,NA
Jonnu Smith,TE,MIA,NA,NA,2.19,22.07,NA,NA,0.18,NA,5.48,NA,2558207,NFL,13193,NA,NA,NA,NA,NA,NA,NA,NA,NA,NA,NA,NA,NA,NA,NA,NA,NA,NA,NA,NA,NA,NA,NA,NA,NA,NA,NA,NA,NA,NA,NA,NA,NA,NA,NA,NA,NA
Erick All,TE,CIN,NA,NA,2.03,19.23,NA,NA,0.18,NA,5.03,NA,2571916,NFL,16645,NA,NA,NA,NA,NA,NA,NA,NA,NA,NA,NA,NA,NA,NA,NA,NA,NA,NA,NA,NA,NA,NA,NA,NA,NA,NA,NA,NA,NA,NA,NA,NA,NA,NA,NA,NA,NA
Noah Gray,TE,KC,NA,NA,1.76,18.61,NA,NA,0.17,NA,4.64,NA,2566178,NFL,15337,NA,NA,NA,NA,NA,NA,NA,NA,NA,NA,NA,NA,NA,NA,NA,NA,NA,NA,NA,NA,NA,NA,NA,NA,NA,NA,NA,NA,NA,NA,NA,NA,NA,NA,NA,NA,NA
Will Dissly,TE,LAC,NA,NA,1.69,17.26,NA,NA,0.17,NA,4.44,NA,2561046,NFL,13763,NA,NA,NA,NA,NA,NA,NA,NA,NA,NA,NA,NA,NA,NA,NA,NA,NA,NA,NA,NA,NA,NA,NA,NA,NA,NA,NA,NA,NA,NA,NA,NA,NA,NA,NA,NA,NA
Chig Okonkwo,TE,TEN,NA,NA,1.82,18.56,NA,NA,0.13,0.04,4.39,NA,2567658,NFL,15889,NA,0.18,NA,NA,NA,NA,NA,NA,NA,NA,NA,NA,NA,NA,NA,NA,NA,NA,NA,NA,NA,NA,NA,NA,NA,NA,NA,NA,NA,NA,NA,NA,NA,NA,NA,NA,NA
Johnny Mundt,TE,MIN,NA,NA,1.83,18.88,NA,NA,0.11,NA,4.38,NA,2558875,NFL,13940,NA,NA,NA,NA,NA,NA,NA,NA,NA,NA,NA,NA,NA,NA,NA,NA,NA,NA,NA,NA,NA,NA,NA,NA,NA,NA,NA,NA,NA,NA,NA,NA,NA,NA,NA,NA,NA
Hayden Hurst,TE,LAC,NA,NA,1.73,17.76,NA,NA,0.12,NA,4.23,NA,2560747,NFL,13680,NA,NA,NA,NA,NA,NA,NA,NA,NA,NA,NA,NA,NA,NA,NA,NA,NA,NA,NA,NA,NA,NA,NA,NA,NA,NA,NA,NA,NA,NA,NA,NA,NA,NA,NA,NA,NA
Harrison Bryant,TE,LV,NA,NA,1.69,17.42,NA,NA,0.13,NA,4.21,NA,2563767,NFL,14875,NA,NA,NA,NA,NA,NA,NA,NA,NA,NA,NA,NA,NA,NA,NA,NA,NA,NA,NA,NA,NA,NA,NA,NA,NA,NA,NA,NA,NA,NA,NA,NA,NA,NA,NA,NA,NA
Mike Gesicki,TE,CIN,NA,NA,1.59,17.48,NA,NA,0.13,NA,4.12,NA,2560994,NFL,13672,NA,NA,NA,NA,NA,NA,NA,NA,NA,NA,NA,NA,NA,NA,NA,NA,NA,NA,NA,NA,NA,NA,NA,NA,NA,NA,NA,NA,NA,NA,NA,NA,NA,NA,NA,NA,NA
Foster Moreau,TE,NO,NA,NA,1.45,15.29,NA,NA,0.13,NA,3.76,NA,2562317,NFL,14239,NA,NA,NA,NA,NA,NA,NA,NA,NA,NA,NA,NA,NA,NA,NA,NA,NA,NA,NA,NA,NA,NA,NA,NA,NA,NA,NA,NA,NA,NA,NA,NA,NA,NA,NA,NA,NA
Austin Hooper,TE,NE,NA,NA,1.42,14.08,NA,NA,0.13,NA,3.61,NA,2555415,NFL,12677,NA,NA,NA,NA,NA,NA,NA,NA,NA,NA,NA,NA,NA,NA,NA,NA,NA,NA,NA,NA,NA,NA,NA,NA,NA,NA,NA,NA,NA,NA,NA,NA,NA,NA,NA,NA,NA
Dawson Knox,TE,BUF,NA,NA,1.28,13.99,NA,NA,0.13,NA,3.46,NA,2562681,NFL,14143,NA,NA,NA,NA,NA,NA,NA,NA,NA,NA,NA,NA,NA,NA,NA,NA,NA,NA,NA,NA,NA,NA,NA,NA,NA,NA,NA,NA,NA,NA,NA,NA,NA,NA,NA,NA,NA
Josh Whyle,TE,TEN,NA,NA,1.29,13.25,NA,NA,0.08,NA,3.1,NA,2569810,NFL,16312,NA,NA,NA,NA,NA,NA,NA,NA,NA,NA,NA,NA,NA,NA,NA,NA,NA,NA,NA,NA,NA,NA,NA,NA,NA,NA,NA,NA,NA,NA,NA,NA,NA,NA,NA,NA,NA
Tommy Tremble,TE,CAR,NA,NA,1.25,13.24,NA,NA,0.08,NA,3.05,NA,2565914,NFL,15332,NA,NA,NA,NA,NA,NA,NA,NA,NA,NA,NA,NA,NA,NA,NA,NA,NA,NA,NA,NA,NA,NA,NA,NA,NA,NA,NA,NA,NA,NA,NA,NA,NA,NA,NA,NA,NA
Adam Trautman,TE,DEN,NA,NA,1.23,12.35,NA,NA,0.09,NA,3.01,NA,2564703,NFL,14870,NA,NA,NA,NA,NA,NA,NA,NA,NA,NA,NA,NA,NA,NA,NA,NA,NA,NA,NA,NA,NA,NA,NA,NA,NA,NA,NA,NA,NA,NA,NA,NA,NA,NA,NA,NA,NA
Jeremy Ruckert,TE,NYJ,NA,NA,1.02,10.76,NA,NA,0.06,NA,2.46,NA,2568042,NFL,15796,NA,NA,NA,NA,NA,NA,NA,NA,NA,NA,NA,NA,NA,NA,NA,NA,NA,NA,NA,NA,NA,NA,NA,NA,NA,NA,NA,NA,NA,NA,NA,NA,NA,NA,NA,NA,NA
Mo Alie-Cox,TE,IND,NA,NA,0.93,9.8,NA,NA,0.09,NA,2.45,NA,2558832,NFL,13246,NA,NA,NA,NA,NA,NA,NA,NA,NA,NA,NA,NA,NA,NA,NA,NA,NA,NA,NA,NA,NA,NA,NA,NA,NA,NA,NA,NA,NA,NA,NA,NA,NA,NA,NA,NA,NA
Cade Stover,TE,HOU,NA,NA,0.98,10.42,NA,NA,0.07,NA,2.44,NA,2572105,NFL,16642,NA,NA,NA,NA,NA,NA,NA,NA,NA,NA,NA,NA,NA,NA,NA,NA,NA,NA,NA,NA,NA,NA,NA,NA,NA,NA,NA,NA,NA,NA,NA,NA,NA,NA,NA,NA,NA
Grant Calcaterra,TE,PHI,NA,NA,1,9.3,NA,NA,0.03,NA,2.11,NA,2568063,NFL,15804,NA,NA,NA,NA,NA,NA,NA,NA,NA,NA,NA,NA,NA,NA,NA,NA,NA,NA,NA,NA,NA,NA,NA,NA,NA,NA,NA,NA,NA,NA,NA,NA,NA,NA,NA,NA,NA
Elijah Higgins,TE,ARI,NA,NA,0.86,8.78,NA,NA,0.06,NA,2.1,NA,2570068,NFL,16333,NA,NA,NA,NA,NA,NA,NA,NA,NA,NA,NA,NA,NA,NA,NA,NA,NA,NA,NA,NA,NA,NA,NA,NA,NA,NA,NA,NA,NA,NA,NA,NA,NA,NA,NA,NA,NA
Davis Allen,TE,LAR,NA,NA,0.83,8.39,NA,NA,0.06,NA,2.03,NA,2570017,NFL,16219,NA,NA,NA,NA,NA,NA,NA,NA,NA,NA,NA,NA,NA,NA,NA,NA,NA,NA,NA,NA,NA,NA,NA,NA,NA,NA,NA,NA,NA,NA,NA,NA,NA,NA,NA,NA,NA
Brenton Strange,TE,JAX,NA,NA,0.82,8.25,NA,NA,0.06,NA,2.01,NA,2569912,NFL,16269,NA,NA,NA,NA,NA,NA,NA,NA,NA,NA,NA,NA,NA,NA,NA,NA,NA,NA,NA,NA,NA,NA,NA,NA,NA,NA,NA,NA,NA,NA,NA,NA,NA,NA,NA,NA,NA
Kylen Granson,TE,IND,NA,NA,0.71,7.21,NA,NA,0.05,NA,1.73,NA,2566145,NFL,15419,NA,NA,NA,NA,NA,NA,NA,NA,NA,NA,NA,NA,NA,NA,NA,NA,NA,NA,NA,NA,NA,NA,NA,NA,NA,NA,NA,NA,NA,NA,NA,NA,NA,NA,NA,NA,NA
Jordan Akins,TE,CLE,NA,NA,0.67,6.71,NA,NA,0.05,NA,1.64,NA,2560951,NFL,13753,NA,NA,NA,NA,NA,NA,NA,NA,NA,NA,NA,NA,NA,NA,NA,NA,NA,NA,NA,NA,NA,NA,NA,NA,NA,NA,NA,NA,NA,NA,NA,NA,NA,NA,NA,NA,NA
Josh Oliver,TE,MIN,NA,NA,0.62,6.5,NA,NA,0.06,NA,1.63,NA,2562693,NFL,14209,NA,NA,NA,NA,NA,NA,NA,NA,NA,NA,NA,NA,NA,NA,NA,NA,NA,NA,NA,NA,NA,NA,NA,NA,NA,NA,NA,NA,NA,NA,NA,NA,NA,NA,NA,NA,NA
Luke Farrell,TE,JAX,NA,NA,0.63,6.32,NA,NA,0.04,NA,1.5,NA,2566160,NFL,15335,NA,NA,NA,NA,NA,NA,NA,NA,NA,NA,NA,NA,NA,NA,NA,NA,NA,NA,NA,NA,NA,NA,NA,NA,NA,NA,NA,NA,NA,NA,NA,NA,NA,NA,NA,NA,NA
Ian Thomas,TE,CAR,NA,NA,0.7,7.71,NA,NA,NA,NA,1.47,NA,2560894,NFL,13678,NA,NA,NA,NA,NA,NA,NA,NA,NA,NA,NA,NA,NA,NA,NA,NA,NA,NA,NA,NA,NA,NA,NA,NA,NA,NA,NA,NA,NA,NA,NA,NA,NA,NA,NA,NA,NA
Durham Smythe,TE,MIA,NA,NA,0.53,5.37,NA,NA,0.06,NA,1.43,NA,2560880,NFL,13676,NA,NA,NA,NA,NA,NA,NA,NA,NA,NA,NA,NA,NA,NA,NA,NA,NA,NA,NA,NA,NA,NA,NA,NA,NA,NA,NA,NA,NA,NA,NA,NA,NA,NA,NA,NA,NA
Quintin Morris,TE,BUF,NA,NA,0.5,5.04,NA,NA,0.06,NA,1.36,NA,2566641,NFL,15341,NA,NA,NA,NA,NA,NA,NA,NA,NA,NA,NA,NA,NA,NA,NA,NA,NA,NA,NA,NA,NA,NA,NA,NA,NA,NA,NA,NA,NA,NA,NA,NA,NA,NA,NA,NA,NA
Darnell Washington,TE,PIT,NA,NA,0.55,5.65,NA,NA,0.04,NA,1.36,NA,2570257,NFL,16216,NA,NA,NA,NA,NA,NA,NA,NA,NA,NA,NA,NA,NA,NA,NA,NA,NA,NA,NA,NA,NA,NA,NA,NA,NA,NA,NA,NA,NA,NA,NA,NA,NA,NA,NA,NA,NA
MyCole Pruitt,TE,PIT,NA,NA,0.55,4.52,NA,NA,0.05,NA,1.3,NA,2552401,NFL,12309,NA,NA,NA,NA,NA,NA,NA,NA,NA,NA,NA,NA,NA,NA,NA,NA,NA,NA,NA,NA,NA,NA,NA,NA,NA,NA,NA,NA,NA,NA,NA,NA,NA,NA,NA,NA,NA
Pharaoh Brown,TE,SEA,NA,NA,0.42,4.34,NA,NA,0.06,NA,1.21,NA,2559018,NFL,13994,NA,NA,NA,NA,NA,NA,NA,NA,NA,NA,NA,NA,NA,NA,NA,NA,NA,NA,NA,NA,NA,NA,NA,NA,NA,NA,NA,NA,NA,NA,NA,NA,NA,NA,NA,NA,NA
Tanner Hudson,TE,CIN,NA,NA,0.44,4.41,NA,NA,0.04,NA,1.12,NA,2561215,NFL,14370,NA,NA,NA,NA,NA,NA,NA,NA,NA,NA,NA,NA,NA,NA,NA,NA,NA,NA,NA,NA,NA,NA,NA,NA,NA,NA,NA,NA,NA,NA,NA,NA,NA,NA,NA,NA,NA
Lucas Krull,TE,DEN,NA,NA,0.45,4.8,NA,NA,0.03,NA,1.11,NA,2569092,NFL,15970,NA,NA,NA,NA,NA,NA,NA,NA,NA,NA,NA,NA,NA,NA,NA,NA,NA,NA,NA,NA,NA,NA,NA,NA,NA,NA,NA,NA,NA,NA,NA,NA,NA,NA,NA,NA,NA
Will Mallory,TE,IND,NA,NA,0.42,4.52,NA,NA,0.04,NA,1.11,NA,2569849,NFL,16220,NA,NA,NA,NA,NA,NA,NA,NA,NA,NA,NA,NA,NA,NA,NA,NA,NA,NA,NA,NA,NA,NA,NA,NA,NA,NA,NA,NA,NA,NA,NA,NA,NA,NA,NA,NA,NA
